{
  "type": "FeatureCollection",
  "name": "anac_aip_zones",
  "generated": "2026-06-06T09:03:56.043746Z",
  "note": "Parsed from ANAC Argentina AIP. Verify against current AIRAC.",
  "features": [
    {
      "type": "Feature",
      "properties": {
        "id": "anac_tma_baires",
        "name": "TMA BAIRES",
        "categoryId": "controlled_airspace",
        "latitude": -34.99431480606995,
        "longitude": -58.831854433178194,
        "radiusMeters": 192703.10442308095,
        "allowedPermissionIds": [
          "authorized_commercial",
          "special_permit"
        ],
        "details": "Terminal Manoeuvring Area Buenos Aires. Class C. Vuelo de drones requiere autorización de Ezeiza Control.",
        "source": "ANAC AIP",
        "lowerLimitMetersMsl": 1371.6,
        "upperLimitMetersMsl": 7467.6
      },
      "geometry": {
        "type": "Polygon",
        "coordinates": [
          [
            [
              -58.45888888888889,
              -33.907777777777774
            ],
            [
              -58.400555555555556,
              -33.99944444444444
            ],
            [
              -57.83388888888889,
              -34.58277777777778
            ],
            [
              -57.10055555555556,
              -34.882777777777775
            ],
            [
              -56.717222222222226,
              -35.066111111111105
            ],
            [
              -57.467222222222226,
              -35.066111111111105
            ],
            [
              -57.458079370963674,
              -35.06813576711229
            ],
            [
              -57.460671021886355,
              -35.07584289004335
            ],
            [
              -57.4633452413571,
              -35.083531154423355
            ],
            [
              -57.46610184730713,
              -35.09119996948481
            ],
            [
              -57.46894065117465,
              -35.09884874578601
            ],
            [
              -57.47186145791272,
              -35.106476895257465
            ],
            [
              -57.47486406599705,
              -35.11408383124838
            ],
            [
              -57.47794826743484,
              -35.12166896857286
            ],
            [
              -57.481113847774054,
              -35.129231723556316
            ],
            [
              -57.48436058611287,
              -35.13677151408154
            ],
            [
              -57.487688255110356,
              -35.144287759634906
            ],
            [
              -57.491096620996984,
              -35.15177988135243
            ],
            [
              -57.494585443586516,
              -35.15924730206571
            ],
            [
              -57.498154476287596,
              -35.16668944634784
            ],
            [
              -57.50180346611677,
              -35.174105740559206
            ],
            [
              -57.50553215371116,
              -35.18149561289323
            ],
            [
              -57.50934027334256,
              -35.18885849342198
            ],
            [
              -57.51322755293154,
              -35.19619381414165
            ],
            [
              -57.51719371406233,
              -35.20350100901807
            ],
            [
              -57.521238471998345,
              -35.21077951403193
            ],
            [
              -57.52536153569804,
              -35.21802876722402
            ],
            [
              -57.52956260783162,
              -35.225248208740354
            ],
            [
              -57.53384138479811,
              -35.23243728087706
            ],
            [
              -57.53819755674317,
              -35.239595428125256
            ],
            [
              -57.542630807577154,
              -35.24672209721584
            ],
            [
              -57.547140814994464,
              -35.253816737163945
            ],
            [
              -57.55172725049238,
              -35.260878799313474
            ],
            [
              -57.55638977939168,
              -35.26790773738141
            ],
            [
              -57.5611280608569,
              -35.27490300750192
            ],
            [
              -57.56594174791758,
              -35.28186406827045
            ],
            [
              -57.57083048749007,
              -35.288790380787546
            ],
            [
              -57.57579392039986,
              -35.29568140870256
            ],
            [
              -57.580831681404504,
              -35.302536618257214
            ],
            [
              -57.58594339921706,
              -35.309355478328975
            ],
            [
              -57.59112869653035,
              -35.31613746047429
            ],
            [
              -57.596387190041185,
              -35.3228820389716
            ],
            [
              -57.60171849047617,
              -35.3295886908642
            ],
            [
              -57.607122202617006,
              -35.33625689600298
            ],
            [
              -57.61259792532712,
              -35.342886137088854
            ],
            [
              -57.618145251578596,
              -35.34947589971511
            ],
            [
              -57.62376376847965,
              -35.35602567240951
            ],
            [
              -57.629453057302726,
              -35.362534946676206
            ],
            [
              -57.63521269351321,
              -35.369003217037495
            ],
            [
              -57.64104224679869,
              -35.37542998107525
            ],
            [
              -57.64694128109875,
              -35.381814739472304
            ],
            [
              -57.6529093546352,
              -35.388156996053496
            ],
            [
              -57.65894601994336,
              -35.39445625782652
            ],
            [
              -57.66505082390336,
              -35.400712035022615
            ],
            [
              -57.671223307772266,
              -35.40692384113697
            ],
            [
              -57.67746300721666,
              -35.41309119296889
            ],
            [
              -57.68376945234604,
              -35.41921361066177
            ],
            [
              -57.690142167746444,
              -35.42529061774282
            ],
            [
              -57.696580672514926,
              -35.43132174116251
            ],
            [
              -57.70308448029425,
              -35.43730651133384
            ],
            [
              -57.70965309930858,
              -35.44324446217126
            ],
            [
              -57.71628603239935,
              -35.449135131129445
            ],
            [
              -57.7229827770617,
              -35.454978059241725
            ],
            [
              -57.72974282548205,
              -35.46077279115831
            ],
            [
              -57.73656566457515,
              -35.466518875184214
            ],
            [
              -57.74345077602271,
              -35.47221586331688
            ],
            [
              -57.75039763631207,
              -35.47786331128364
            ],
            [
              -57.75740571677534,
              -35.48346077857879
            ],
            [
              -57.76447448362944,
              -35.489007828500405
            ],
            [
              -57.77160339801628,
              -35.494504028186896
            ],
            [
              -57.77879191604376,
              -35.4999489486533
            ],
            [
              -57.78603948882716,
              -35.50534216482715
            ],
            [
              -57.79334556253116,
              -35.51068325558423
            ],
            [
              -57.80070957841218,
              -35.51597180378388
            ],
            [
              -57.80813097286159,
              -35.52120739630407
            ],
            [
              -57.815609177449005,
              -35.526389624076145
            ],
            [
              -57.82314361896647,
              -35.53151808211925
            ],
            [
              -57.830733719472846,
              -35.53659236957446
            ],
            [
              -57.83837889633912,
              -35.54161208973855
            ],
            [
              -57.846078562293656,
              -35.54657685009753
            ],
            [
              -57.853832125468614,
              -35.55148626235971
            ],
            [
              -57.86163898944608,
              -35.55633994248859
            ],
            [
              -57.869498553305334,
              -35.561137510735264
            ],
            [
              -57.877410211670565,
              -35.56587859167064
            ],
            [
              -57.88537335475843,
              -35.570562814217205
            ],
            [
              -57.89338736842706,
              -35.575189811680445
            ],
            [
              -57.90145163422466,
              -35.57975922178002
            ],
            [
              -57.90956552943908,
              -35.58427068668049
            ],
            [
              -57.917728427147836,
              -35.588723853021705
            ],
            [
              -57.92593969626836,
              -35.59311837194883
            ],
            [
              -57.934198701608864,
              -35.597453899142096
            ],
            [
              -57.942504803919576,
              -35.601730094846026
            ],
            [
              -57.950857359944735,
              -35.60594662389842
            ],
            [
              -57.95925572247444,
              -35.61010315575894
            ],
            [
              -57.96769924039751,
              -35.614199364537306
            ],
            [
              -57.97618725875441,
              -35.61823492902106
            ],
            [
              -57.98471911879085,
              -35.622209532703096
            ],
            [
              -57.99329415801168,
              -35.62612286380862
            ],
            [
              -58.00191171023505,
              -35.629974615321885
            ],
            [
              -58.01057110564744,
              -35.63376448501243
            ],
            [
              -58.01927167085876,
              -35.637492175460956
            ],
            [
              -58.028012728957606,
              -35.64115739408487
            ],
            [
              -58.03679359956766,
              -35.64475985316326
            ],
            [
              -58.045613598903685,
              -35.648299269861674
            ],
            [
              -58.05447203982851,
              -35.65177536625638
            ],
            [
              -58.063368231909976,
              -35.65518786935818
            ],
            [
              -58.072301481478576,
              -35.65853651113592
            ],
            [
              -58.08127109168515,
              -35.661821028539535
            ],
            [
              -58.09027636255928,
              -35.665041163522645
            ],
            [
              -58.09931659106769,
              -35.66819666306479
            ],
            [
              -58.10839107117346,
              -35.67128727919321
            ],
            [
              -58.11749909389488,
              -35.674312769004196
            ],
            [
              -58.12663994736545,
              -35.67727289468405
            ],
            [
              -58.135812916893656,
              -35.68016742352961
            ],
            [
              -58.14501728502324,
              -35.682996127968245
            ],
            [
              -58.15425233159385,
              -35.685758785577605
            ],
            [
              -58.16351733380179,
              -35.688455179104764
            ],
            [
              -58.172811566261544,
              -35.69108509648502
            ],
            [
              -58.18213430106681,
              -35.69364833086017
            ],
            [
              -58.19148480785282,
              -35.696144680596475
            ],
            [
              -58.20086235385793,
              -35.69857394930207
            ],
            [
              -58.210266203986464,
              -35.70093594584394
            ],
            [
              -58.21969562087088,
              -35.703230484364475
            ],
            [
              -58.22914986493504,
              -35.705457384297596
            ],
            [
              -58.23862819445708,
              -35.70761647038436
            ],
            [
              -58.24812986563302,
              -35.709707572688195
            ],
            [
              -58.257654132640425,
              -35.711730526609564
            ],
            [
              -58.267200247701965,
              -35.71368517290033
            ],
            [
              -58.27676746115003,
              -35.71557135767749
            ],
            [
              -58.286355021490635,
              -35.717388932436585
            ],
            [
              -58.29596217546816,
              -35.71913775406456
            ],
            [
              -58.30558816813004,
              -35.720817684852214
            ],
            [
              -58.315232242891966,
              -35.72242859250615
            ],
            [
              -58.3248936416025,
              -35.723970350160265
            ],
            [
              -58.33457160460898,
              -35.725442836386776
            ],
            [
              -58.344265370822654,
              -35.7268459352068
            ],
            [
              -58.353974177784494,
              -35.72817953610041
            ],
            [
              -58.36369726173115,
              -35.72944353401626
            ],
            [
              -58.37343385766053,
              -35.73063782938071
            ],
            [
              -58.383183199398445,
              -35.7317623281065
            ],
            [
              -58.39294451966458,
              -35.73281694160096
            ],
            [
              -58.40271705013902,
              -35.733801586773666
            ],
            [
              -58.41250002152873,
              -35.73471618604373
            ],
            [
              -58.422292663634096,
              -35.73556066734654
            ],
            [
              -58.43209420541592,
              -35.736334964139985
            ],
            [
              -58.44190387506217,
              -35.73703901541034
            ],
            [
              -58.45172090005468,
              -35.73767276567751
            ],
            [
              -58.46154450723668,
              -35.73823616499987
            ],
            [
              -58.471373922879366,
              -35.738729168978665
            ],
            [
              -58.48120837274945,
              -35.73915173876184
            ],
            [
              -58.49104708217624,
              -35.7395038410474
            ],
            [
              -58.50088927611898,
              -35.73978544808639
            ],
            [
              -58.51073417923391,
              -35.73999653768523
            ],
            [
              -58.520581015942184,
              -35.7401370932077
            ],
            [
              -58.53042901049662,
              -35.74020710357638
            ],
            [
              -58.540277387049684,
              -35.74020656327362
            ],
            [
              -58.55012536972043,
              -35.74013547234198
            ],
            [
              -58.55997218266231,
              -35.7399938363843
            ],
            [
              -58.56981705013027,
              -35.739781666563154
            ],
            [
              -58.57965919654839,
              -35.73949897959989
            ],
            [
              -58.589497846577274,
              -35.73914579777316
            ],
            [
              -58.59933222518117,
              -35.73872214891704
            ],
            [
              -58.60916155769564,
              -35.73822806641852
            ],
            [
              -58.61898506989462,
              -35.737663589214655
            ],
            [
              -58.628801988057546,
              -35.737028761789134
            ],
            [
              -58.6386115390369,
              -35.73632363416843
            ],
            [
              -58.64841295032488,
              -35.73554826191743
            ],
            [
              -58.658205450120704,
              -35.7347027061346
            ],
            [
              -58.66798826739762,
              -35.73378703344665
            ],
            [
              -58.67776063196936,
              -35.73280131600275
            ],
            [
              -58.6875217745573,
              -35.731745631468236
            ],
            [
              -58.6972709268569,
              -35.73062006301784
            ],
            [
              -58.70700732160435,
              -35.729424699328476
            ],
            [
              -58.71673019264284,
              -35.728159634571476
            ],
            [
              -58.72643877498888,
              -35.72682496840445
            ],
            [
              -58.73613230489849,
              -35.72542080596257
            ],
            [
              -58.745810019933174,
              -35.72394725784947
            ],
            [
              -58.75547115902566,
              -35.72240444012755
            ],
            [
              -58.76511496254574,
              -35.72079247430798
            ],
            [
              -58.774740672365624,
              -35.71911148734006
            ],
            [
              -58.78434753192539,
              -35.71736161160023
            ],
            [
              -58.793934786297996,
              -35.71554298488058
            ],
            [
              -58.80350168225431,
              -35.713655750376795
            ],
            [
              -58.813047468327966,
              -35.711700056675845
            ],
            [
              -58.82257139487956,
              -35.70967605774299
            ],
            [
              -58.83207271416154,
              -35.70758391290845
            ],
            [
              -58.8415506803816,
              -35.70542378685359
            ],
            [
              -58.85100454976737,
              -35.70319584959665
            ],
            [
              -58.86043358062926,
              -35.70090027647797
            ],
            [
              -58.869837033424574,
              -35.69853724814478
            ],
            [
              -58.87921417082009,
              -35.69610695053562
            ],
            [
              -58.88856425775532,
              -35.69360957486418
            ],
            [
              -58.897886561505004,
              -35.69104531760273
            ],
            [
              -58.907180351741374,
              -35.68841438046519
            ],
            [
              -58.91644490059639,
              -35.68571697038961
            ],
            [
              -58.92567948272364,
              -35.682953299520314
            ],
            [
              -58.93488337535939,
              -35.680123585189556
            ],
            [
              -58.94405585838433,
              -35.67722804989871
            ],
            [
              -58.95319621438398,
              -35.67426692129912
            ],
            [
              -58.962303728709685,
              -35.67124043217241
            ],
            [
              -58.97137768953871,
              -35.66814882041038
            ],
            [
              -58.98041738793398,
              -35.66499232899452
            ],
            [
              -58.989422117904155,
              -35.66177120597509
            ],
            [
              -58.998391176462405,
              -35.658485704449696
            ],
            [
              -59.007323863685656,
              -35.6551360825415
            ],
            [
              -59.01621948277307,
              -35.65172260337706
            ],
            [
              -59.02507734010425,
              -35.648245535063644
            ],
            [
              -59.033896745297056,
              -35.64470515066616
            ],
            [
              -59.042677011265255,
              -35.6411017281838
            ],
            [
              -59.051417454275395,
              -35.63743555052603
            ],
            [
              -59.060117394003726,
              -35.63370690548836
            ],
            [
              -59.06877615359258,
              -35.62991608572772
            ],
            [
              -59.07739305970597,
              -35.62606338873727
            ],
            [
              -59.08596744258574,
              -35.62214911682095
            ],
            [
              -59.09449863610598,
              -35.61817357706762
            ],
            [
              -59.10298597782861,
              -35.61413708132472
            ],
            [
              -59.11142880905686,
              -35.61003994617169
            ],
            [
              -59.11982647488992,
              -35.60588249289278
            ],
            [
              -59.12817832427578,
              -35.60166504744975
            ],
            [
              -59.13648371006485,
              -35.59738794045393
            ],
            [
              -59.144741989062254,
              -35.59305150713807
            ],
            [
              -59.15295252208,
              -35.58865608732779
            ],
            [
              -59.16111467398889,
              -35.58420202541256
            ],
            [
              -59.16922781376968,
              -35.57968967031642
            ],
            [
              -59.17729131456389,
              -35.57511937546829
            ],
            [
              -59.18530455372439,
              -35.57049149877194
            ],
            [
              -59.193266912865056,
              -35.56580640257556
            ],
            [
              -59.201177777910175,
              -35.56106445364101
            ],
            [
              -59.209036539143824,
              -35.55626602311269
            ],
            [
              -59.21684259125789,
              -35.551411486486124
            ],
            [
              -59.224595333400316,
              -35.546501223576094
            ],
            [
              -59.23229416922254,
              -35.54153561848455
            ],
            [
              -59.23993850692676,
              -35.536515059568096
            ],
            [
              -59.247527759312106,
              -35.53143993940513
            ],
            [
              -59.25506134382101,
              -35.52631065476279
            ],
            [
              -59.26253868258448,
              -35.5211276065634
            ],
            [
              -59.26995920246742,
              -35.51589119985064
            ],
            [
              -59.27732233511301,
              -35.51060184375555
            ],
            [
              -59.284627516986745,
              -35.50525995146197
            ],
            [
              -59.29187418941996,
              -35.49986594017183
            ],
            [
              -59.29906179865276,
              -35.4944202310701
            ],
            [
              -59.306189795876605,
              -35.488923249289414
            ],
            [
              -59.31325763727625,
              -35.48337542387441
            ],
            [
              -59.32026478407096,
              -35.477777187745765
            ],
            [
              -59.3272107025557,
              -35.472128977663935
            ],
            [
              -59.33409486414132,
              -35.466431234192605
            ],
            [
              -59.34091674539434,
              -35.460684401661865
            ],
            [
              -59.34767582807632,
              -35.454888928131076
            ],
            [
              -59.35437159918263,
              -35.44904526535151
            ],
            [
              -59.36100355098051,
              -35.44315386872864
            ],
            [
              -59.3675711810468,
              -35.43721519728424
            ],
            [
              -59.374073992305114,
              -35.43122971361815
            ],
            [
              -59.38051149306233,
              -35.425197883869835
            ],
            [
              -59.38688319704448,
              -35.41912017767964
            ],
            [
              -59.39318862343242,
              -35.41299706814979
            ],
            [
              -59.39942729689653,
              -35.40682903180523
            ],
            [
              -59.40559874763119,
              -35.40061654855409
            ],
            [
              -59.41170251138834,
              -35.394360101647955
            ],
            [
              -59.41773812951101,
              -35.38806017764193
            ],
            [
              -59.42370514896561,
              -35.38171726635448
            ],
            [
              -59.42960312237426,
              -35.375331860826954
            ],
            [
              -59.435431608046315,
              -35.36890445728292
            ],
            [
              -59.44119017000901,
              -35.36243555508741
            ],
            [
              -59.446878378038264,
              -35.35592565670567
            ],
            [
              -59.45249580768814,
              -35.349375267661976
            ],
            [
              -59.45804204032032,
              -35.342784896498074
            ],
            [
              -59.463516663132566,
              -35.33615505473145
            ],
            [
              -59.46891926918704,
              -35.329486256813446
            ],
            [
              -59.474249457437566,
              -35.32277902008712
            ],
            [
              -59.47950683275678,
              -35.3160338647449
            ],
            [
              -59.48469100596242,
              -35.30925131378618
            ],
            [
              -59.489801593843026,
              -35.302431892974504
            ],
            [
              -59.494838219183464,
              -35.29557613079481
            ],
            [
              -59.49980051078916,
              -35.28868455841031
            ],
            [
              -59.504688103510375,
              -35.28175770961933
            ],
            [
              -59.50950063826582,
              -35.27479612081186
            ],
            [
              -59.51423776206525,
              -35.267800330926086
            ],
            [
              -59.51889912803205,
              -35.260770881404575
            ],
            [
              -59.52348439542487,
              -35.253708316150515
            ],
            [
              -59.52799322965882,
              -35.2466131814836
            ],
            [
              -59.5324253023262,
              -35.239486026095946
            ],
            [
              -59.536780291216246,
              -35.232327401007716
            ],
            [
              -59.54105788033479,
              -35.22513785952269
            ],
            [
              -59.54525775992312,
              -35.21791795718369
            ],
            [
              -59.54937962647614,
              -35.210668251727846
            ],
            [
              -59.5534231827603,
              -35.20338930304173
            ],
            [
              -59.55738813783046,
              -35.19608167311647
            ],
            [
              -59.56127420704672,
              -35.18874592600255
            ],
            [
              -59.5650811120903,
              -35.18138262776467
            ],
            [
              -59.568808580978896,
              -35.173992346436435
            ],
            [
              -59.57245634808169,
              -35.1665756519749
            ],
            [
              -59.57602415413345,
              -35.15913311621508
            ],
            [
              -59.57951174624844,
              -35.151665312824285
            ],
            [
              -59.58291887793342,
              -35.14417281725645
            ],
            [
              -59.58624530910026,
              -35.136656206706284
            ],
            [
              -59.58949080607789,
              -35.129116060063396
            ],
            [
              -59.59265514162388,
              -35.121552957866335
            ],
            [
              -59.59573809493514,
              -35.11396748225647
            ],
            [
              -59.598739451658446,
              -35.106360216931925
            ],
            [
              -59.60165900390001,
              -35.09873174710137
            ],
            [
              -59.60449655023473,
              -35.09108265943767
            ],
            [
              -59.60725189571497,
              -35.083413542031685
            ],
            [
              -59.60992485187825,
              -35.075724984345776
            ],
            [
              -59.61251523675537,
              -35.0680175771674
            ],
            [
              -59.61502287487673,
              -35.060291912562626
            ],
            [
              -59.61744759727935,
              -35.05254858382955
            ],
            [
              -59.619789241512194,
              -35.04478818545175
            ],
            [
              -59.62204765164205,
              -35.03701131305164
            ],
            [
              -59.62422267825775,
              -35.02921856334385
            ],
            [
              -59.62631417847484,
              -35.02141053408847
            ],
            [
              -59.628322015939034,
              -35.013587824044365
            ],
            [
              -59.630246060829506,
              -35.005751032922426
            ],
            [
              -59.63208618986141,
              -34.99790076133886
            ],
            [
              -59.63384228628797,
              -34.990037610768326
            ],
            [
              -59.635514239902136,
              -34.98216218349719
            ],
            [
              -59.63710194703731,
              -34.97427508257674
            ],
            [
              -59.63860531056838,
              -34.96637691177635
            ],
            [
              -59.64002423991104,
              -34.9584682755367
            ],
            [
              -59.64135865102162,
              -34.95054977892296
            ],
            [
              -59.64260846639604,
              -34.94262202757802
            ],
            [
              -59.64377361506786,
              -34.93468562767566
            ],
            [
              -59.644854032606645,
              -34.92674118587383
            ],
            [
              -59.64584966111482,
              -34.91878930926786
            ],
            [
              -59.646760449224985,
              -34.91083060534375
            ],
            [
              -59.647586352095914,
              -34.902865681931466
            ],
            [
              -59.648327331408666,
              -34.89489514715823
            ],
            [
              -59.64898335536162,
              -34.886919609401914
            ],
            [
              -59.649554398665714,
              -34.87893967724439
            ],
            [
              -59.65004044253834,
              -34.87095595942498
            ],
            [
              -59.65044147469763,
              -34.86296906479395
            ],
            [
              -59.650757489355385,
              -34.85497960226596
            ],
            [
              -59.65098848721027,
              -34.8469881807737
            ],
            [
              -59.651134475440074,
              -34.83899540922147
            ],
            [
              -59.65119546769347,
              -34.83100189643884
            ],
            [
              -59.65117148408166,
              -34.82300825113446
            ],
            [
              -59.651062551169105,
              -34.815015081849765
            ],
            [
              -59.650868701964214,
              -34.8070229969129
            ],
            [
              -59.65058997590904,
              -34.79903260439262
            ],
            [
              -59.65022641886907,
              -34.791044512052345
            ],
            [
              -59.649778083122044,
              -34.78305932730419
            ],
            [
              -59.64924502734675,
              -34.775077657163166
            ],
            [
              -59.648627316611055,
              -34.767100108201426
            ],
            [
              -59.64792502235957,
              -34.75912728650257
            ],
            [
              -59.64713822240083,
              -34.751159797616104
            ],
            [
              -59.64626700089417,
              -34.74319824651194
            ],
            [
              -59.64531144833603,
              -34.73524323753499
            ],
            [
              -59.6442716615457,
              -34.72729537435994
            ],
            [
              -59.64314774365096,
              -34.719355259945985
            ],
            [
              -59.64193980407288,
              -34.711423496491804
            ],
            [
              -59.640647958510556,
              -34.70350068539055
            ],
            [
              -59.63927232892513,
              -34.69558742718503
            ],
            [
              -59.637813043523465,
              -34.68768432152292
            ],
            [
              -59.636270236741666,
              -34.67979196711217
            ],
            [
              -59.634644049227575,
              -34.67191096167647
            ],
            [
              -59.63293462782349,
              -34.664041901910856
            ],
            [
              -59.63114212554808,
              -34.65618538343751
            ],
            [
              -59.62926670157799,
              -34.64834200076158
            ],
            [
              -59.627308521229224,
              -34.64051234722717
            ],
            [
              -59.62526775593756,
              -34.632697014973544
            ],
            [
              -59.623144583239366,
              -34.62489659489132
            ],
            [
              -59.620939186751286,
              -34.61711167657898
            ],
            [
              -59.61865175615014,
              -34.60934284829935
            ],
            [
              -59.616282487151864,
              -34.60159069693636
            ],
            [
              -59.61383158149039,
              -34.593855807951876
            ],
            [
              -59.61129924689624,
              -34.586138765342724
            ],
            [
              -59.60868569707441,
              -34.57844015159785
            ],
            [
              -59.60599115168219,
              -34.57076054765561
            ],
            [
              -59.603215836306276,
              -34.56310053286132
            ],
            [
              -59.600359982439954,
              -34.55546068492485
            ],
            [
              -59.59742382745941,
              -34.547841579878444
            ],
            [
              -59.59440761460007,
              -34.54024379203468
            ],
            [
              -59.59131159293241,
              -34.532667893944684
            ],
            [
              -59.58813601733749,
              -34.52511445635635
            ],
            [
              -59.58488114848194,
              -34.51758404817295
            ],
            [
              -59.581547252792745,
              -34.510077236411696
            ],
            [
              -59.57813460243182,
              -34.50259458616271
            ],
            [
              -59.574643475269966,
              -34.49513666054796
            ],
            [
              -59.57107415486058,
              -34.48770402068057
            ],
            [
              -59.56742693041309,
              -34.480297225624156
            ],
            [
              -59.56370209676601,
              -34.472916832352496
            ],
            [
              -59.55989995435965,
              -34.4655633957093
            ],
            [
              -59.556020809208576,
              -34.45823746836819
            ],
            [
              -59.55206497287361,
              -34.450939600792886
            ],
            [
              -59.54803276243348,
              -34.44367034119763
            ],
            [
              -59.54392450045651,
              -34.43643023550775
            ],
            [
              -59.539740514971584,
              -34.42921982732044
            ],
            [
              -59.53548113943884,
              -34.42203965786581
            ],
            [
              -59.531146712720385,
              -34.41489026596803
            ],
            [
              -59.526737579050234,
              -34.40777218800684
            ],
            [
              -59.5222540880045,
              -34.4006859578791
            ],
            [
              -59.517696594470635,
              -34.39363210696065
            ],
            [
              -59.51306545861695,
              -34.38661116406846
            ],
            [
              -59.508361045861534,
              -34.37962365542282
            ],
            [
              -59.50358372684093,
              -34.37267010460987
            ],
            [
              -59.498733877378584,
              -34.3657510325444
            ],
            [
              -59.49381187845307,
              -34.35886695743272
            ],
            [
              -59.488818116165646,
              -34.35201839473589
            ],
            [
              -59.483752981708164,
              -34.345205857133145
            ],
            [
              -59.47861687133013,
              -34.33842985448549
            ],
            [
              -59.473410186305955,
              -34.33169089379965
            ],
            [
              -59.4681333329014,
              -34.32498947919217
            ],
            [
              -59.462786722340354,
              -34.31832611185369
            ],
            [
              -59.457370770771035,
              -34.31170129001368
            ],
            [
              -59.451885899231684,
              -34.30511550890515
            ],
            [
              -59.44633253361661,
              -34.29856926072979
            ],
            [
              -59.44071110464159,
              -34.29206303462328
            ],
            [
              -59.43502204780884,
              -34.28559731662088
            ],
            [
              -59.429265803372346,
              -34.2791725896232
            ],
            [
              -59.42344281630221,
              -34.27278933336233
            ],
            [
              -59.4175535362495,
              -34.26644802436812
            ],
            [
              -59.41159841751016,
              -34.26014913593477
            ],
            [
              -59.40557791898925,
              -34.25389313808765
            ],
            [
              -59.39949250416464,
              -34.24768049755042
            ],
            [
              -59.393342641050424,
              -34.24151167771235
            ],
            [
              -59.38712880216059,
              -34.23538713859592
            ],
            [
              -59.38085146447173,
              -34.229307336824725
            ],
            [
              -59.374511109386106,
              -34.22327272559159
            ],
            [
              -59.368108222694275,
              -34.217283754626955
            ],
            [
              -59.3616432945376,
              -34.21134087016756
            ],
            [
              -59.35511681937038,
              -34.205444514925404
            ],
            [
              -59.34852929592182,
              -34.199595128056885
            ],
            [
              -59.34188122715807,
              -34.19379314513235
            ],
            [
              -59.33517312024361,
              -34.188038998105796
            ],
            [
              -59.328405486502675,
              -34.18233311528491
            ],
            [
              -59.321578841380756,
              -34.176675921301374
            ],
            [
              -59.31469370440516,
              -34.17106783708148
            ],
            [
              -59.307750599146175,
              -34.165509279816874
            ],
            [
              -59.30075005317758,
              -34.160000662935836
            ],
            [
              -59.293692598037126,
              -34.154542396074596
            ],
            [
              -59.28657876918663,
              -34.1491348850491
            ],
            [
              -59.27940910597238,
              -34.143778531826946
            ],
            [
              -59.272184151584725,
              -34.1384737344997
            ],
            [
              -59.26490445301795,
              -34.13322088725542
            ],
            [
              -59.25757056102975,
              -34.12802038035155
            ],
            [
              -59.250183030100686,
              -34.122872600088
            ],
            [
              -59.24274241839328,
              -34.11777792878064
            ],
            [
              -59.235249287711156,
              -34.112736744734946
            ],
            [
              -59.227704203457904,
              -34.10774942222009
            ],
            [
              -59.220107734595615,
              -34.10281633144318
            ],
            [
              -59.212460453603796,
              -34.097937838523926
            ],
            [
              -59.20476293643736,
              -34.0931143054695
            ],
            [
              -59.19701576248508,
              -34.08834609014975
            ],
            [
              -59.18921951452779,
              -34.083633546272694
            ],
            [
              -59.181374778695954,
              -34.07897702336033
            ],
            [
              -59.173482144427965,
              -34.07437686672471
            ],
            [
              -59.1655422044272,
              -34.06983341744439
            ],
            [
              -59.15755555462022,
              -34.065347012341086
            ],
            [
              -59.14952279411341,
              -34.0609179839567
            ],
            [
              -59.141444525150746,
              -34.05654666053066
            ],
            [
              -59.1333213530707,
              -34.05223336597751
            ],
            [
              -59.12515388626315,
              -34.04797841986487
            ],
            [
              -59.11694273612625,
              -34.043782137391624
            ],
            [
              -59.10868851702327,
              -34.039644829366566
            ],
            [
              -59.10039184623895,
              -34.03556680218715
            ],
            [
              -59.09205334393596,
              -34.03154835781872
            ],
            [
              -59.08367363311157,
              -34.02758979377399
            ],
            [
              -59.0752533395534,
              -34.023691403092826
            ],
            [
              -59.06679309179577,
              -34.01985347432236
            ],
            [
              -59.05829352107571,
              -34.01607629149741
            ],
            [
              -59.049755261288794,
              -34.01236013412126
            ],
            [
              -59.04117894894472,
              -34.00870527714665
            ],
            [
              -59.032565223123186,
              -34.005111990957204
            ],
            [
              -59.023914725429336,
              -34.001580541349114
            ],
            [
              -59.0152280999493,
              -33.99811118951313
            ],
            [
              -59.00650599320534,
              -33.994704192016904
            ],
            [
              -58.99774905411124,
              -33.99135980078768
            ],
            [
              -58.98895793392734,
              -33.9880782630952
            ],
            [
              -58.98013328621579,
              -33.98485982153505
            ],
            [
              -58.971275766795316,
              -33.98170471401229
            ],
            [
              -58.962386033695964,
              -33.97861317372532
            ],
            [
              -58.9534647471142,
              -33.97558542915026
            ],
            [
              -58.944512569367475,
              -33.97262170402543
            ],
            [
              -58.93553016484867,
              -33.96972221733635
            ],
            [
              -58.926518199980706,
              -33.96688718330094
            ],
            [
              -58.91747734317113,
              -33.964116811355126
            ],
            [
              -58.908408264766194,
              -33.96141130613867
            ],
            [
              -58.89931163700538,
              -33.95877086748148
            ],
            [
              -58.890188133975585,
              -33.95619569039011
            ],
            [
              -58.881038431564946,
              -33.953685965034666
            ],
            [
              -58.871863207417334,
              -33.951241876735985
            ],
            [
              -58.862663140886184,
              -33.94886360595323
            ],
            [
              -58.85343891298817,
              -33.94655132827173
            ],
            [
              -58.84419120635749,
              -33.94430521439117
            ],
            [
              -58.83492070519941,
              -33.9421254301142
            ],
            [
              -58.82562809524393,
              -33.94001213633519
            ],
            [
              -58.81631406369979,
              -33.93796548902954
            ],
            [
              -58.80697929920768,
              -33.93598563924315
            ],
            [
              -58.79762449179418,
              -33.9340727330823
            ],
            [
              -58.78825033282493,
              -33.932226911703864
            ],
            [
              -58.77885751495836,
              -33.93044831130586
            ],
            [
              -58.76944673209897,
              -33.92873706311826
            ],
            [
              -58.76001867935071,
              -33.927093293394265
            ],
            [
              -58.75057405297025,
              -33.92551712340178
            ],
            [
              -58.74111355032045,
              -33.92400866941539
            ],
            [
              -58.73163786982326,
              -33.92256804270847
            ],
            [
              -58.72214771091319,
              -33.921195349545755
            ],
            [
              -58.71264377399035,
              -33.91989069117628
            ],
            [
              -58.70312676037361,
              -33.918654163826574
            ],
            [
              -58.693597372253464,
              -33.917485858694164
            ],
            [
              -58.684056312645396,
              -33.91638586194159
            ],
            [
              -58.67450428534278,
              -33.91535425469053
            ],
            [
              -58.66494199486971,
              -33.91439111301643
            ],
            [
              -58.65537014643411,
              -33.913496507943414
            ],
            [
              -58.645789445880666,
              -33.9126705054395
            ],
            [
              -58.636200599643644,
              -33.91191316641224
            ],
            [
              -58.62660431469976,
              -33.91122454670462
            ],
            [
              -58.6170012985213,
              -33.91060469709129
            ],
            [
              -58.607392259028586,
              -33.910053663275264
            ],
            [
              -58.59777790454302,
              -33.90957148588476
            ],
            [
              -58.58815894373993,
              -33.90915820047058
            ],
            [
              -58.57853608560117,
              -33.90881383750364
            ],
            [
              -58.56891003936818,
              -33.90853842237301
            ],
            [
              -58.559281514494444,
              -33.908331975384215
            ],
            [
              -58.549651220598605,
              -33.908194511757785
            ],
            [
              -58.54001986741696,
              -33.908126041628364
            ],
            [
              -58.53038816475629,
              -33.90812657004394
            ],
            [
              -58.520756822446685,
              -33.90819609696556
            ],
            [
              -58.51112655029431,
              -33.90833461726732
            ],
            [
              -58.50149805803386,
              -33.908542120736676
            ],
            [
              -58.49187205528193,
              -33.90881859207518
            ],
            [
              -58.482249251489066,
              -33.90916401089945
            ],
            [
              -58.4726303558931,
              -33.909578351742596
            ],
            [
              -58.463016077471536,
              -33.91006158405583
            ],
            [
              -58.45909508868266,
              -33.910278514272854
            ],
            [
              -58.45888888888889,
              -33.907777777777774
            ]
          ]
        ]
      }
    },
    {
      "type": "Feature",
      "properties": {
        "id": "anac_ctr_saez",
        "name": "CTR EZEIZA",
        "categoryId": "controlled_airspace",
        "latitude": -35.008022336375994,
        "longitude": -58.60093548105025,
        "radiusMeters": 45255.99099485229,
        "allowedPermissionIds": [
          "authorized_commercial",
          "special_permit"
        ],
        "details": "CTR Aeropuerto Internacional Ezeiza (SAEZ). Clase D. Drones prohibidos sin autorización expresa de ANAC y del aeródromo.",
        "source": "ANAC AIP",
        "lowerLimitMetersAgl": 0.0,
        "upperLimitMetersMsl": 1676.4
      },
      "geometry": {
        "type": "Polygon",
        "coordinates": [
          [
            [
              -58.467222222222226,
              -34.61611111111111
            ],
            [
              -58.13388888888889,
              -34.882777777777775
            ],
            [
              -58.13563127773011,
              -34.88252638206906
            ],
            [
              -58.13626039019465,
              -34.88538710223953
            ],
            [
              -58.13691995606325,
              -34.888243206592136
            ],
            [
              -58.13760992817163,
              -34.89109447713791
            ],
            [
              -58.13833025701928,
              -34.89394069623409
            ],
            [
              -58.13908089077245,
              -34.89678164660077
            ],
            [
              -58.13986177526715,
              -34.899617111337705
            ],
            [
              -58.14067285401205,
              -34.902446873940896
            ],
            [
              -58.14151406819235,
              -34.90527071831932
            ],
            [
              -58.14238535667306,
              -34.90808842881152
            ],
            [
              -58.143286656002715,
              -34.9108997902022
            ],
            [
              -58.1442179004174,
              -34.91370458773886
            ],
            [
              -58.145179021844854,
              -34.91650260714828
            ],
            [
              -58.14616994990894,
              -34.91929363465308
            ],
            [
              -58.14719061193375,
              -34.92207745698819
            ],
            [
              -58.148240932948625,
              -34.92485386141731
            ],
            [
              -58.14932083569283,
              -34.927622635749344
            ],
            [
              -58.15043024062061,
              -34.930383568354756
            ],
            [
              -58.15156906590653,
              -34.93313644818194
            ],
            [
              -58.1527372274507,
              -34.93588106477353
            ],
            [
              -58.15393463888455,
              -34.93861720828266
            ],
            [
              -58.1551612115764,
              -34.94134466948921
            ],
            [
              -58.15641685463754,
              -34.944063239815975
            ],
            [
              -58.157701474928444,
              -34.94677271134484
            ],
            [
              -58.159014977064885,
              -34.94947287683285
            ],
            [
              -58.160357263424544,
              -34.95216352972828
            ],
            [
              -58.16172823415377,
              -34.95484446418664
            ],
            [
              -58.163127787174176,
              -34.957515475086666
            ],
            [
              -58.16455581819014,
              -34.960176358046134
            ],
            [
              -58.16601222069556,
              -34.96282690943786
            ],
            [
              -58.16749688598151,
              -34.96546692640537
            ],
            [
              -58.16900970314384,
              -34.96809620687877
            ],
            [
              -58.17055055909083,
              -34.97071454959035
            ],
            [
              -58.17211933855123,
              -34.97332175409026
            ],
            [
              -58.17371592408233,
              -34.97591762076212
            ],
            [
              -58.17534019607825,
              -34.97850195083853
            ],
            [
              -58.17699203277863,
              -34.9810745464165
            ],
            [
              -58.17867131027697,
              -34.9836352104729
            ],
            [
              -58.180377902529585,
              -34.98618374687978
            ],
            [
              -58.182111681364916,
              -34.98871996041965
            ],
            [
              -58.18387251649216,
              -34.99124365680071
            ],
            [
              -58.185660275511225,
              -34.99375464267196
            ],
            [
              -58.18747482392183,
              -34.996252725638286
            ],
            [
              -58.18931602513351,
              -34.99873771427552
            ],
            [
              -58.19118374047531,
              -35.00120941814531
            ],
            [
              -58.19307782920606,
              -35.00366764781002
            ],
            [
              -58.194998148524405,
              -35.00611221484753
            ],
            [
              -58.19694455357933,
              -35.00854293186597
            ],
            [
              -58.19891689748084,
              -35.01095961251828
            ],
            [
              -58.2009150313105,
              -35.01336207151693
            ],
            [
              -58.2029388041326,
              -35.01575012464826
            ],
            [
              -58.20498806300503,
              -35.018123588786985
            ],
            [
              -58.20706265299066,
              -35.02048228191051
            ],
            [
              -58.2091624171689,
              -35.02282602311317
            ],
            [
              -58.21128719664705,
              -35.02515463262038
            ],
            [
              -58.213436830572164,
              -35.02746793180278
            ],
            [
              -58.21561115614327,
              -35.029765743190175
            ],
            [
              -58.217810008622905,
              -35.0320478904855
            ],
            [
              -58.22003322134998,
              -35.034314198578585
            ],
            [
              -58.22228062575175,
              -35.036564493559965
            ],
            [
              -58.22455205135674,
              -35.038798602734474
            ],
            [
              -58.226847325807285,
              -35.041016354634834
            ],
            [
              -58.22916627487257,
              -35.04321757903511
            ],
            [
              -58.23150872246157,
              -35.0454021069641
            ],
            [
              -58.23387449063648,
              -35.04756977071857
            ],
            [
              -58.236263399625955,
              -35.04972040387651
            ],
            [
              -58.2386752678388,
              -35.05185384131017
            ],
            [
              -58.24110991187757,
              -35.05396991919902
            ],
            [
              -58.24356714655244,
              -35.05606847504274
            ],
            [
              -58.24604678489533,
              -35.05814934767393
            ],
            [
              -58.24854863817387,
              -35.06021237727082
            ],
            [
              -58.251072515905946,
              -35.06225740536987
            ],
            [
              -58.25361822587416,
              -35.06428427487826
            ],
            [
              -58.25618557414032,
              -35.06629283008624
            ],
            [
              -58.25877436506022,
              -35.06828291667944
            ],
            [
              -58.261384401298756,
              -35.07025438175103
            ],
            [
              -58.264015483844844,
              -35.072207073813765
            ],
            [
              -58.26666741202661,
              -35.07414084281197
            ],
            [
              -58.26933998352689,
              -35.07605554013335
            ],
            [
              -58.272032994398614,
              -35.077951018620766
            ],
            [
              -58.27474623908046,
              -35.079827132583794
            ],
            [
              -58.27747951041283,
              -35.08168373781032
            ],
            [
              -58.280232599653345,
              -35.08352069157785
            ],
            [
              -58.28300529649357,
              -35.08533785266484
            ],
            [
              -58.28579738907456,
              -35.087135081361886
            ],
            [
              -58.288608664003505,
              -35.08891223948269
            ],
            [
              -58.29143890637033,
              -35.090669190375074
            ],
            [
              -58.294287899764015,
              -35.092405798931765
            ],
            [
              -58.297155426289635,
              -35.09412193160107
            ],
            [
              -58.300041266584856,
              -35.09581745639748
            ],
            [
              -58.30294519983727,
              -35.09749224291209
            ],
            [
              -58.305867003801495,
              -35.099146162322974
            ],
            [
              -58.308806454816136,
              -35.10077908740535
            ],
            [
              -58.31176332782155,
              -35.10239089254168
            ],
            [
              -58.31473739637704,
              -35.103981453731635
            ],
            [
              -58.317728432678564,
              -35.10555064860192
            ],
            [
              -58.32073620757677,
              -35.10709835641597
            ],
            [
              -58.32376049059434,
              -35.10862445808354
            ],
            [
              -58.32680104994432,
              -35.11012883617017
            ],
            [
              -58.32985765254824,
              -35.11161137490646
            ],
            [
              -58.33293006405421,
              -35.11307196019731
            ],
            [
              -58.33601804885507,
              -35.11451047963096
            ],
            [
              -58.33912137010731,
              -35.1159268224879
            ],
            [
              -58.34223978974916,
              -35.11732087974969
            ],
            [
              -58.34537306851945,
              -35.11869254410762
            ],
            [
              -58.348520965976434,
              -35.12004170997122
            ],
            [
              -58.35168324051642,
              -35.121368273476676
            ],
            [
              -58.35485964939312,
              -35.122672132495076
            ],
            [
              -58.358049948736266,
              -35.12395318664051
            ],
            [
              -58.36125389357119,
              -35.12521133727813
            ],
            [
              -58.36447123783785,
              -35.12644648753188
            ],
            [
              -58.36770173441039,
              -35.127658542292316
            ],
            [
              -58.37094513511636,
              -35.12884740822409
            ],
            [
              -58.37420119075648,
              -35.13001299377344
            ],
            [
              -58.37746965112433,
              -35.131155209175475
            ],
            [
              -58.38075026502588,
              -35.13227396646124
            ],
            [
              -58.38404278029958,
              -35.133369179464836
            ],
            [
              -58.38734694383601,
              -35.13444076383023
            ],
            [
              -58.39066250159806,
              -35.135488637017936
            ],
            [
              -58.39398919864101,
              -35.13651271831168
            ],
            [
              -58.39732677913264,
              -35.137512928824776
            ],
            [
              -58.400674986373645,
              -35.13848919150638
            ],
            [
              -58.40403356281763,
              -35.13944143114773
            ],
            [
              -58.407402250091934,
              -35.140369574388075
            ],
            [
              -58.41078078901768,
              -35.141273549720495
            ],
            [
              -58.4141689196307,
              -35.1421532874977
            ],
            [
              -58.41756638120194,
              -35.14300871993751
            ],
            [
              -58.420972912258264,
              -35.143839781128285
            ],
            [
              -58.42438825060316,
              -35.144646407034166
            ],
            [
              -58.42781213333751,
              -35.14542853550023
            ],
            [
              -58.43124429688055,
              -35.14618610625739
            ],
            [
              -58.43468447699098,
              -35.14691906092726
            ],
            [
              -58.438132408787624,
              -35.14762734302679
            ],
            [
              -58.441587826770785,
              -35.14831089797276
            ],
            [
              -58.44505046484318,
              -35.14896967308618
            ],
            [
              -58.44852005633135,
              -35.14960361759643
            ],
            [
              -58.45199633400671,
              -35.150212682645396
            ],
            [
              -58.455479030106744,
              -35.15079682129132
            ],
            [
              -58.45896787635667,
              -35.151355988512535
            ],
            [
              -58.4624626039905,
              -35.151890141211126
            ],
            [
              -58.46596294377264,
              -35.1523992382163
            ],
            [
              -58.469468626019136,
              -35.15288324028773
            ],
            [
              -58.47297938061962,
              -35.15334211011866
            ],
            [
              -58.476494937058305,
              -35.15377581233889
            ],
            [
              -58.480015024436,
              -35.154184313517625
            ],
            [
              -58.483539371491474,
              -35.154567582166116
            ],
            [
              -58.48706770662318,
              -35.15492558874019
            ],
            [
              -58.49059975791101,
              -35.15525830564262
            ],
            [
              -58.49413525313798,
              -35.155565707225314
            ],
            [
              -58.4976739198118,
              -35.15584776979136
            ],
            [
              -58.50121548518683,
              -35.15610447159696
            ],
            [
              -58.5047596762858,
              -35.15633579285313
            ],
            [
              -58.508306219921565,
              -35.156541715727286
            ],
            [
              -58.51185484271906,
              -35.1567222243447
            ],
            [
              -58.51540527113701,
              -35.1568773047897
            ],
            [
              -58.51895723148982,
              -35.15700694510691
            ],
            [
              -58.522510449969445,
              -35.157111135302024
            ],
            [
              -58.5260646526674,
              -35.157189867342794
            ],
            [
              -58.52961956559636,
              -35.15724313515952
            ],
            [
              -58.53317491471245,
              -35.15727093464565
            ],
            [
              -58.536730425936696,
              -35.15727326365802
            ],
            [
              -58.54028582517731,
              -35.157250122017096
            ],
            [
              -58.54384083835146,
              -35.15720151150692
            ],
            [
              -58.54739519140713,
              -35.157127435875026
            ],
            [
              -58.55094861034513,
              -35.157027900832134
            ],
            [
              -58.55450082124071,
              -35.15690291405163
            ],
            [
              -58.558051550265986,
              -35.156752485169044
            ],
            [
              -58.56160052371132,
              -35.1565766257812
            ],
            [
              -58.56514746800741,
              -35.156375349445355
            ],
            [
              -58.568692109747076,
              -35.156148671678075
            ],
            [
              -58.57223417570725,
              -35.15589660995397
            ],
            [
              -58.5757733928707,
              -35.15561918370438
            ],
            [
              -58.57930948844768,
              -35.15531641431574
            ],
            [
              -58.582842189897974,
              -35.15498832512792
            ],
            [
              -58.58637122495276,
              -35.15463494143232
            ],
            [
              -58.58989632163582,
              -35.15425629046989
            ],
            [
              -58.59341720828576,
              -35.15385240142892
            ],
            [
              -58.59693361357762,
              -35.15342330544272
            ],
            [
              -58.600445266544284,
              -35.152969035587155
            ],
            [
              -58.603951896598346,
              -35.15248962687793
            ],
            [
              -58.607453233553485,
              -35.15198511626787
            ],
            [
              -58.610949007646354,
              -35.15145554264395
            ],
            [
              -58.614438949557666,
              -35.150900946824144
            ],
            [
              -58.61792279043402,
              -35.150321371554206
            ],
            [
              -58.62140026190906,
              -35.149716861504245
            ],
            [
              -58.62487109612516,
              -35.149087463265175
            ],
            [
              -58.62833502575444,
              -35.14843322534493
            ],
            [
              -58.631791784020265,
              -35.14775419816468
            ],
            [
              -58.63524110471849,
              -35.14705043405472
            ],
            [
              -58.63868272223846,
              -35.14632198725036
            ],
            [
              -58.64211637158445,
              -35.14556891388755
            ],
            [
              -58.645541788396486,
              -35.144791271998415
            ],
            [
              -58.64895870897135,
              -35.14398912150661
            ],
            [
              -58.652366870283856,
              -35.14316252422257
            ],
            [
              -58.655766010007426,
              -35.14231154383855
            ],
            [
              -58.659155866535,
              -35.14143624592352
            ],
            [
              -58.66253617899997,
              -35.14053669791801
            ],
            [
              -58.66590668729668,
              -35.139612969128635
            ],
            [
              -58.6692671321012,
              -35.138665130722636
            ],
            [
              -58.67261725489175,
              -35.137693255722176
            ],
            [
              -58.67595679796955,
              -35.13669741899854
            ],
            [
              -58.67928550447857,
              -35.1356776972661
            ],
            [
              -58.6826031184267,
              -35.134634169076286
            ],
            [
              -58.685909384705326,
              -35.13356691481131
            ],
            [
              -58.68920404910983,
              -35.13247601667767
            ],
            [
              -58.69248685835976,
              -35.1313615586997
            ],
            [
              -58.695757560118636,
              -35.13022362671286
            ],
            [
              -58.69901590301413,
              -35.12906230835684
            ],
            [
              -58.70226163665751,
              -35.12787769306866
            ],
            [
              -58.70549451166397,
              -35.12666987207548
            ],
            [
              -58.70871427967188,
              -35.125438938387376
            ],
            [
              -58.71192069336246,
              -35.12418498678993
            ],
            [
              -58.71511350647927,
              -35.122908113836665
            ],
            [
              -58.718292473847725,
              -35.12160841784139
            ],
            [
              -58.721457351394236,
              -35.12028599887039
            ],
            [
              -58.72460789616548,
              -35.11894095873442
            ],
            [
              -58.72774386634734,
              -35.11757340098061
            ],
            [
              -58.73086502128422,
              -35.11618343088433
            ],
            [
              -58.73397112149763,
              -35.11477115544067
            ],
            [
              -58.73706192870509,
              -35.113336683356046
            ],
            [
              -58.740137205838835,
              -35.11188012503955
            ],
            [
              -58.743196717064336,
              -35.11040159259411
            ],
            [
              -58.746240227798694,
              -35.108901199807676
            ],
            [
              -58.74926750472923,
              -35.107379062144126
            ],
            [
              -58.752278315831404,
              -35.105835296734135
            ],
            [
              -58.755272430387095,
              -35.104270022365824
            ],
            [
              -58.758249619002754,
              -35.1026833594754
            ],
            [
              -58.761209653626906,
              -35.10107543013757
            ],
            [
              -58.76415230756834,
              -35.09944635805584
            ],
            [
              -58.767077355513436,
              -35.097796268552756
            ],
            [
              -58.769984573543866,
              -35.09612528855989
            ],
            [
              -58.772873739153965,
              -35.094433546607874
            ],
            [
              -58.77574463126791,
              -35.09272117281616
            ],
            [
              -58.77859703025706,
              -35.09098829888269
            ],
            [
              -58.78143071795671,
              -35.08923505807354
            ],
            [
              -58.784245477683385,
              -35.0874615852123
            ],
            [
              -58.78704109425115,
              -35.08566801666943
            ],
            [
              -58.7898173539885,
              -35.08385449035148
            ],
            [
              -58.792574044754815,
              -35.08202114569012
            ],
            [
              -58.795310955956836,
              -35.08016812363123
            ],
            [
              -58.79802787856465,
              -35.07829556662361
            ],
            [
              -58.80072460512798,
              -35.07640361860784
            ],
            [
              -58.80340092979202,
              -35.07449242500485
            ],
            [
              -58.8060566483133,
              -35.072562132704384
            ],
            [
              -58.80869155807545,
              -35.07061289005354
            ],
            [
              -58.811305458104584,
              -35.06864484684489
            ],
            [
              -58.81389814908471,
              -35.066658154304776
            ],
            [
              -58.81646943337307,
              -35.06465296508131
            ],
            [
              -58.81901911501524,
              -35.06262943323237
            ],
            [
              -58.82154699975979,
              -35.06058771421343
            ],
            [
              -58.824052895073635,
              -35.05852796486531
            ],
            [
              -58.826536610156154,
              -35.0564503434018
            ],
            [
              -58.82899795595398,
              -35.054355009397234
            ],
            [
              -58.83143674517527,
              -35.05224212377385
            ],
            [
              -58.833852792304015,
              -35.05011184878919
            ],
            [
              -58.83624591361388,
              -35.047964348023285
            ],
            [
              -58.83861592718233,
              -35.0457997863658
            ],
            [
              -58.84096265290418,
              -35.043618330003035
            ],
            [
              -58.84328591250534,
              -35.041420146404896
            ],
            [
              -58.84558552955605,
              -35.03920540431169
            ],
            [
              -58.84786132948432,
              -35.036974273720894
            ],
            [
              -58.85011313958904,
              -35.034726925873784
            ],
            [
              -58.852340789052676,
              -35.032463533241966
            ],
            [
              -58.854544108954485,
              -35.030184269513875
            ],
            [
              -58.85672293228265,
              -35.0278893095811
            ],
            [
              -58.85887709394723,
              -35.025578829524704
            ],
            [
              -58.861006430791974,
              -35.023253006601365
            ],
            [
              -58.863110781606906,
              -35.02091201922952
            ],
            [
              -58.86518998714001,
              -35.01855604697537
            ],
            [
              -58.86724389010908,
              -35.01618527053876
            ],
            [
              -58.869272335213395,
              -35.013799871739124
            ],
            [
              -58.87127516914529,
              -35.01140003350114
            ],
            [
              -58.87325224060112,
              -35.00898593984049
            ],
            [
              -58.87520340029283,
              -35.00655777584944
            ],
            [
              -58.877128500958634,
              -35.004115727682326
            ],
            [
              -58.87902739737376,
              -35.00165998254107
            ],
            [
              -58.88089994636141,
              -34.99919072866047
            ],
            [
              -58.88274600680273,
              -34.99670815529356
            ],
            [
              -58.88456543964753,
              -34.994212452696786
            ],
            [
              -58.886358107924025,
              -34.99170381211516
            ],
            [
              -58.88812387674898,
              -34.98918242576734
            ],
            [
              -58.88986261333753,
              -34.986648486830624
            ],
            [
              -58.89157418701251,
              -34.984102189425926
            ],
            [
              -58.89325846921395,
              -34.98154372860256
            ],
            [
              -58.89491533350838,
              -34.978973300323126
            ],
            [
              -58.89654465559795,
              -34.9763911014482
            ],
            [
              -58.89814631332899,
              -34.973797329720995
            ],
            [
              -58.899720186701074,
              -34.97119218375199
            ],
            [
              -58.90126615787517,
              -34.96857586300347
            ],
            [
              -58.90278411118243,
              -34.96594856777403
            ],
            [
              -58.90427393313195,
              -34.96331049918297
            ],
            [
              -58.9057355124188,
              -34.960661859154655
            ],
            [
              -58.90716873993216,
              -34.958002850402885
            ],
            [
              -58.908573508762515,
              -34.95533367641511
            ],
            [
              -58.909949714209404,
              -34.95265454143661
            ],
            [
              -58.911297253788405,
              -34.94996565045471
            ],
            [
              -58.91261602723853,
              -34.947267209182826
            ],
            [
              -58.91390593652898,
              -34.94455942404455
            ],
            [
              -58.91516688586563,
              -34.941842502157606
            ],
            [
              -58.916398781698035,
              -34.93911665131785
            ],
            [
              -58.917601532725314,
              -34.936382079983176
            ],
            [
              -58.918775049902706,
              -34.93363899725731
            ],
            [
              -58.91991924644719,
              -34.93088761287373
            ],
            [
              -58.921034037843754,
              -34.928128137179364
            ],
            [
              -58.92211934185042,
              -34.925360781118364
            ],
            [
              -58.92317507850419,
              -34.9225857562158
            ],
            [
              -58.924201170126196,
              -34.9198032745613
            ],
            [
              -58.92519754132644,
              -34.91701354879268
            ],
            [
              -58.92616411900917,
              -34.91421679207953
            ],
            [
              -58.927100832377164,
              -34.91141321810679
            ],
            [
              -58.9280076129366,
              -34.9086030410582
            ],
            [
              -58.92888439450104,
              -34.90578647559989
            ],
            [
              -58.929731113196,
              -34.90296373686374
            ],
            [
              -58.93054770746238,
              -34.90013504043085
            ],
            [
              -58.931334118060875,
              -34.89730060231493
            ],
            [
              -58.932090288075074,
              -34.8944606389457
            ],
            [
              -58.932816162915,
              -34.891615367152205
            ],
            [
              -58.933511690320586,
              -34.88876500414614
            ],
            [
              -58.93417682036437,
              -34.88590976750516
            ],
            [
              -58.93481150545466,
              -34.883049875156196
            ],
            [
              -58.9354157003379,
              -34.88018554535864
            ],
            [
              -58.935989362101566,
              -34.877316996687654
            ],
            [
              -58.93653245017612,
              -34.87444444801738
            ],
            [
              -58.937044926337364,
              -34.8715681185041
            ],
            [
              -58.937526754708244,
              -34.86868822756952
            ],
            [
              -58.93797790176069,
              -34.865804994883874
            ],
            [
              -58.93839833631722,
              -34.86291864034913
            ],
            [
              -58.93878802955231,
              -34.86002938408212
            ],
            [
              -58.93914695499353,
              -34.85713744639776
            ],
            [
              -58.93947508852273,
              -34.85424304779208
            ],
            [
              -58.93977240837677,
              -34.851346408925465
            ],
            [
              -58.94003889514829,
              -34.84844775060573
            ],
            [
              -58.94027453178603,
              -34.845547293771226
            ],
            [
              -58.940479303595396,
              -34.84264525947405
            ],
            [
              -58.940653198238294,
              -34.83974186886303
            ],
            [
              -58.94079620573325,
              -34.836837343167
            ],
            [
              -58.940908318455286,
              -34.83393190367778
            ],
            [
              -58.940989531135074,
              -34.8310257717334
            ],
            [
              -58.941039840858934,
              -34.8281191687012
            ],
            [
              -58.94105924706747,
              -34.82521231596092
            ],
            [
              -58.94104775155512,
              -34.82230543488788
            ],
            [
              -58.941005358468715,
              -34.81939874683614
            ],
            [
              -58.94093207430615,
              -34.81649247312163
            ],
            [
              -58.94082790791515,
              -34.813586835005296
            ],
            [
              -58.940692870491375,
              -34.81068205367631
            ],
            [
              -58.940526975576574,
              -34.80777835023527
            ],
            [
              -58.94033023905678,
              -34.80487594567736
            ],
            [
              -58.94010267915979,
              -34.80197506087558
            ],
            [
              -58.93984431645322,
              -34.79907591656401
            ],
            [
              -58.939555173841484,
              -34.79617873332102
            ],
            [
              -58.939235276563295,
              -34.79328373155258
            ],
            [
              -58.93888465218902,
              -34.79039113147552
            ],
            [
              -58.93850333061698,
              -34.787501153100855
            ],
            [
              -58.938091344070926,
              -34.78461401621712
            ],
            [
              -58.93764872709602,
              -34.78172994037374
            ],
            [
              -58.93717551655567,
              -34.77884914486437
            ],
            [
              -58.9366717516275,
              -34.77597184871036
            ],
            [
              -58.93613747379959,
              -34.77309827064417
            ],
            [
              -58.93557272686621,
              -34.77022862909282
            ],
            [
              -58.93497755692374,
              -34.7673631421614
            ],
            [
              -58.93435201236605,
              -34.76450202761662
            ],
            [
              -58.93369614388001,
              -34.76164550287033
            ],
            [
              -58.93301000444063,
              -34.75879378496312
            ],
            [
              -58.932293649306246,
              -34.75594709054799
            ],
            [
              -58.93154713601325,
              -34.75310563587396
            ],
            [
              -58.93077052437076,
              -34.75026963676979
            ],
            [
              -58.92996387645553,
              -34.74743930862774
            ],
            [
              -58.92912725660591,
              -34.74461486638734
            ],
            [
              -58.9282607314164,
              -34.74179652451917
            ],
            [
              -58.927364369731436,
              -34.738984497008786
            ],
            [
              -58.92643824263962,
              -34.73617899734059
            ],
            [
              -58.92548242346709,
              -34.73338023848175
            ],
            [
              -58.92449698777142,
              -34.730588432866284
            ],
            [
              -58.92348201333482,
              -34.727803792379
            ],
            [
              -58.92243758015752,
              -34.72502652833964
            ],
            [
              -58.92136377045085,
              -34.72225685148701
            ],
            [
              -58.92026066863008,
              -34.719494971963165
            ],
            [
              -58.91912836130729,
              -34.71674109929764
            ],
            [
              -58.91796693728406,
              -34.713995442391756
            ],
            [
              -58.916776487543814,
              -34.71125820950294
            ],
            [
              -58.915557105244204,
              -34.708529608229156
            ],
            [
              -58.914308885709204,
              -34.70580984549332
            ],
            [
              -58.91303192642124,
              -34.70309912752787
            ],
            [
              -58.91172632701296,
              -34.700397659859235
            ],
            [
              -58.91043494695083,
              -34.69779089390826
            ],
            [
              -58.72222222222222,
              -34.717777777777776
            ],
            [
              -58.71888888888889,
              -34.626111111111115
            ],
            [
              -58.58722222222222,
              -34.63611111111111
            ],
            [
              -58.467222222222226,
              -34.61611111111111
            ]
          ]
        ]
      }
    },
    {
      "type": "Feature",
      "properties": {
        "id": "anac_ctr_sabe",
        "name": "CTR AEROPARQUE",
        "categoryId": "controlled_airspace",
        "latitude": -34.31311475322449,
        "longitude": -58.47753100016033,
        "radiusMeters": 57604.95537744202,
        "allowedPermissionIds": [
          "authorized_commercial",
          "special_permit"
        ],
        "details": "CTR Aeroparque Jorge Newbery (SABE). Clase D. Drones prohibidos sin autorización.",
        "source": "ANAC AIP",
        "lowerLimitMetersAgl": 0.0,
        "upperLimitMetersMsl": 762.0
      },
      "geometry": {
        "type": "Polygon",
        "coordinates": [
          [
            [
              -58.76888888888889,
              -34.312777777777775
            ],
            [
              -58.77027284040673,
              -34.3097281344708
            ],
            [
              -58.764826843514925,
              -34.30806418330951
            ],
            [
              -58.75936368821476,
              -34.30643930744735
            ],
            [
              -58.75388378382945,
              -34.30485362835169
            ],
            [
              -58.748387540864485,
              -34.30330726455321
            ],
            [
              -58.74287537097814,
              -34.30180033163741
            ],
            [
              -58.73734768695249,
              -34.300332942236516
            ],
            [
              -58.73180490266378,
              -34.29890520602153
            ],
            [
              -58.72624743305312,
              -34.29751722969443
            ],
            [
              -58.72067569409717,
              -34.29616911698067
            ],
            [
              -58.71509010277828,
              -34.29486096862191
            ],
            [
              -58.70949107705508,
              -34.2935928823688
            ],
            [
              -58.70387903583304,
              -34.292364952974154
            ],
            [
              -58.698254398934466,
              -34.291177272186275
            ],
            [
              -58.69261758706892,
              -34.29002992874243
            ],
            [
              -58.68696902180341,
              -34.28892300836265
            ],
            [
              -58.68130912553261,
              -34.287856593743655
            ],
            [
              -58.67563832144896,
              -34.28683076455299
            ],
            [
              -58.66995703351273,
              -34.2858455974235
            ],
            [
              -58.664265686422084,
              -34.28490116594785
            ],
            [
              -58.65856470558316,
              -34.28399754067337
            ],
            [
              -58.652854517079845,
              -34.28313478909708
            ],
            [
              -58.64713554764404,
              -34.282312975660936
            ],
            [
              -58.64140822462514,
              -34.281532161747286
            ],
            [
              -58.63567297596029,
              -34.28079240567457
            ],
            [
              -58.62993023014394,
              -34.28009376269315
            ],
            [
              -58.62418041619793,
              -34.2794362849815
            ],
            [
              -58.61842396364091,
              -34.27882002164249
            ],
            [
              -58.61266130245849,
              -34.278245018699934
            ],
            [
              -58.606892863072574,
              -34.27771131909533
            ],
            [
              -58.60111907631142,
              -34.277218962684884
            ],
            [
              -58.595340373379145,
              -34.27676798623665
            ],
            [
              -58.589557185825356,
              -34.276358423427986
            ],
            [
              -58.583769945514916,
              -34.2759903048432
            ],
            [
              -58.57797908459747,
              -34.275663657971286
            ],
            [
              -58.572185035477105,
              -34.27537850720414
            ],
            [
              -58.566388230782024,
              -34.275134873834745
            ],
            [
              -58.56058910333394,
              -34.27493277605569
            ],
            [
              -58.554788086117924,
              -34.274772228957936
            ],
            [
              -58.54898561225167,
              -34.274653244529674
            ],
            [
              -58.543182114955414,
              -34.274575831655554
            ],
            [
              -58.537378027521186,
              -34.27453999611602
            ],
            [
              -58.5315737832824,
              -34.27454574058692
            ],
            [
              -58.52576981558366,
              -34.27459306463933
            ],
            [
              -58.519966557750024,
              -34.274681964739536
            ],
            [
              -58.51416444305676,
              -34.27481243424934
            ],
            [
              -58.50836390469868,
              -34.27498446342646
            ],
            [
              -58.502565375760014,
              -34.27519803942533
            ],
            [
              -58.496769289183646,
              -34.27545314629784
            ],
            [
              -58.490976077740925,
              -34.27574976499462
            ],
            [
              -58.485186174001115,
              -34.27608787336628
            ],
            [
              -58.47940001030105,
              -34.276467446164986
            ],
            [
              -58.473618018714774,
              -34.276888455046276
            ],
            [
              -58.46784063102302,
              -34.27735086857099
            ],
            [
              -58.462068278683034,
              -34.277854652207566
            ],
            [
              -58.45630139279808,
              -34.27839976833437
            ],
            [
              -58.450540404087064,
              -34.27898617624244
            ],
            [
              -58.44478574285449,
              -34.27961383213829
            ],
            [
              -58.43903783895996,
              -34.280282689147
            ],
            [
              -58.433297121787916,
              -34.28099269731557
            ],
            [
              -58.427564020217346,
              -34.28174380361632
            ],
            [
              -58.421838962591835,
              -34.28253595195079
            ],
            [
              -58.416122376689145,
              -34.283369083153524
            ],
            [
              -58.41041468969104,
              -34.28424313499634
            ],
            [
              -58.40471632815337,
              -34.28515804219269
            ],
            [
              -58.3990277179758,
              -34.28611373640224
            ],
            [
              -58.393349284371766,
              -34.28711014623573
            ],
            [
              -58.38768145183866,
              -34.28814719725991
            ],
            [
              -58.38202464412751,
              -34.2892248120029
            ],
            [
              -58.37637928421333,
              -34.29034290995959
            ],
            [
              -58.370745794265076,
              -34.29150140759731
            ],
            [
              -58.365124595615896,
              -34.29270021836174
            ],
            [
              -58.35951610873309,
              -34.29393925268298
            ],
            [
              -58.35392075318862,
              -34.29521841798195
            ],
            [
              -58.34833894762926,
              -34.296537618676794
            ],
            [
              -58.342771109746934,
              -34.297896756189736
            ],
            [
              -58.33721765624904,
              -34.299295728953965
            ],
            [
              -58.33167900282905,
              -34.30073443242083
            ],
            [
              -58.3261555641368,
              -34.30221275906725
            ],
            [
              -58.32064775374914,
              -34.30373059840323
            ],
            [
              -58.31515598414052,
              -34.30528783697972
            ],
            [
              -58.30968066665366,
              -34.306884358396616
            ],
            [
              -58.304222211470346,
              -34.308520043310985
            ],
            [
              -58.298781027581924,
              -34.310194769445474
            ],
            [
              -58.293357522760516,
              -34.311908411596974
            ],
            [
              -58.28795210352973,
              -34.3136608416455
            ],
            [
              -58.28256517513563,
              -34.315451928563164
            ],
            [
              -58.27719714151789,
              -34.31728153842352
            ],
            [
              -58.27184840528082,
              -34.31914953441101
            ],
            [
              -58.266519367664614,
              -34.32105577683065
            ],
            [
              -58.26121042851656,
              -34.32300012311789
            ],
            [
              -58.25592198626242,
              -34.32498242784877
            ],
            [
              -58.25065443787793,
              -34.32700254275012
            ],
            [
              -58.24540817886003,
              -34.32906031671017
            ],
            [
              -58.24018360319883,
              -34.33115559578918
            ],
            [
              -58.2349811033489,
              -34.333288223230376
            ],
            [
              -58.22980107020129,
              -34.33545803947105
            ],
            [
              -58.224643893055145,
              -34.33766488215393
            ],
            [
              -58.2195099595898,
              -34.33990858613859
            ],
            [
              -58.21439965583659,
              -34.34218898351327
            ],
            [
              -58.209313366151264,
              -34.34450590360673
            ],
            [
              -58.204251473185764,
              -34.34685917300042
            ],
            [
              -58.20011626705531,
              -34.34881725119593
            ],
            [
              -58.056631187243106,
              -34.353467485581334
            ],
            [
              -57.899384568873714,
              -34.515338816774566
            ],
            [
              -58.03388888888889,
              -34.51611111111111
            ],
            [
              -58.29548576304617,
              -34.7535002986886
            ],
            [
              -58.467222,
              -34.616111
            ],
            [
              -58.587222,
              -34.636111
            ],
            [
              -58.71888887747004,
              -34.62611100930605
            ],
            [
              -58.79722222222222,
              -34.39611111111111
            ],
            [
              -58.76888888888889,
              -34.312777777777775
            ]
          ]
        ]
      }
    },
    {
      "type": "Feature",
      "properties": {
        "id": "anac_ctr_saav",
        "name": "CTR SAUCE VIEJO",
        "categoryId": "controlled_airspace",
        "latitude": -31.365421632960103,
        "longitude": -60.83305555555551,
        "radiusMeters": 9274.891513177236,
        "allowedPermissionIds": [
          "authorized_commercial",
          "special_permit"
        ],
        "details": "CTR Aeropuerto Sauce Viejo (SAAV), Santa Fe. Clase D.",
        "source": "ANAC AIP",
        "lowerLimitMetersAgl": 0.0,
        "upperLimitMetersAgl": 609.6
      },
      "geometry": {
        "type": "Polygon",
        "coordinates": [
          [
            [
              -60.833055555555575,
              -31.282278374847486
            ],
            [
              -60.83220521097314,
              -31.282281542982673
            ],
            [
              -60.83135493097609,
              -31.282291047147616
            ],
            [
              -60.830504780145134,
              -31.282306886620454
            ],
            [
              -60.829654823051044,
              -31.28232906019813
            ],
            [
              -60.828805124250096,
              -31.28235756619652
            ],
            [
              -60.82795574827901,
              -31.28239240245051
            ],
            [
              -60.82710675965029,
              -31.282433566314207
            ],
            [
              -60.82625822284729,
              -31.28248105466111
            ],
            [
              -60.82541020231912,
              -31.28253486388435
            ],
            [
              -60.82456276247615,
              -31.282594989896957
            ],
            [
              -60.82371596768496,
              -31.282661428132176
            ],
            [
              -60.82286988226355,
              -31.282734173543826
            ],
            [
              -60.8220245704764,
              -31.28281322060664
            ],
            [
              -60.8211800965297,
              -31.28289856331674
            ],
            [
              -60.82033652456664,
              -31.282990195192006
            ],
            [
              -60.81949391866226,
              -31.283088109272654
            ],
            [
              -60.81865234281884,
              -31.283192298121705
            ],
            [
              -60.81781186096117,
              -31.283302753825552
            ],
            [
              -60.81697253693142,
              -31.283419467994584
            ],
            [
              -60.816134434484695,
              -31.283542431763777
            ],
            [
              -60.815297617283875,
              -31.283671635793404
            ],
            [
              -60.814462148895075,
              -31.283807070269695
            ],
            [
              -60.81362809278272,
              -31.28394872490563
            ],
            [
              -60.81279551230483,
              -31.284096588941665
            ],
            [
              -60.81196447070823,
              -31.284250651146557
            ],
            [
              -60.81113503112368,
              -31.284410899818226
            ],
            [
              -60.810307256561316,
              -31.284577322784642
            ],
            [
              -60.8094812099057,
              -31.284749907404695
            ],
            [
              -60.80865695391117,
              -31.2849286405692
            ],
            [
              -60.807834551197175,
              -31.28511350870187
            ],
            [
              -60.80701406424333,
              -31.285304497760308
            ],
            [
              -60.80619555538499,
              -31.285501593237125
            ],
            [
              -60.80537908680833,
              -31.285704780160984
            ],
            [
              -60.804564720545784,
              -31.285914043097737
            ],
            [
              -60.80375251847124,
              -31.286129366151613
            ],
            [
              -60.802942542295455,
              -31.286350732966383
            ],
            [
              -60.80213485356143,
              -31.28657812672663
            ],
            [
              -60.80132951363976,
              -31.286811530158985
            ],
            [
              -60.80052658372381,
              -31.287050925533443
            ],
            [
              -60.79972612482538,
              -31.287296294664685
            ],
            [
              -60.79892819776995,
              -31.287547618913475
            ],
            [
              -60.79813286319211,
              -31.287804879188048
            ],
            [
              -60.7973401815309,
              -31.288068055945562
            ],
            [
              -60.7965502130254,
              -31.288337129193554
            ],
            [
              -60.7957630177101,
              -31.288612078491447
            ],
            [
              -60.79497865541043,
              -31.288892882952126
            ],
            [
              -60.79419718573803,
              -31.289179521243465
            ],
            [
              -60.79341866808653,
              -31.28947197158997
            ],
            [
              -60.79264316162687,
              -31.289770211774403
            ],
            [
              -60.791870725303,
              -31.29007421913946
            ],
            [
              -60.79110141782712,
              -31.290383970589517
            ],
            [
              -60.79033529767571,
              -31.29069944259229
            ],
            [
              -60.789572423084564,
              -31.29102061118069
            ],
            [
              -60.788812852044884,
              -31.291347451954607
            ],
            [
              -60.7880566422985,
              -31.291679940082716
            ],
            [
              -60.78730385133389,
              -31.292018050304392
            ],
            [
              -60.7865545363814,
              -31.292361756931598
            ],
            [
              -60.78580875440929,
              -31.29271103385085
            ],
            [
              -60.7850665621192,
              -31.293065854525103
            ],
            [
              -60.78432801594204,
              -31.293426191995884
            ],
            [
              -60.78359317203342,
              -31.293792018885217
            ],
            [
              -60.7828620862698,
              -31.29416330739773
            ],
            [
              -60.78213481424393,
              -31.294540029322768
            ],
            [
              -60.78141141126082,
              -31.294922156036463
            ],
            [
              -60.78069193233341,
              -31.29530965850398
            ],
            [
              -60.77997643217867,
              -31.29570250728165
            ],
            [
              -60.77926496521309,
              -31.296100672519184
            ],
            [
              -60.77855758554887,
              -31.296504123961967
            ],
            [
              -60.77785434698967,
              -31.29691283095331
            ],
            [
              -60.77715530302646,
              -31.297326762436803
            ],
            [
              -60.7764605068337,
              -31.297745886958594
            ],
            [
              -60.77577001126514,
              -31.298170172669835
            ],
            [
              -60.77508386884978,
              -31.298599587329026
            ],
            [
              -60.774402131788065,
              -31.299034098304492
            ],
            [
              -60.773724851947634,
              -31.29947367257683
            ],
            [
              -60.77305208085983,
              -31.299918276741405
            ],
            [
              -60.77238386971527,
              -31.30036787701085
            ],
            [
              -60.771720269360344,
              -31.300822439217672
            ],
            [
              -60.771061330293264,
              -31.30128192881679
            ],
            [
              -60.77040710265999,
              -31.301746310888117
            ],
            [
              -60.769757636250915,
              -31.302215550139284
            ],
            [
              -60.76911298049657,
              -31.302689610908224
            ],
            [
              -60.76847318446414,
              -31.303168457165903
            ],
            [
              -60.76783829685371,
              -31.303652052519055
            ],
            [
              -60.767208365994634,
              -31.30414036021287
            ],
            [
              -60.766583439841554,
              -31.30463334313386
            ],
            [
              -60.765963565971106,
              -31.305130963812587
            ],
            [
              -60.76534879157816,
              -31.30563318442652
            ],
            [
              -60.7647391634722,
              -31.306139966802924
            ],
            [
              -60.76413472807383,
              -31.306651272421693
            ],
            [
              -60.763535531411094,
              -31.30716706241829
            ],
            [
              -60.76294161911619,
              -31.307687297586686
            ],
            [
              -60.762353036421814,
              -31.308211938382314
            ],
            [
              -60.761769828157924,
              -31.308740944925066
            ],
            [
              -60.76119203874799,
              -31.309274277002277
            ],
            [
              -60.76061971220588,
              -31.30981189407185
            ],
            [
              -60.760052892132535,
              -31.31035375526519
            ],
            [
              -60.759491621712414,
              -31.31089981939042
            ],
            [
              -60.7589359437103,
              -31.311450044935423
            ],
            [
              -60.75838590046817,
              -31.312004390071003
            ],
            [
              -60.75784153390174,
              -31.312562812654043
            ],
            [
              -60.757302885497495,
              -31.313125270230692
            ],
            [
              -60.75676999630929,
              -31.313691720039586
            ],
            [
              -60.756242906955436,
              -31.314262119015076
            ],
            [
              -60.75572165761537,
              -31.31483642379049
            ],
            [
              -60.755206288026784,
              -31.315414590701387
            ],
            [
              -60.75469683748241,
              -31.31599657578892
            ],
            [
              -60.754193344827286,
              -31.316582334803087
            ],
            [
              -60.753695848455436,
              -31.317171823206156
            ],
            [
              -60.75320438630712,
              -31.31776499617596
            ],
            [
              -60.75271899586596,
              -31.318361808609342
            ],
            [
              -60.75223971415602,
              -31.318962215125566
            ],
            [
              -60.75176657773886,
              -31.319566170069724
            ],
            [
              -60.751299622710974,
              -31.3201736275162
            ],
            [
              -60.750838884700784,
              -31.32078454127218
            ],
            [
              -60.75038439886606,
              -31.32139886488109
            ],
            [
              -60.749936199891124,
              -31.322016551626167
            ],
            [
              -60.74949432198423,
              -31.322637554533983
            ],
            [
              -60.74905879887507,
              -31.32326182637797
            ],
            [
              -60.74862966381181,
              -31.323889319682042
            ],
            [
              -60.74820694955895,
              -31.324519986724162
            ],
            [
              -60.747790688394616,
              -31.32515377953997
            ],
            [
              -60.74738091210793,
              -31.3257906499264
            ],
            [
              -60.74697765199693,
              -31.326430549445366
            ],
            [
              -60.746580938865804,
              -31.327073429427383
            ],
            [
              -60.746190803022614,
              -31.327719240975295
            ],
            [
              -60.74580727427724,
              -31.328367934967982
            ],
            [
              -60.745430381938604,
              -31.329019462064018
            ],
            [
              -60.74506015481268,
              -31.329673772705515
            ],
            [
              -60.74469662120026,
              -31.330330817121784
            ],
            [
              -60.74433980889489,
              -31.330990545333165
            ],
            [
              -60.74398974518033,
              -31.3316529071548
            ],
            [
              -60.7436464568288,
              -31.332317852200415
            ],
            [
              -60.74330997009878,
              -31.332985329886192
            ],
            [
              -60.742980310733,
              -31.33365528943454
            ],
            [
              -60.742657503956366,
              -31.334327679878005
            ],
            [
              -60.74234157447415,
              -31.33500245006309
            ],
            [
              -60.74203254647,
              -31.335679548654173
            ],
            [
              -60.7417304436039,
              -31.336358924137375
            ],
            [
              -60.74143528901061,
              -31.33704052482446
            ],
            [
              -60.74114710529767,
              -31.33772429885678
            ],
            [
              -60.740865914543804,
              -31.338410194209217
            ],
            [
              -60.740591738296985,
              -31.3390981586941
            ],
            [
              -60.74032459757291,
              -31.339788139965172
            ],
            [
              -60.74006451285322,
              -31.34048008552159
            ],
            [
              -60.73981150408417,
              -31.341173942711865
            ],
            [
              -60.73956559067483,
              -31.3418696587379
            ],
            [
              -60.739326791495444,
              -31.342567180658975
            ],
            [
              -60.73909512487643,
              -31.343266455395785
            ],
            [
              -60.73887060860636,
              -31.34396742973444
            ],
            [
              -60.738653259931084,
              -31.34467005033053
            ],
            [
              -60.73844309555187,
              -31.34537426371318
            ],
            [
              -60.73824013162459,
              -31.346080016289076
            ],
            [
              -60.73804438375805,
              -31.346787254346573
            ],
            [
              -60.73785586701291,
              -31.34749592405978
            ],
            [
              -60.737674595900614,
              -31.3482059714926
            ],
            [
              -60.737500584381905,
              -31.348917342602864
            ],
            [
              -60.73733384586603,
              -31.349629983246444
            ],
            [
              -60.73717439320967,
              -31.350343839181342
            ],
            [
              -60.737022238715554,
              -31.351058856071834
            ],
            [
              -60.736877394131966,
              -31.351774979492582
            ],
            [
              -60.73673987065126,
              -31.352492154932786
            ],
            [
              -60.736609678909645,
              -31.353210327800312
            ],
            [
              -60.73648682898556,
              -31.35392944342585
            ],
            [
              -60.736371330399436,
              -31.354649447067082
            ],
            [
              -60.736263192112744,
              -31.35537028391281
            ],
            [
              -60.73616242252706,
              -31.35609189908718
            ],
            [
              -60.73606902948376,
              -31.356814237653786
            ],
            [
              -60.73598302026295,
              -31.357537244619916
            ],
            [
              -60.73590440158324,
              -31.358260864940686
            ],
            [
              -60.735833179600945,
              -31.358985043523248
            ],
            [
              -60.73576935990957,
              -31.35970972523097
            ],
            [
              -60.735712947539525,
              -31.360434854887668
            ],
            [
              -60.735663946957516,
              -31.361160377281724
            ],
            [
              -60.735622362066124,
              -31.361886237170385
            ],
            [
              -60.73558819620354,
              -31.362612379283906
            ],
            [
              -60.73556145214337,
              -31.363338748329756
            ],
            [
              -60.73554213209417,
              -31.364065288996873
            ],
            [
              -60.73553023769921,
              -31.364791945959812
            ],
            [
              -60.73552577003659,
              -31.36551866388302
            ],
            [
              -60.735528729618636,
              -31.366245387424996
            ],
            [
              -60.735539116392374,
              -31.36697206124252
            ],
            [
              -60.73555692973906,
              -31.367698629994916
            ],
            [
              -60.735582168474195,
              -31.36842503834817
            ],
            [
              -60.735614830847794,
              -31.369151230979252
            ],
            [
              -60.73565491454434,
              -31.369877152580244
            ],
            [
              -60.7357024166829,
              -31.37060274786261
            ],
            [
              -60.73575733381716,
              -31.371327961561374
            ],
            [
              -60.735819661936034,
              -31.372052738439347
            ],
            [
              -60.73588939646345,
              -31.37277702329133
            ],
            [
              -60.73596653225894,
              -31.373500760948335
            ],
            [
              -60.73605106361788,
              -31.374223896281766
            ],
            [
              -60.736142984271964,
              -31.37494637420765
            ],
            [
              -60.73624228738936,
              -31.375668139690806
            ],
            [
              -60.73634896557559,
              -31.37638913774905
            ],
            [
              -60.736463010873706,
              -31.377109313457424
            ],
            [
              -60.73658441476499,
              -31.37782861195232
            ],
            [
              -60.7367131681695,
              -31.37854697843571
            ],
            [
              -60.736849261446764,
              -31.37926435817931
            ],
            [
              -60.73699268439651,
              -31.379980696528758
            ],
            [
              -60.737143426259195,
              -31.380695938907778
            ],
            [
              -60.737301475717004,
              -31.381410030822344
            ],
            [
              -60.73746682089438,
              -31.382122917864873
            ],
            [
              -60.73763944935928,
              -31.38283454571828
            ],
            [
              -60.737819348123764,
              -31.383544860160253
            ],
            [
              -60.738006503644954,
              -31.384253807067275
            ],
            [
              -60.73820090182619,
              -31.384961332418833
            ],
            [
              -60.7384025280179,
              -31.385667382301506
            ],
            [
              -60.73861136701862,
              -31.38637190291309
            ],
            [
              -60.73882740307647,
              -31.387074840566708
            ],
            [
              -60.73905061988978,
              -31.38777614169487
            ],
            [
              -60.73928100060874,
              -31.388475752853655
            ],
            [
              -60.739518527836196,
              -31.389173620726684
            ],
            [
              -60.73976318362952,
              -31.389869692129274
            ],
            [
              -60.740014949501244,
              -31.390563914012443
            ],
            [
              -60.74027380642099,
              -31.391256233467026
            ],
            [
              -60.74053973481659,
              -31.391946597727625
            ],
            [
              -60.74081271457561,
              -31.392634954176742
            ],
            [
              -60.74109272504688,
              -31.39332125034873
            ],
            [
              -60.7413797450418,
              -31.394005433933824
            ],
            [
              -60.74167375283628,
              -31.394687452782144
            ],
            [
              -60.74197472617209,
              -31.39536725490767
            ],
            [
              -60.74228264225849,
              -31.39604478849221
            ],
            [
              -60.742597477774154,
              -31.396720001889385
            ],
            [
              -60.742919208868784,
              -31.397392843628555
            ],
            [
              -60.74324781116468,
              -31.39806326241877
            ],
            [
              -60.74358325975891,
              -31.398731207152682
            ],
            [
              -60.74392552922512,
              -31.399396626910427
            ],
            [
              -60.744274593615046,
              -31.400059470963598
            ],
            [
              -60.7446304264609,
              -31.400719688779013
            ],
            [
              -60.74499300077724,
              -31.401377230022696
            ],
            [
              -60.745362289062825,
              -31.40203204456363
            ],
            [
              -60.74573826330288,
              -31.40268408247765
            ],
            [
              -60.74612089497094,
              -31.403333294051254
            ],
            [
              -60.74651015503139,
              -31.403979629785383
            ],
            [
              -60.746906013941214,
              -31.404623040399205
            ],
            [
              -60.74730844165248,
              -31.405263476833962
            ],
            [
              -60.747717407614516,
              -31.405900890256607
            ],
            [
              -60.74813288077621,
              -31.40653523206364
            ],
            [
              -60.74855482958844,
              -31.40716645388478
            ],
            [
              -60.74898322200619,
              -31.407794507586658
            ],
            [
              -60.74941802549131,
              -31.408419345276545
            ],
            [
              -60.74985920701465,
              -31.409040919305994
            ],
            [
              -60.750306733058835,
              -31.409659182274464
            ],
            [
              -60.75076056962047,
              -31.41027408703301
            ],
            [
              -60.7512206822131,
              -31.410885586687833
            ],
            [
              -60.75168703586934,
              -31.41149363460391
            ],
            [
              -60.752159595144064,
              -31.412098184408553
            ],
            [
              -60.75263832411656,
              -31.412699189994942
            ],
            [
              -60.753123186393566,
              -31.4132966055257
            ],
            [
              -60.75361414511201,
              -31.41389038543637
            ],
            [
              -60.75411116294151,
              -31.41448048443892
            ],
            [
              -60.75461420208774,
              -31.415066857525193
            ],
            [
              -60.75512322429461,
              -31.415649459970396
            ],
            [
              -60.75563819084772,
              -31.416228247336477
            ],
            [
              -60.75615906257707,
              -31.416803175475593
            ],
            [
              -60.75668579985995,
              -31.417374200533427
            ],
            [
              -60.75721836262426,
              -31.41794127895259
            ],
            [
              -60.75775671035103,
              -31.418504367475958
            ],
            [
              -60.758300802078054,
              -31.419063423149964
            ],
            [
              -60.75885059640251,
              -31.419618403327927
            ],
            [
              -60.759406051484575,
              -31.420169265673277
            ],
            [
              -60.759967125050196,
              -31.420715968162856
            ],
            [
              -60.760533774394446,
              -31.421258469090084
            ],
            [
              -60.76110595638494,
              -31.421796727068212
            ],
            [
              -60.76168362746478,
              -31.422330701033438
            ],
            [
              -60.76226674365614,
              -31.422860350248104
            ],
            [
              -60.762855260563526,
              -31.42338563430382
            ],
            [
              -60.76344913337715,
              -31.423906513124514
            ],
            [
              -60.764048316876256,
              -31.424422946969564
            ],
            [
              -60.76465276543274,
              -31.424934896436802
            ],
            [
              -60.76526243301441,
              -31.42544232246559
            ],
            [
              -60.76587727318878,
              -31.425945186339757
            ],
            [
              -60.76649723912624,
              -31.42644344969061
            ],
            [
              -60.76712228360395,
              -31.42693707449986
            ],
            [
              -60.767752359009194,
              -31.427426023102555
            ],
            [
              -60.76838741734326,
              -31.427910258189957
            ],
            [
              -60.76902741022491,
              -31.42838974281241
            ],
            [
              -60.769672288894014,
              -31.42886444038219
            ],
            [
              -60.77032200421547,
              -31.42933431467627
            ],
            [
              -60.77097650668293,
              -31.42979932983916
            ],
            [
              -60.77163574642242,
              -31.430259450385638
            ],
            [
              -60.772299673196244,
              -31.430714641203426
            ],
            [
              -60.77296823640677,
              -31.43116486755597
            ],
            [
              -60.77364138510046,
              -31.431610095085052
            ],
            [
              -60.77431906797153,
              -31.43205028981342
            ],
            [
              -60.77500123336608,
              -31.43248541814746
            ],
            [
              -60.77568782928586,
              -31.432915446879697
            ],
            [
              -60.77637880339228,
              -31.433340343191414
            ],
            [
              -60.77707410301059,
              -31.433760074655112
            ],
            [
              -60.777773675133744,
              -31.434174609237058
            ],
            [
              -60.77847746642641,
              -31.434583915299704
            ],
            [
              -60.77918542322914,
              -31.43498796160414
            ],
            [
              -60.77989749156251,
              -31.43538671731248
            ],
            [
              -60.78061361713122,
              -31.435780151990244
            ],
            [
              -60.7813337453282,
              -31.436168235608683
            ],
            [
              -60.782057821238766,
              -31.43655093854709
            ],
            [
              -60.78278578964495,
              -31.43692823159511
            ],
            [
              -60.78351759502965,
              -31.437300085954906
            ],
            [
              -60.78425318158088,
              -31.437666473243464
            ],
            [
              -60.784992493196,
              -31.438027365494708
            ],
            [
              -60.78573547348617,
              -31.438382735161664
            ],
            [
              -60.78648206578055,
              -31.438732555118616
            ],
            [
              -60.787232213130665,
              -31.43907679866314
            ],
            [
              -60.78798585831464,
              -31.43941543951817
            ],
            [
              -60.788742943841896,
              -31.439748451834046
            ],
            [
              -60.78950341195724,
              -31.44007581019046
            ],
            [
              -60.7902672046456,
              -31.44039748959844
            ],
            [
              -60.79103426363611,
              -31.440713465502267
            ],
            [
              -60.79180453040692,
              -31.44102371378135
            ],
            [
              -60.79257794618945,
              -31.441328210752083
            ],
            [
              -60.79335445197307,
              -31.441626933169687
            ],
            [
              -60.79413398850943,
              -31.44191985822997
            ],
            [
              -60.794916496317285,
              -31.442206963571092
            ],
            [
              -60.79570191568678,
              -31.44248822727528
            ],
            [
              -60.796490186684196,
              -31.442763627870544
            ],
            [
              -60.79728124915647,
              -31.443033144332272
            ],
            [
              -60.798075042735945,
              -31.44329675608489
            ],
            [
              -60.79887150684482,
              -31.44355444300343
            ],
            [
              -60.79967058069991,
              -31.443806185415088
            ],
            [
              -60.80047220331733,
              -31.444051964100712
            ],
            [
              -60.80127631351718,
              -31.444291760296327
            ],
            [
              -60.80208284992807,
              -31.44452555569452
            ],
            [
              -60.80289175099222,
              -31.444753332445874
            ],
            [
              -60.80370295496971,
              -31.44497507316037
            ],
            [
              -60.804516399943566,
              -31.445190760908687
            ],
            [
              -60.805332023824405,
              -31.445400379223514
            ],
            [
              -60.80614976435527,
              -31.445603912100818
            ],
            [
              -60.806969559116226,
              -31.44580134400108
            ],
            [
              -60.807791345529495,
              -31.445992659850482
            ],
            [
              -60.808615060863815,
              -31.446177845042083
            ],
            [
              -60.80944064223979,
              -31.446356885436916
            ],
            [
              -60.81026802663416,
              -31.4465297673651
            ],
            [
              -60.811097150885246,
              -31.44669647762689
            ],
            [
              -60.81192795169716,
              -31.446857003493665
            ],
            [
              -60.81276036564532,
              -31.447011332708954
            ],
            [
              -60.81359432918077,
              -31.44715945348934
            ],
            [
              -60.814429778635485,
              -31.447301354525386
            ],
            [
              -60.81526665022693,
              -31.447437024982477
            ],
            [
              -60.81610488006339,
              -31.44756645450171
            ],
            [
              -60.81694440414833,
              -31.447689633200646
            ],
            [
              -60.817785158385846,
              -31.44780655167407
            ],
            [
              -60.81862707858522,
              -31.44791720099473
            ],
            [
              -60.81947010046605,
              -31.448021572714037
            ],
            [
              -60.82031415966321,
              -31.44811965886268
            ],
            [
              -60.82115919173168,
              -31.448211451951263
            ],
            [
              -60.8220051321515,
              -31.448296944970895
            ],
            [
              -60.82285191633298,
              -31.448376131393683
            ],
            [
              -60.82369947962138,
              -31.448449005173284
            ],
            [
              -60.82454775730196,
              -31.448515560745328
            ],
            [
              -60.82539668460504,
              -31.4485757930279
            ],
            [
              -60.826246196711,
              -31.44862969742186
            ],
            [
              -60.82709622875518,
              -31.44867726981127
            ],
            [
              -60.82794671583275,
              -31.448718506563647
            ],
            [
              -60.82879759300414,
              -31.448753404530287
            ],
            [
              -60.82964879529953,
              -31.448781961046496
            ],
            [
              -60.83050025772417,
              -31.448804173931777
            ],
            [
              -60.83135191526327,
              -31.44882004149003
            ],
            [
              -60.832203702887,
              -31.44882956250964
            ],
            [
              -60.833055555555575,
              -31.44883273626363
            ],
            [
              -60.83390740822415,
              -31.44882956250964
            ],
            [
              -60.83475919584788,
              -31.44882004149003
            ],
            [
              -60.835610853386925,
              -31.448804173931777
            ],
            [
              -60.83646231581156,
              -31.448781961046496
            ],
            [
              -60.83731351810695,
              -31.448753404530287
            ],
            [
              -60.83816439527834,
              -31.448718506563647
            ],
            [
              -60.83901488235597,
              -31.44867726981127
            ],
            [
              -60.839864914400096,
              -31.44862969742186
            ],
            [
              -60.840714426506054,
              -31.4485757930279
            ],
            [
              -60.84156335380919,
              -31.448515560745328
            ],
            [
              -60.84241163148977,
              -31.448449005173284
            ],
            [
              -60.84325919477817,
              -31.448376131393683
            ],
            [
              -60.84410597895965,
              -31.448296944970895
            ],
            [
              -60.84495191937947,
              -31.448211451951263
            ],
            [
              -60.84579695144794,
              -31.44811965886268
            ],
            [
              -60.846641010645044,
              -31.448021572714037
            ],
            [
              -60.84748403252593,
              -31.44791720099473
            ],
            [
              -60.848325952725304,
              -31.44780655167407
            ],
            [
              -60.84916670696276,
              -31.447689633200646
            ],
            [
              -60.85000623104776,
              -31.44756645450171
            ],
            [
              -60.85084446088416,
              -31.447437024982477
            ],
            [
              -60.851681332475664,
              -31.447301354525386
            ],
            [
              -60.852516781930376,
              -31.44715945348934
            ],
            [
              -60.85335074546583,
              -31.447011332708954
            ],
            [
              -60.854183159413935,
              -31.446857003493665
            ],
            [
              -60.855013960225904,
              -31.44669647762689
            ],
            [
              -60.85584308447693,
              -31.4465297673651
            ],
            [
              -60.85667046887136,
              -31.446356885436916
            ],
            [
              -60.85749605024728,
              -31.446177845042083
            ],
            [
              -60.858319765581655,
              -31.445992659850482
            ],
            [
              -60.85914155199487,
              -31.44580134400108
            ],
            [
              -60.85996134675588,
              -31.445603912100818
            ],
            [
              -60.860779087286744,
              -31.445400379223514
            ],
            [
              -60.861594711167584,
              -31.445190760908687
            ],
            [
              -60.86240815614144,
              -31.44497507316037
            ],
            [
              -60.86321936011893,
              -31.444753332445874
            ],
            [
              -60.86402826118302,
              -31.44452555569452
            ],
            [
              -60.86483479759397,
              -31.444291760296327
            ],
            [
              -60.86563890779382,
              -31.444051964100712
            ],
            [
              -60.86644053041124,
              -31.443806185415088
            ],
            [
              -60.86723960426633,
              -31.44355444300343
            ],
            [
              -60.868036068375204,
              -31.44329675608489
            ],
            [
              -60.86882986195462,
              -31.443033144332272
            ],
            [
              -60.869620924426954,
              -31.442763627870544
            ],
            [
              -60.87040919542437,
              -31.44248822727528
            ],
            [
              -60.87119461479381,
              -31.442206963571092
            ],
            [
              -60.87197712260166,
              -31.44191985822997
            ],
            [
              -60.872756659138076,
              -31.441626933169687
            ],
            [
              -60.873533164921696,
              -31.441328210752083
            ],
            [
              -60.87430658070423,
              -31.44102371378135
            ],
            [
              -60.875076847474986,
              -31.440713465502267
            ],
            [
              -60.87584390646555,
              -31.44039748959844
            ],
            [
              -60.87660769915385,
              -31.44007581019046
            ],
            [
              -60.87736816726925,
              -31.439748451834046
            ],
            [
              -60.87812525279651,
              -31.43941543951817
            ],
            [
              -60.878878897980485,
              -31.43907679866314
            ],
            [
              -60.879629045330546,
              -31.438732555118616
            ],
            [
              -60.88037563762492,
              -31.438382735161664
            ],
            [
              -60.88111861791515,
              -31.438027365494708
            ],
            [
              -60.88185792953027,
              -31.437666473243464
            ],
            [
              -60.8825935160815,
              -31.437300085954906
            ],
            [
              -60.883325321466145,
              -31.43692823159511
            ],
            [
              -60.884053289872384,
              -31.43655093854709
            ],
            [
              -60.88477736578295,
              -31.436168235608683
            ],
            [
              -60.88549749397987,
              -31.435780151990244
            ],
            [
              -60.886213619548585,
              -31.43538671731248
            ],
            [
              -60.88692568788201,
              -31.43498796160414
            ],
            [
              -60.88763364468474,
              -31.434583915299704
            ],
            [
              -60.888337435977405,
              -31.434174609237058
            ],
            [
              -60.8890370081005,
              -31.433760074655112
            ],
            [
              -60.88973230771887,
              -31.433340343191414
            ],
            [
              -60.89042328182529,
              -31.432915446879697
            ],
            [
              -60.89110987774501,
              -31.43248541814746
            ],
            [
              -60.89179204313956,
              -31.43205028981342
            ],
            [
              -60.89246972601063,
              -31.431610095085052
            ],
            [
              -60.89314287470438,
              -31.43116486755597
            ],
            [
              -60.893811437914906,
              -31.430714641203426
            ],
            [
              -60.89447536468873,
              -31.430259450385638
            ],
            [
              -60.895134604428165,
              -31.42979932983916
            ],
            [
              -60.89578910689568,
              -31.42933431467627
            ],
            [
              -60.896438822217135,
              -31.42886444038219
            ],
            [
              -60.89708370088624,
              -31.42838974281241
            ],
            [
              -60.89772369376783,
              -31.427910258189957
            ],
            [
              -60.8983587521019,
              -31.427426023102555
            ],
            [
              -60.898988827507196,
              -31.42693707449986
            ],
            [
              -60.89961387198491,
              -31.42644344969061
            ],
            [
              -60.90023383792237,
              -31.425945186339757
            ],
            [
              -60.90084867809668,
              -31.42544232246559
            ],
            [
              -60.90145834567841,
              -31.424934896436802
            ],
            [
              -60.902062794234894,
              -31.424422946969564
            ],
            [
              -60.902661977734,
              -31.423906513124514
            ],
            [
              -60.90325585054762,
              -31.42338563430382
            ],
            [
              -60.90384436745501,
              -31.422860350248104
            ],
            [
              -60.90442748364637,
              -31.422330701033438
            ],
            [
              -60.90500515472621,
              -31.421796727068212
            ],
            [
              -60.90557733671665,
              -31.421258469090084
            ],
            [
              -60.906143986060954,
              -31.420715968162856
            ],
            [
              -60.90670505962652,
              -31.420169265673277
            ],
            [
              -60.90726051470858,
              -31.419618403327927
            ],
            [
              -60.907810309033096,
              -31.419063423149964
            ],
            [
              -60.90835440076012,
              -31.418504367475958
            ],
            [
              -60.90889274848689,
              -31.41794127895259
            ],
            [
              -60.90942531125114,
              -31.417374200533427
            ],
            [
              -60.90995204853408,
              -31.416803175475593
            ],
            [
              -60.91047292026343,
              -31.416228247336477
            ],
            [
              -60.91098788681654,
              -31.415649459970396
            ],
            [
              -60.91149690902341,
              -31.415066857525193
            ],
            [
              -60.91199994816958,
              -31.41448048443892
            ],
            [
              -60.91249696599914,
              -31.41389038543637
            ],
            [
              -60.91298792471753,
              -31.4132966055257
            ],
            [
              -60.91347278699459,
              -31.412699189994942
            ],
            [
              -60.913951515967085,
              -31.412098184408553
            ],
            [
              -60.914424075241755,
              -31.41149363460391
            ],
            [
              -60.91489042889805,
              -31.410885586687833
            ],
            [
              -60.915350541490625,
              -31.41027408703301
            ],
            [
              -60.915804378052314,
              -31.409659182274464
            ],
            [
              -60.91625190409644,
              -31.409040919305994
            ],
            [
              -60.91669308561984,
              -31.408419345276545
            ],
            [
              -60.917127889104904,
              -31.407794507586658
            ],
            [
              -60.91755628152271,
              -31.40716645388478
            ],
            [
              -60.91797823033488,
              -31.40653523206364
            ],
            [
              -60.91839370349663,
              -31.405900890256607
            ],
            [
              -60.91880266945867,
              -31.405263476833962
            ],
            [
              -60.919205097169936,
              -31.404623040399205
            ],
            [
              -60.91960095607976,
              -31.403979629785383
            ],
            [
              -60.91999021614015,
              -31.403333294051254
            ],
            [
              -60.92037284780827,
              -31.40268408247765
            ],
            [
              -60.92074882204827,
              -31.40203204456363
            ],
            [
              -60.92111811033385,
              -31.401377230022696
            ],
            [
              -60.92148068465019,
              -31.400719688779013
            ],
            [
              -60.921836517496104,
              -31.400059470963598
            ],
            [
              -60.922185581886026,
              -31.399396626910427
            ],
            [
              -60.922527851352186,
              -31.398731207152682
            ],
            [
              -60.92286329994647,
              -31.39806326241877
            ],
            [
              -60.923191902242365,
              -31.397392843628555
            ],
            [
              -60.92351363333694,
              -31.396720001889385
            ],
            [
              -60.92382846885266,
              -31.39604478849221
            ],
            [
              -60.92413638493906,
              -31.39536725490767
            ],
            [
              -60.92443735827487,
              -31.394687452782144
            ],
            [
              -60.92473136606935,
              -31.394005433933824
            ],
            [
              -60.92501838606427,
              -31.39332125034873
            ],
            [
              -60.92529839653548,
              -31.392634954176742
            ],
            [
              -60.925571376294556,
              -31.391946597727625
            ],
            [
              -60.92583730469016,
              -31.391256233467026
            ],
            [
              -60.926096161609905,
              -31.390563914012443
            ],
            [
              -60.92634792748163,
              -31.389869692129274
            ],
            [
              -60.926592583274896,
              -31.389173620726684
            ],
            [
              -60.92683011050241,
              -31.388475752853655
            ],
            [
              -60.92706049122131,
              -31.38777614169487
            ],
            [
              -60.92728370803468,
              -31.387074840566708
            ],
            [
              -60.92749974409247,
              -31.38637190291309
            ],
            [
              -60.92770858309325,
              -31.385667382301506
            ],
            [
              -60.92791020928496,
              -31.384961332418833
            ],
            [
              -60.928104607466196,
              -31.384253807067275
            ],
            [
              -60.928291762987385,
              -31.383544860160253
            ],
            [
              -60.928471661751814,
              -31.38283454571828
            ],
            [
              -60.928644290216766,
              -31.382122917864873
            ],
            [
              -60.928809635394146,
              -31.381410030822344
            ],
            [
              -60.9289676848519,
              -31.380695938907778
            ],
            [
              -60.92911842671458,
              -31.379980696528758
            ],
            [
              -60.92926184966433,
              -31.37926435817931
            ],
            [
              -60.92939794294165,
              -31.37854697843571
            ],
            [
              -60.92952669634616,
              -31.37782861195232
            ],
            [
              -60.92964810023744,
              -31.377109313457424
            ],
            [
              -60.92976214553556,
              -31.37638913774905
            ],
            [
              -60.92986882372179,
              -31.375668139690806
            ],
            [
              -60.929968126839185,
              -31.37494637420765
            ],
            [
              -60.930060047493214,
              -31.374223896281766
            ],
            [
              -60.93014457885221,
              -31.373500760948335
            ],
            [
              -60.9302217146477,
              -31.37277702329133
            ],
            [
              -60.930291449175115,
              -31.372052738439347
            ],
            [
              -60.93035377729393,
              -31.371327961561374
            ],
            [
              -60.93040869442825,
              -31.37060274786261
            ],
            [
              -60.93045619656675,
              -31.369877152580244
            ],
            [
              -60.9304962802633,
              -31.369151230979252
            ],
            [
              -60.930528942636954,
              -31.36842503834817
            ],
            [
              -60.93055418137209,
              -31.367698629994916
            ],
            [
              -60.93057199471872,
              -31.36697206124252
            ],
            [
              -60.93058238149246,
              -31.366245387424996
            ],
            [
              -60.93058534107456,
              -31.36551866388302
            ],
            [
              -60.93058087341194,
              -31.364791945959812
            ],
            [
              -60.93056897901698,
              -31.364065288996873
            ],
            [
              -60.93054965896772,
              -31.363338748329756
            ],
            [
              -60.930522914907556,
              -31.362612379283906
            ],
            [
              -60.930488749045026,
              -31.361886237170385
            ],
            [
              -60.930447164153634,
              -31.361160377281724
            ],
            [
              -60.93039816357157,
              -31.360434854887668
            ],
            [
              -60.93034175120158,
              -31.35970972523097
            ],
            [
              -60.930277931510204,
              -31.358985043523248
            ],
            [
              -60.93020670952791,
              -31.358260864940686
            ],
            [
              -60.9301280908482,
              -31.357537244619916
            ],
            [
              -60.93004208162739,
              -31.356814237653786
            ],
            [
              -60.929948688584034,
              -31.35609189908718
            ],
            [
              -60.929847918998405,
              -31.35537028391281
            ],
            [
              -60.92973978071166,
              -31.354649447067082
            ],
            [
              -60.92962428212559,
              -31.35392944342585
            ],
            [
              -60.929501432201505,
              -31.353210327800312
            ],
            [
              -60.92937124045983,
              -31.352492154932786
            ],
            [
              -60.929233716979184,
              -31.351774979492582
            ],
            [
              -60.92908887239554,
              -31.351058856071834
            ],
            [
              -60.92893671790148,
              -31.350343839181342
            ],
            [
              -60.92877726524506,
              -31.349629983246444
            ],
            [
              -60.928610526729244,
              -31.348917342602864
            ],
            [
              -60.928436515210535,
              -31.3482059714926
            ],
            [
              -60.92825524409818,
              -31.34749592405978
            ],
            [
              -60.9280667273531,
              -31.346787254346573
            ],
            [
              -60.927870979486556,
              -31.346080016289076
            ],
            [
              -60.92766801555922,
              -31.34537426371318
            ],
            [
              -60.927457851180066,
              -31.34467005033053
            ],
            [
              -60.92724050250479,
              -31.34396742973444
            ],
            [
              -60.92701598623472,
              -31.343266455395785
            ],
            [
              -60.92678431961565,
              -31.342567180658975
            ],
            [
              -60.92654552043632,
              -31.3418696587379
            ],
            [
              -60.92629960702692,
              -31.341173942711865
            ],
            [
              -60.926046598257926,
              -31.34048008552159
            ],
            [
              -60.92578651353824,
              -31.339788139965172
            ],
            [
              -60.925519372814165,
              -31.3390981586941
            ],
            [
              -60.92524519656729,
              -31.338410194209217
            ],
            [
              -60.92496400581342,
              -31.33772429885678
            ],
            [
              -60.92467582210054,
              -31.33704052482446
            ],
            [
              -60.92438066750725,
              -31.336358924137375
            ],
            [
              -60.92407856464115,
              -31.335679548654173
            ],
            [
              -60.92376953663694,
              -31.33500245006309
            ],
            [
              -60.923453607154784,
              -31.334327679878005
            ],
            [
              -60.923130800378146,
              -31.33365528943454
            ],
            [
              -60.92280114101237,
              -31.332985329886192
            ],
            [
              -60.92246465428235,
              -31.332317852200415
            ],
            [
              -60.92212136593082,
              -31.3316529071548
            ],
            [
              -60.92177130221626,
              -31.330990545333165
            ],
            [
              -60.92141448991083,
              -31.330330817121784
            ],
            [
              -60.92105095629847,
              -31.329673772705515
            ],
            [
              -60.920680729172545,
              -31.329019462064018
            ],
            [
              -60.92030383683391,
              -31.328367934967982
            ],
            [
              -60.91992030808848,
              -31.327719240975295
            ],
            [
              -60.919530172245345,
              -31.327073429427383
            ],
            [
              -60.91913345911422,
              -31.326430549445366
            ],
            [
              -60.91873019900322,
              -31.3257906499264
            ],
            [
              -60.91832042271653,
              -31.32515377953997
            ],
            [
              -60.9179041615522,
              -31.324519986724162
            ],
            [
              -60.91748144729934,
              -31.323889319682042
            ],
            [
              -60.91705231223608,
              -31.32326182637797
            ],
            [
              -60.91661678912686,
              -31.322637554533983
            ],
            [
              -60.916174911220025,
              -31.322016551626167
            ],
            [
              -60.91572671224509,
              -31.32139886488109
            ],
            [
              -60.915272226410366,
              -31.32078454127218
            ],
            [
              -60.91481148840012,
              -31.3201736275162
            ],
            [
              -60.91434453337223,
              -31.319566170069724
            ],
            [
              -60.913871396955074,
              -31.318962215125566
            ],
            [
              -60.91339211524513,
              -31.318361808609342
            ],
            [
              -60.912906724803975,
              -31.31776499617596
            ],
            [
              -60.91241526265571,
              -31.317171823206156
            ],
            [
              -60.91191776628381,
              -31.316582334803087
            ],
            [
              -60.91141427362868,
              -31.31599657578892
            ],
            [
              -60.910904823084365,
              -31.315414590701387
            ],
            [
              -60.91038945349578,
              -31.31483642379049
            ],
            [
              -60.909868204155714,
              -31.314262119015076
            ],
            [
              -60.90934111480186,
              -31.313691720039586
            ],
            [
              -60.908808225613654,
              -31.313125270230692
            ],
            [
              -60.90826957720941,
              -31.312562812654043
            ],
            [
              -60.90772521064298,
              -31.312004390071003
            ],
            [
              -60.90717516740085,
              -31.311450044935423
            ],
            [
              -60.906619489398736,
              -31.31089981939042
            ],
            [
              -60.90605821897856,
              -31.31035375526519
            ],
            [
              -60.90549139890521,
              -31.30981189407185
            ],
            [
              -60.90491907236316,
              -31.309274277002277
            ],
            [
              -60.904341282953226,
              -31.308740944925066
            ],
            [
              -60.90375807468928,
              -31.308211938382314
            ],
            [
              -60.90316949199496,
              -31.307687297586686
            ],
            [
              -60.902575579700056,
              -31.30716706241829
            ],
            [
              -60.90197638303732,
              -31.306651272421693
            ],
            [
              -60.90137194763889,
              -31.306139966802924
            ],
            [
              -60.90076231953293,
              -31.30563318442652
            ],
            [
              -60.90014754513999,
              -31.305130963812587
            ],
            [
              -60.899527671269595,
              -31.30463334313386
            ],
            [
              -60.898902745116516,
              -31.30414036021287
            ],
            [
              -60.89827281425738,
              -31.303652052519055
            ],
            [
              -60.89763792664701,
              -31.303168457165903
            ],
            [
              -60.89699813061458,
              -31.302689610908224
            ],
            [
              -60.896353474860234,
              -31.302215550139284
            ],
            [
              -60.895704008451105,
              -31.301746310888117
            ],
            [
              -60.895049780817885,
              -31.30128192881679
            ],
            [
              -60.894390841750806,
              -31.300822439217672
            ],
            [
              -60.89372724139588,
              -31.30036787701085
            ],
            [
              -60.89305903025132,
              -31.299918276741405
            ],
            [
              -60.89238625916346,
              -31.29947367257683
            ],
            [
              -60.891708979323084,
              -31.299034098304492
            ],
            [
              -60.891027242261316,
              -31.298599587329026
            ],
            [
              -60.89034109984601,
              -31.298170172669835
            ],
            [
              -60.88965060427745,
              -31.297745886958594
            ],
            [
              -60.88895580808469,
              -31.297326762436803
            ],
            [
              -60.88825676412148,
              -31.29691283095331
            ],
            [
              -60.887553525562225,
              -31.296504123961967
            ],
            [
              -60.886846145898005,
              -31.296100672519184
            ],
            [
              -60.88613467893248,
              -31.29570250728165
            ],
            [
              -60.88541917877768,
              -31.29530965850398
            ],
            [
              -60.88469969985033,
              -31.294922156036463
            ],
            [
              -60.88397629686722,
              -31.294540029322768
            ],
            [
              -60.88324902484135,
              -31.29416330739773
            ],
            [
              -60.88251793907773,
              -31.293792018885217
            ],
            [
              -60.88178309516911,
              -31.293426191995884
            ],
            [
              -60.88104454899195,
              -31.293065854525103
            ],
            [
              -60.88030235670186,
              -31.29271103385085
            ],
            [
              -60.87955657472975,
              -31.292361756931598
            ],
            [
              -60.87880725977726,
              -31.292018050304392
            ],
            [
              -60.87805446881259,
              -31.291679940082716
            ],
            [
              -60.877298259066265,
              -31.291347451954607
            ],
            [
              -60.87653868802653,
              -31.29102061118069
            ],
            [
              -60.87577581343544,
              -31.29069944259229
            ],
            [
              -60.87500969328397,
              -31.290383970589517
            ],
            [
              -60.87424038580815,
              -31.29007421913946
            ],
            [
              -60.87346794948422,
              -31.289770211774403
            ],
            [
              -60.87269244302462,
              -31.28947197158997
            ],
            [
              -60.87191392537312,
              -31.289179521243465
            ],
            [
              -60.87113245570072,
              -31.288892882952126
            ],
            [
              -60.87034809340105,
              -31.288612078491447
            ],
            [
              -60.86956089808575,
              -31.288337129193554
            ],
            [
              -60.86877092958025,
              -31.288068055945562
            ],
            [
              -60.86797824791904,
              -31.287804879188048
            ],
            [
              -60.867182913341196,
              -31.287547618913475
            ],
            [
              -60.866384986285766,
              -31.287296294664685
            ],
            [
              -60.86558452738734,
              -31.287050925533443
            ],
            [
              -60.86478159747139,
              -31.286811530158985
            ],
            [
              -60.86397625754972,
              -31.28657812672663
            ],
            [
              -60.863168568815695,
              -31.286350732966383
            ],
            [
              -60.86235859263991,
              -31.286129366151613
            ],
            [
              -60.861546390565366,
              -31.285914043097737
            ],
            [
              -60.86073202430282,
              -31.285704780160984
            ],
            [
              -60.85991555572616,
              -31.285501593237125
            ],
            [
              -60.85909704686782,
              -31.285304497760308
            ],
            [
              -60.858276559913975,
              -31.28511350870187
            ],
            [
              -60.857454157199925,
              -31.2849286405692
            ],
            [
              -60.85662990120545,
              -31.284749907404695
            ],
            [
              -60.85580385454978,
              -31.284577322784642
            ],
            [
              -60.85497607998741,
              -31.284410899818226
            ],
            [
              -60.85414664040292,
              -31.284250651146557
            ],
            [
              -60.85331559880626,
              -31.284096588941665
            ],
            [
              -60.85248301832837,
              -31.28394872490563
            ],
            [
              -60.851648962216075,
              -31.283807070269695
            ],
            [
              -60.85081349382722,
              -31.283671635793404
            ],
            [
              -60.849976676626454,
              -31.283542431763777
            ],
            [
              -60.849138574179676,
              -31.283419467994584
            ],
            [
              -60.84829925014998,
              -31.283302753825552
            ],
            [
              -60.84745876829231,
              -31.283192298121705
            ],
            [
              -60.84661719244889,
              -31.283088109272654
            ],
            [
              -60.84577458654451,
              -31.282990195192006
            ],
            [
              -60.84493101458139,
              -31.28289856331674
            ],
            [
              -60.84408654063475,
              -31.28281322060664
            ],
            [
              -60.8432412288476,
              -31.282734173543826
            ],
            [
              -60.84239514342619,
              -31.282661428132176
            ],
            [
              -60.841548348635,
              -31.282594989896957
            ],
            [
              -60.84070090879203,
              -31.28253486388435
            ],
            [
              -60.83985288826386,
              -31.28248105466111
            ],
            [
              -60.8390043514608,
              -31.282433566314207
            ],
            [
              -60.83815536283214,
              -31.28239240245051
            ],
            [
              -60.837305986861054,
              -31.28235756619652
            ],
            [
              -60.83645628806005,
              -31.28232906019813
            ],
            [
              -60.835606330966016,
              -31.282306886620454
            ],
            [
              -60.834756180135,
              -31.282291047147616
            ],
            [
              -60.83390590013801,
              -31.282281542982673
            ],
            [
              -60.833055555555575,
              -31.282278374847486
            ]
          ]
        ]
      }
    },
    {
      "type": "Feature",
      "properties": {
        "id": "anac_ctr_saco",
        "name": "CTR CÓRDOBA",
        "categoryId": "controlled_airspace",
        "latitude": -31.008379810002033,
        "longitude": -64.20500000000001,
        "radiusMeters": 14841.719509855995,
        "allowedPermissionIds": [
          "authorized_commercial",
          "special_permit"
        ],
        "details": "CTR Aeropuerto Córdoba (SACO). Clase D.",
        "source": "ANAC AIP",
        "lowerLimitMetersAgl": 0.0,
        "upperLimitMetersMsl": 1981.2
      },
      "geometry": {
        "type": "Polygon",
        "coordinates": [
          [
            [
              -64.20499999999998,
              -30.87536762197819
            ],
            [
              -64.20364526092112,
              -30.875372688409385
            ],
            [
              -64.20229062458043,
              -30.875387887318755
            ],
            [
              -64.20093619370829,
              -30.87541321755366
            ],
            [
              -64.19958207101979,
              -30.875448677193134
            ],
            [
              -64.19822835920695,
              -30.875494263548052
            ],
            [
              -64.19687516093097,
              -30.87554997316126
            ],
            [
              -64.19552257881458,
              -30.87561580180792
            ],
            [
              -64.19417071543444,
              -30.87569174449578
            ],
            [
              -64.1928196733133,
              -30.87577779546553
            ],
            [
              -64.19146955491249,
              -30.87587394819129
            ],
            [
              -64.19012046262401,
              -30.87598019538106
            ],
            [
              -64.18877249876317,
              -30.876096528977257
            ],
            [
              -64.18742576556076,
              -30.87622294015735
            ],
            [
              -64.1860803651553,
              -30.876359419334506
            ],
            [
              -64.18473639958557,
              -30.8765059561583
            ],
            [
              -64.18339397078284,
              -30.8766625395155
            ],
            [
              -64.18205318056329,
              -30.876829157530896
            ],
            [
              -64.1807141306204,
              -30.877005797568202
            ],
            [
              -64.17937692251724,
              -30.877192446230975
            ],
            [
              -64.17804165767905,
              -30.877389089363646
            ],
            [
              -64.17670843738534,
              -30.877595712052564
            ],
            [
              -64.17537736276256,
              -30.877812298627127
            ],
            [
              -64.17404853477649,
              -30.878038832660938
            ],
            [
              -64.17272205422444,
              -30.87827529697304
            ],
            [
              -64.17139802172807,
              -30.878521673629216
            ],
            [
              -64.17007653772549,
              -30.878777943943344
            ],
            [
              -64.168757702464,
              -30.879044088478743
            ],
            [
              -64.16744161599235,
              -30.87932008704967
            ],
            [
              -64.16612837815342,
              -30.879605918722852
            ],
            [
              -64.16481808857657,
              -30.879901561819008
            ],
            [
              -64.16351084667042,
              -30.880206993914495
            ],
            [
              -64.16220675161509,
              -30.880522191842996
            ],
            [
              -64.16090590235495,
              -30.88084713169723
            ],
            [
              -64.15960839759111,
              -30.881181788830784
            ],
            [
              -64.1583143357741,
              -30.881526137859932
            ],
            [
              -64.1570238150963,
              -30.881880152665527
            ],
            [
              -64.15573693348489,
              -30.88224380639498
            ],
            [
              -64.1544537885942,
              -30.88261707146429
            ],
            [
              -64.15317447779847,
              -30.88299991956005
            ],
            [
              -64.15189909818463,
              -30.88339232164163
            ],
            [
              -64.15062774654484,
              -30.883794247943335
            ],
            [
              -64.1493605193694,
              -30.884205667976627
            ],
            [
              -64.14809751283929,
              -30.884626550532403
            ],
            [
              -64.14683882281929,
              -30.88505686368338
            ],
            [
              -64.1455845448503,
              -30.885496574786416
            ],
            [
              -64.14433477414258,
              -30.88594565048504
            ],
            [
              -64.14308960556832,
              -30.886404056711882
            ],
            [
              -64.14184913365472,
              -30.886871758691274
            ],
            [
              -64.1406134525767,
              -30.88734872094184
            ],
            [
              -64.1393826561499,
              -30.88783490727915
            ],
            [
              -64.13815683782366,
              -30.888330280818437
            ],
            [
              -64.13693609067388,
              -30.88883480397739
            ],
            [
              -64.13572050739606,
              -30.889348438478944
            ],
            [
              -64.13451018029843,
              -30.889871145354153
            ],
            [
              -64.13330520129489,
              -30.89040288494512
            ],
            [
              -64.13210566189798,
              -30.890943616907983
            ],
            [
              -64.13091165321231,
              -30.891493300215917
            ],
            [
              -64.12972326592734,
              -30.89205189316224
            ],
            [
              -64.12854059031082,
              -30.89261935336351
            ],
            [
              -64.12736371620178,
              -30.893195637762744
            ],
            [
              -64.12619273300396,
              -30.893780702632636
            ],
            [
              -64.12502772967889,
              -30.894374503578806
            ],
            [
              -64.12386879473934,
              -30.894976995543175
            ],
            [
              -64.1227160162423,
              -30.89558813280734
            ],
            [
              -64.1215694817829,
              -30.896207868995987
            ],
            [
              -64.12042927848734,
              -30.896836157080383
            ],
            [
              -64.11929549300646,
              -30.897472949381907
            ],
            [
              -64.11816821150921,
              -30.898118197575645
            ],
            [
              -64.11704751967619,
              -30.89877185269398
            ],
            [
              -64.115933502693,
              -30.899433865130327
            ],
            [
              -64.11482624524388,
              -30.900104184642785
            ],
            [
              -64.11372583150558,
              -30.900782760358002
            ],
            [
              -64.11263234514053,
              -30.90146954077489
            ],
            [
              -64.11154586929075,
              -30.902164473768607
            ],
            [
              -64.11046648657168,
              -30.90286750659436
            ],
            [
              -64.10939427906578,
              -30.90357858589149
            ],
            [
              -64.10832932831607,
              -30.904297657687348
            ],
            [
              -64.10727171532056,
              -30.905024667401467
            ],
            [
              -64.1062215205256,
              -30.905759559849603
            ],
            [
              -64.10517882381987,
              -30.906502279247896
            ],
            [
              -64.10414370452861,
              -30.907252769217063
            ],
            [
              -64.10311624140712,
              -30.90801097278663
            ],
            [
              -64.10209651263534,
              -30.90877683239925
            ],
            [
              -64.10108459581147,
              -30.909550289914964
            ],
            [
              -64.10008056794624,
              -30.910331286615655
            ],
            [
              -64.0990845054572,
              -30.91111976320938
            ],
            [
              -64.09809648416257,
              -30.91191565983491
            ],
            [
              -64.09711657927596,
              -30.912718916066172
            ],
            [
              -64.0961448654001,
              -30.913529470916814
            ],
            [
              -64.09518141652165,
              -30.91434726284481
            ],
            [
              -64.09422630600534,
              -30.915172229757065
            ],
            [
              -64.09327960658823,
              -30.916004309014117
            ],
            [
              -64.09234139037466,
              -30.916843437434817
            ],
            [
              -64.09141172883011,
              -30.917689551301102
            ],
            [
              -64.09049069277637,
              -30.918542586362793
            ],
            [
              -64.08957835238573,
              -30.919402477842446
            ],
            [
              -64.08867477717581,
              -30.920269160440174
            ],
            [
              -64.08778003600412,
              -30.921142568338645
            ],
            [
              -64.08689419706297,
              -30.92202263520796
            ],
            [
              -64.08601732787423,
              -30.92290929421073
            ],
            [
              -64.08514949528399,
              -30.923802478007
            ],
            [
              -64.08429076545758,
              -30.924702118759452
            ],
            [
              -64.08344120387466,
              -30.925608148138394
            ],
            [
              -64.08260087532392,
              -30.926520497327015
            ],
            [
              -64.08176984389826,
              -30.927439097026497
            ],
            [
              -64.0809481729899,
              -30.92836387746124
            ],
            [
              -64.08013592528562,
              -30.929294768384185
            ],
            [
              -64.0793331627616,
              -30.930231699082032
            ],
            [
              -64.07853994667909,
              -30.931174598380636
            ],
            [
              -64.07775633757939,
              -30.93212339465031
            ],
            [
              -64.07698239527929,
              -30.933078015811287
            ],
            [
              -64.07621817886667,
              -30.93403838933911
            ],
            [
              -64.07546374669562,
              -30.93500444227015
            ],
            [
              -64.07471915638223,
              -30.935976101207046
            ],
            [
              -64.07398446479999,
              -30.936953292324286
            ],
            [
              -64.07325972807541,
              -30.937935941373794
            ],
            [
              -64.07254500158388,
              -30.938923973690475
            ],
            [
              -64.07184033994514,
              -30.939917314197906
            ],
            [
              -64.0711457970192,
              -30.94091588741397
            ],
            [
              -64.07046142590218,
              -30.94191961745656
            ],
            [
              -64.06978727892226,
              -30.942928428049314
            ],
            [
              -64.0691234076354,
              -30.94394224252739
            ],
            [
              -64.06846986282164,
              -30.94496098384321
            ],
            [
              -64.06782669448103,
              -30.945984574572318
            ],
            [
              -64.06719395182967,
              -30.947012936919222
            ],
            [
              -64.06657168329605,
              -30.948045992723276
            ],
            [
              -64.06595993651723,
              -30.949083663464556
            ],
            [
              -64.0653587583351,
              -30.950125870269822
            ],
            [
              -64.06476819479263,
              -30.951172533918484
            ],
            [
              -64.06418829113073,
              -30.95222357484855
            ],
            [
              -64.06361909178406,
              -30.953278913162674
            ],
            [
              -64.06306064037824,
              -30.954338468634223
            ],
            [
              -64.0625129797258,
              -30.955402160713263
            ],
            [
              -64.06197615182339,
              -30.956469908532743
            ],
            [
              -64.06145019784822,
              -30.95754163091452
            ],
            [
              -64.06093515815479,
              -30.958617246375585
            ],
            [
              -64.0604310722718,
              -30.959696673134165
            ],
            [
              -64.0599379788992,
              -30.960779829115953
            ],
            [
              -64.05945591590489,
              -30.961866631960287
            ],
            [
              -64.05898492032179,
              -30.962956999026403
            ],
            [
              -64.05852502834517,
              -30.964050847399673
            ],
            [
              -64.05807627532954,
              -30.965148093897927
            ],
            [
              -64.05763869578578,
              -30.966248655077692
            ],
            [
              -64.05721232337885,
              -30.967352447240522
            ],
            [
              -64.0567971909245,
              -30.968459386439406
            ],
            [
              -64.05639333038732,
              -30.96956938848503
            ],
            [
              -64.05600077287767,
              -30.9706823689522
            ],
            [
              -64.05561954864947,
              -30.97179824318627
            ],
            [
              -64.05524968709778,
              -30.972916926309487
            ],
            [
              -64.05489121675629,
              -30.97403833322749
            ],
            [
              -64.05454416529528,
              -30.97516237863571
            ],
            [
              -64.05420855951922,
              -30.976288977025877
            ],
            [
              -64.05388442536457,
              -30.97741804269247
            ],
            [
              -64.05357178789791,
              -30.978549489739247
            ],
            [
              -64.05327067131373,
              -30.97968323208575
            ],
            [
              -64.0529810989326,
              -30.980819183473802
            ],
            [
              -64.05270309319906,
              -30.981957257474086
            ],
            [
              -64.0524366756801,
              -30.983097367492725
            ],
            [
              -64.05218186706315,
              -30.984239426777787
            ],
            [
              -64.05193868715446,
              -30.985383348425923
            ],
            [
              -64.05170715487759,
              -30.98652904538894
            ],
            [
              -64.05148728827146,
              -30.987676430480427
            ],
            [
              -64.05127910448954,
              -30.98882541638235
            ],
            [
              -64.05108261979763,
              -30.98997591565171
            ],
            [
              -64.05089784957306,
              -30.991127840727167
            ],
            [
              -64.05072480830319,
              -30.992281103935685
            ],
            [
              -64.05056350958421,
              -30.993435617499227
            ],
            [
              -64.05041396611989,
              -30.994591293541397
            ],
            [
              -64.05027618972065,
              -30.995748044094096
            ],
            [
              -64.05015019130235,
              -30.99690578110427
            ],
            [
              -64.05003598088553,
              -30.998064416440542
            ],
            [
              -64.04993356759434,
              -30.999223861899974
            ],
            [
              -64.04984295965573,
              -31.000384029214704
            ],
            [
              -64.04976416439888,
              -31.001544830058716
            ],
            [
              -64.04969718825436,
              -31.002706176054527
            ],
            [
              -64.04964203675337,
              -31.003867978779926
            ],
            [
              -64.04959871452758,
              -31.00503014977469
            ],
            [
              -64.04956722530824,
              -31.006192600547326
            ],
            [
              -64.04954757192593,
              -31.007355242581813
            ],
            [
              -64.04953975631042,
              -31.0085179873443
            ],
            [
              -64.04954377948997,
              -31.0096807462899
            ],
            [
              -64.04955964159149,
              -31.010843430869393
            ],
            [
              -64.04958734184015,
              -31.012005952535976
            ],
            [
              -64.04962687855937,
              -31.013168222752025
            ],
            [
              -64.04967824917111,
              -31.014330152995825
            ],
            [
              -64.04974145019531,
              -31.015491654768326
            ],
            [
              -64.04981647725072,
              -31.016652639599844
            ],
            [
              -64.04990332505452,
              -31.017813019056867
            ],
            [
              -64.050001987423,
              -31.018972704748755
            ],
            [
              -64.05011245727172,
              -31.020131608334477
            ],
            [
              -64.05023472661588,
              -31.021289641529375
            ],
            [
              -64.05036878657086,
              -31.02244671611186
            ],
            [
              -64.05051462735287,
              -31.023602743930173
            ],
            [
              -64.05067223827939,
              -31.02475763690907
            ],
            [
              -64.05084160776983,
              -31.025911307056575
            ],
            [
              -64.05102272334659,
              -31.0270636664707
            ],
            [
              -64.05121557163545,
              -31.028214627346106
            ],
            [
              -64.0514201383669,
              -31.02936410198085
            ],
            [
              -64.05163640837662,
              -31.030512002783055
            ],
            [
              -64.051864365607,
              -31.031658242277608
            ],
            [
              -64.05210399310795,
              -31.032802733112838
            ],
            [
              -64.05235527303796,
              -31.033945388067167
            ],
            [
              -64.05261818666571,
              -31.035086120055812
            ],
            [
              -64.05289271437107,
              -31.036224842137393
            ],
            [
              -64.05317883564646,
              -31.03736146752061
            ],
            [
              -64.05347652909859,
              -31.03849590957084
            ],
            [
              -64.05378577244954,
              -31.039628081816794
            ],
            [
              -64.05410654253876,
              -31.04075789795711
            ],
            [
              -64.05443881532443,
              -31.04188527186693
            ],
            [
              -64.05478256588526,
              -31.04301011760453
            ],
            [
              -64.05513776842224,
              -31.044132349417836
            ],
            [
              -64.05550439626057,
              -31.045251881751025
            ],
            [
              -64.05588242185149,
              -31.046368629251056
            ],
            [
              -64.05627181677431,
              -31.04748250677419
            ],
            [
              -64.05667255173847,
              -31.048593429392508
            ],
            [
              -64.05708459658558,
              -31.04970131240042
            ],
            [
              -64.05750792029181,
              -31.05080607132113
            ],
            [
              -64.05794249096977,
              -31.051907621913134
            ],
            [
              -64.05838827587127,
              -31.053005880176617
            ],
            [
              -64.05884524138935,
              -31.054100762359905
            ],
            [
              -64.05931335306104,
              -31.05519218496594
            ],
            [
              -64.05979257556953,
              -31.056280064758553
            ],
            [
              -64.06028287274711,
              -31.057364318768947
            ],
            [
              -64.06078420757757,
              -31.058444864301997
            ],
            [
              -64.0612965421991,
              -31.059521618942604
            ],
            [
              -64.06181983790685,
              -31.060594500562004
            ],
            [
              -64.0623540551561,
              -31.06166342732406
            ],
            [
              -64.0628991535649,
              -31.062728317691537
            ],
            [
              -64.06345509191715,
              -31.063789090432365
            ],
            [
              -64.06402182816561,
              -31.064845664625835
            ],
            [
              -64.06459931943516,
              -31.06589795966884
            ],
            [
              -64.06518752202584,
              -31.066945895282036
            ],
            [
              -64.06578639141605,
              -31.067989391515983
            ],
            [
              -64.06639588226597,
              -31.069028368757326
            ],
            [
              -64.06701594842093,
              -31.07006274773485
            ],
            [
              -64.06764654291476,
              -31.07109244952559
            ],
            [
              -64.0682876179734,
              -31.07211739556089
            ],
            [
              -64.06893912501823,
              -31.073137507632424
            ],
            [
              -64.06960101467001,
              -31.0741527078982
            ],
            [
              -64.07027323675243,
              -31.075162918888516
            ],
            [
              -64.07095574029569,
              -31.076168063511957
            ],
            [
              -64.07164847354062,
              -31.07716806506128
            ],
            [
              -64.07235138394236,
              -31.07816284721929
            ],
            [
              -64.07306441817434,
              -31.07915233406474
            ],
            [
              -64.07378752213225,
              -31.08013645007813
            ],
            [
              -64.07452064093815,
              -31.081115120147548
            ],
            [
              -64.07526371894454,
              -31.08208826957438
            ],
            [
              -64.07601669973866,
              -31.08305582407913
            ],
            [
              -64.07677952614654,
              -31.084017709807036
            ],
            [
              -64.07755214023746,
              -31.084973853333842
            ],
            [
              -64.0783344833282,
              -31.085924181671377
            ],
            [
              -64.07912649598762,
              -31.086868622273172
            ],
            [
              -64.07992811804093,
              -31.08780710304006
            ],
            [
              -64.08073928857436,
              -31.08873955232573
            ],
            [
              -64.08155994593983,
              -31.089665898942204
            ],
            [
              -64.08239002775929,
              -31.09058607216533
            ],
            [
              -64.0832294709299,
              -31.09150000174022
            ],
            [
              -64.08407821162837,
              -31.092407617886646
            ],
            [
              -64.08493618531605,
              -31.093308851304457
            ],
            [
              -64.0858033267437,
              -31.094203633178825
            ],
            [
              -64.08667956995657,
              -31.09509189518563
            ],
            [
              -64.08756484829911,
              -31.095973569496653
            ],
            [
              -64.08845909442033,
              -31.096848588784834
            ],
            [
              -64.08936224027877,
              -31.097716886229453
            ],
            [
              -64.09027421714768,
              -31.098578395521272
            ],
            [
              -64.09119495562015,
              -31.099433050867606
            ],
            [
              -64.09212438561457,
              -31.100280786997462
            ],
            [
              -64.0930624363798,
              -31.10112153916649
            ],
            [
              -64.09400903650055,
              -31.101955243162024
            ],
            [
              -64.09496411390302,
              -31.10278183530802
            ],
            [
              -64.09592759586002,
              -31.103601252469932
            ],
            [
              -64.09689940899688,
              -31.10441343205962
            ],
            [
              -64.0978794792967,
              -31.105218312040133
            ],
            [
              -64.09886773210633,
              -31.106015830930513
            ],
            [
              -64.09986409214179,
              -31.10680592781054
            ],
            [
              -64.10086848349408,
              -31.10758854232541
            ],
            [
              -64.10188082963504,
              -31.108363614690393
            ],
            [
              -64.10290105342312,
              -31.109131085695456
            ],
            [
              -64.10392907710934,
              -31.109890896709814
            ],
            [
              -64.10496482234316,
              -31.11064298968646
            ],
            [
              -64.10600821017852,
              -31.11138730716663
            ],
            [
              -64.10705916107963,
              -31.11212379228425
            ],
            [
              -64.10811759492759,
              -31.11285238877032
            ],
            [
              -64.10918343102594,
              -31.11357304095724
            ],
            [
              -64.11025658810718,
              -31.114285693783135
            ],
            [
              -64.11133698433883,
              -31.114990292796058
            ],
            [
              -64.11242453732979,
              -31.115686784158253
            ],
            [
              -64.11351916413662,
              -31.116375114650246
            ],
            [
              -64.11462078126982,
              -31.117055231675014
            ],
            [
              -64.11572930470044,
              -31.117727083261965
            ],
            [
              -64.11684464986615,
              -31.11839061807107
            ],
            [
              -64.11796673167811,
              -31.119045785396697
            ],
            [
              -64.11909546452728,
              -31.11969253517161
            ],
            [
              -64.12023076229104,
              -31.120330817970803
            ],
            [
              -64.12137253833976,
              -31.120960585015336
            ],
            [
              -64.1225207055436,
              -31.121581788176083
            ],
            [
              -64.12367517627894,
              -31.122194379977444
            ],
            [
              -64.12483586243525,
              -31.122798313601045
            ],
            [
              -64.12600267542211,
              -31.12339354288933
            ],
            [
              -64.12717552617545,
              -31.123980022349134
            ],
            [
              -64.12835432516488,
              -31.124557707155166
            ],
            [
              -64.12953898240039,
              -31.125126553153553
            ],
            [
              -64.13072940743933,
              -31.125686516865162
            ],
            [
              -64.13192550939323,
              -31.126237555489006
            ],
            [
              -64.13312719693499,
              -31.126779626905556
            ],
            [
              -64.13433437830571,
              -31.12731268967998
            ],
            [
              -64.1355469613219,
              -31.12783670306535
            ],
            [
              -64.13676485338254,
              -31.128351627005788
            ],
            [
              -64.13798796147614,
              -31.12885742213957
            ],
            [
              -64.13921619218803,
              -31.129354049802167
            ],
            [
              -64.14044945170747,
              -31.12984147202925
            ],
            [
              -64.14168764583479,
              -31.130319651559578
            ],
            [
              -64.14293067998892,
              -31.130788551837924
            ],
            [
              -64.14417845921446,
              -31.1312481370179
            ],
            [
              -64.14543088818897,
              -31.131698371964692
            ],
            [
              -64.14668787123054,
              -31.132139222257837
            ],
            [
              -64.14794931230489,
              -31.132570654193827
            ],
            [
              -64.14921511503309,
              -31.13299263478874
            ],
            [
              -64.15048518269867,
              -31.133405131780794
            ],
            [
              -64.15175941825538,
              -31.13380811363284
            ],
            [
              -64.15303772433447,
              -31.13420154953481
            ],
            [
              -64.15432000325234,
              -31.134585409406093
            ],
            [
              -64.15560615701793,
              -31.134959663897835
            ],
            [
              -64.15689608734044,
              -31.135324284395264
            ],
            [
              -64.15818969563685,
              -31.135679243019876
            ],
            [
              -64.15948688303962,
              -31.136024512631582
            ],
            [
              -64.16078755040405,
              -31.136360066830814
            ],
            [
              -64.16209159831647,
              -31.13668587996059
            ],
            [
              -64.16339892710118,
              -31.137001927108475
            ],
            [
              -64.16470943682896,
              -31.1373081841085
            ],
            [
              -64.16602302732417,
              -31.13760462754309
            ],
            [
              -64.16733959817282,
              -31.137891234744785
            ],
            [
              -64.16865904873009,
              -31.13816798379808
            ],
            [
              -64.16998127812855,
              -31.138434853541092
            ],
            [
              -64.1713061852854,
              -31.13869182356716
            ],
            [
              -64.17263366891075,
              -31.138938874226472
            ],
            [
              -64.17396362751504,
              -31.139175986627595
            ],
            [
              -64.17529595941733,
              -31.13940314263888
            ],
            [
              -64.17663056275285,
              -31.139620324889915
            ],
            [
              -64.17796733548096,
              -31.139827516772854
            ],
            [
              -64.17930617539315,
              -31.140024702443704
            ],
            [
              -64.18064698012086,
              -31.140211866823556
            ],
            [
              -64.18198964714321,
              -31.140388995599736
            ],
            [
              -64.18333407379544,
              -31.140556075226925
            ],
            [
              -64.18468015727626,
              -31.140713092928237
            ],
            [
              -64.1860277946563,
              -31.140860036696132
            ],
            [
              -64.1873768828857,
              -31.140996895293437
            ],
            [
              -64.18872731880248,
              -31.14112365825414
            ],
            [
              -64.19007899914004,
              -31.141240315884247
            ],
            [
              -64.19143182053563,
              -31.141346859262526
            ],
            [
              -64.19278567953802,
              -31.141443280241177
            ],
            [
              -64.19414047261569,
              -31.141529571446473
            ],
            [
              -64.19549609616473,
              -31.141605726279362
            ],
            [
              -64.19685244651697,
              -31.14167173891591
            ],
            [
              -64.19820941994794,
              -31.141727604307814
            ],
            [
              -64.19956691268499,
              -31.14177331818279
            ],
            [
              -64.20092482091502,
              -31.141808877044838
            ],
            [
              -64.20228304079308,
              -31.141834278174603
            ],
            [
              -64.20364146844986,
              -31.141849519629538
            ],
            [
              -64.20499999999998,
              -31.141854600244024
            ],
            [
              -64.20635853155017,
              -31.141849519629538
            ],
            [
              -64.20771695920689,
              -31.141834278174603
            ],
            [
              -64.20907517908495,
              -31.141808877044838
            ],
            [
              -64.21043308731504,
              -31.14177331818279
            ],
            [
              -64.21179058005202,
              -31.141727604307814
            ],
            [
              -64.21314755348305,
              -31.14167173891591
            ],
            [
              -64.2145039038353,
              -31.141605726279362
            ],
            [
              -64.21585952738434,
              -31.141529571446473
            ],
            [
              -64.21721432046195,
              -31.141443280241177
            ],
            [
              -64.21856817946434,
              -31.141346859262526
            ],
            [
              -64.21992100085993,
              -31.141240315884247
            ],
            [
              -64.22127268119755,
              -31.14112365825414
            ],
            [
              -64.22262311711427,
              -31.140996895293437
            ],
            [
              -64.22397220534373,
              -31.140860036696132
            ],
            [
              -64.22531984272376,
              -31.140713092928237
            ],
            [
              -64.22666592620459,
              -31.140556075226925
            ],
            [
              -64.22801035285681,
              -31.140388995599736
            ],
            [
              -64.22935301987917,
              -31.140211866823556
            ],
            [
              -64.23069382460682,
              -31.140024702443704
            ],
            [
              -64.23203266451901,
              -31.139827516772854
            ],
            [
              -64.23336943724718,
              -31.139620324889915
            ],
            [
              -64.2347040405827,
              -31.13940314263888
            ],
            [
              -64.23603637248499,
              -31.139175986627595
            ],
            [
              -64.23736633108928,
              -31.138938874226472
            ],
            [
              -64.23869381471457,
              -31.13869182356716
            ],
            [
              -64.24001872187148,
              -31.138434853541092
            ],
            [
              -64.24134095126988,
              -31.13816798379808
            ],
            [
              -64.24266040182721,
              -31.137891234744785
            ],
            [
              -64.2439769726758,
              -31.13760462754309
            ],
            [
              -64.24529056317101,
              -31.1373081841085
            ],
            [
              -64.24660107289878,
              -31.137001927108475
            ],
            [
              -64.24790840168356,
              -31.13668587996059
            ],
            [
              -64.24921244959592,
              -31.136360066830814
            ],
            [
              -64.2505131169604,
              -31.136024512631582
            ],
            [
              -64.25181030436312,
              -31.135679243019876
            ],
            [
              -64.25310391265958,
              -31.135324284395264
            ],
            [
              -64.2543938429821,
              -31.134959663897835
            ],
            [
              -64.25567999674769,
              -31.134585409406093
            ],
            [
              -64.2569622756655,
              -31.13420154953481
            ],
            [
              -64.25824058174459,
              -31.13380811363284
            ],
            [
              -64.25951481730135,
              -31.133405131780794
            ],
            [
              -64.26078488496694,
              -31.13299263478874
            ],
            [
              -64.26205068769514,
              -31.132570654193827
            ],
            [
              -64.26331212876948,
              -31.132139222257837
            ],
            [
              -64.26456911181106,
              -31.131698371964692
            ],
            [
              -64.26582154078551,
              -31.1312481370179
            ],
            [
              -64.26706932001105,
              -31.130788551837924
            ],
            [
              -64.26831235416523,
              -31.130319651559578
            ],
            [
              -64.26955054829256,
              -31.12984147202925
            ],
            [
              -64.270783807812,
              -31.129354049802167
            ],
            [
              -64.27201203852383,
              -31.12885742213957
            ],
            [
              -64.27323514661748,
              -31.128351627005788
            ],
            [
              -64.27445303867808,
              -31.12783670306535
            ],
            [
              -64.27566562169426,
              -31.12731268967998
            ],
            [
              -64.27687280306498,
              -31.126779626905556
            ],
            [
              -64.27807449060674,
              -31.126237555489006
            ],
            [
              -64.27927059256064,
              -31.125686516865162
            ],
            [
              -64.28046101759958,
              -31.125126553153553
            ],
            [
              -64.28164567483509,
              -31.124557707155166
            ],
            [
              -64.28282447382458,
              -31.123980022349134
            ],
            [
              -64.28399732457791,
              -31.12339354288933
            ],
            [
              -64.28516413756472,
              -31.122798313601045
            ],
            [
              -64.28632482372109,
              -31.122194379977444
            ],
            [
              -64.28747929445638,
              -31.121581788176083
            ],
            [
              -64.28862746166021,
              -31.120960585015336
            ],
            [
              -64.28976923770898,
              -31.120330817970803
            ],
            [
              -64.29090453547269,
              -31.11969253517161
            ],
            [
              -64.29203326832192,
              -31.119045785396697
            ],
            [
              -64.29315535013387,
              -31.11839061807107
            ],
            [
              -64.29427069529959,
              -31.117727083261965
            ],
            [
              -64.29537921873015,
              -31.117055231675014
            ],
            [
              -64.29648083586335,
              -31.116375114650246
            ],
            [
              -64.29757546267024,
              -31.115686784158253
            ],
            [
              -64.29866301566119,
              -31.114990292796058
            ],
            [
              -64.29974341189279,
              -31.114285693783135
            ],
            [
              -64.30081656897403,
              -31.11357304095724
            ],
            [
              -64.30188240507238,
              -31.11285238877032
            ],
            [
              -64.30294083892034,
              -31.11212379228425
            ],
            [
              -64.30399178982151,
              -31.11138730716663
            ],
            [
              -64.3050351776568,
              -31.11064298968646
            ],
            [
              -64.30607092289063,
              -31.109890896709814
            ],
            [
              -64.3070989465769,
              -31.109131085695456
            ],
            [
              -64.30811917036499,
              -31.108363614690393
            ],
            [
              -64.30913151650594,
              -31.10758854232541
            ],
            [
              -64.31013590785824,
              -31.10680592781054
            ],
            [
              -64.31113226789364,
              -31.106015830930513
            ],
            [
              -64.31212052070327,
              -31.105218312040133
            ],
            [
              -64.31310059100315,
              -31.10441343205962
            ],
            [
              -64.31407240413995,
              -31.103601252469932
            ],
            [
              -64.31503588609701,
              -31.10278183530802
            ],
            [
              -64.31599096349942,
              -31.101955243162024
            ],
            [
              -64.31693756362023,
              -31.10112153916649
            ],
            [
              -64.31787561438546,
              -31.100280786997462
            ],
            [
              -64.31880504437981,
              -31.099433050867606
            ],
            [
              -64.31972578285234,
              -31.098578395521272
            ],
            [
              -64.3206377597212,
              -31.097716886229453
            ],
            [
              -64.3215409055797,
              -31.096848588784834
            ],
            [
              -64.32243515170092,
              -31.095973569496653
            ],
            [
              -64.32332043004345,
              -31.09509189518563
            ],
            [
              -64.32419667325627,
              -31.094203633178825
            ],
            [
              -64.32506381468397,
              -31.093308851304457
            ],
            [
              -64.32592178837166,
              -31.092407617886646
            ],
            [
              -64.32677052907013,
              -31.09150000174022
            ],
            [
              -64.32760997224068,
              -31.09058607216533
            ],
            [
              -64.3284400540602,
              -31.089665898942204
            ],
            [
              -64.3292607114256,
              -31.08873955232573
            ],
            [
              -64.33007188195904,
              -31.08780710304006
            ],
            [
              -64.3308735040124,
              -31.086868622273172
            ],
            [
              -64.33166551667182,
              -31.085924181671377
            ],
            [
              -64.33244785976257,
              -31.084973853333842
            ],
            [
              -64.33322047385349,
              -31.084017709807036
            ],
            [
              -64.33398330026137,
              -31.08305582407913
            ],
            [
              -64.33473628105548,
              -31.08208826957438
            ],
            [
              -64.33547935906188,
              -31.081115120147548
            ],
            [
              -64.33621247786778,
              -31.08013645007813
            ],
            [
              -64.33693558182563,
              -31.07915233406474
            ],
            [
              -64.3376486160576,
              -31.07816284721929
            ],
            [
              -64.33835152645935,
              -31.07716806506128
            ],
            [
              -64.33904425970434,
              -31.076168063511957
            ],
            [
              -64.3397267632476,
              -31.075162918888516
            ],
            [
              -64.34039898533001,
              -31.0741527078982
            ],
            [
              -64.34106087498179,
              -31.073137507632424
            ],
            [
              -64.34171238202663,
              -31.0721173955609
            ],
            [
              -64.34235345708521,
              -31.07109244952559
            ],
            [
              -64.34298405157904,
              -31.07006274773485
            ],
            [
              -64.343604117734,
              -31.069028368757326
            ],
            [
              -64.34421360858397,
              -31.067989391515983
            ],
            [
              -64.34481247797419,
              -31.066945895282036
            ],
            [
              -64.34540068056481,
              -31.06589795966884
            ],
            [
              -64.34597817183442,
              -31.064845664625835
            ],
            [
              -64.34654490808288,
              -31.063789090432365
            ],
            [
              -64.34710084643507,
              -31.062728317691537
            ],
            [
              -64.34764594484386,
              -31.06166342732406
            ],
            [
              -64.34818016209317,
              -31.060594500562004
            ],
            [
              -64.34870345780092,
              -31.059521618942604
            ],
            [
              -64.3492157924224,
              -31.058444864301997
            ],
            [
              -64.34971712725292,
              -31.057364318768947
            ],
            [
              -64.35020742443044,
              -31.056280064758553
            ],
            [
              -64.35068664693898,
              -31.05519218496594
            ],
            [
              -64.35115475861062,
              -31.054100762359905
            ],
            [
              -64.35161172412876,
              -31.053005880176617
            ],
            [
              -64.35205750903026,
              -31.051907621913134
            ],
            [
              -64.35249207970821,
              -31.05080607132113
            ],
            [
              -64.35291540341439,
              -31.04970131240042
            ],
            [
              -64.35332744826155,
              -31.048593429392508
            ],
            [
              -64.35372818322571,
              -31.04748250677419
            ],
            [
              -64.35411757814853,
              -31.046368629251056
            ],
            [
              -64.35449560373945,
              -31.045251881751025
            ],
            [
              -64.35486223157778,
              -31.044132349417836
            ],
            [
              -64.35521743411476,
              -31.04301011760453
            ],
            [
              -64.35556118467554,
              -31.04188527186693
            ],
            [
              -64.3558934574612,
              -31.04075789795711
            ],
            [
              -64.35621422755048,
              -31.039628081816794
            ],
            [
              -64.35652347090144,
              -31.03849590957084
            ],
            [
              -64.35682116435356,
              -31.03736146752061
            ],
            [
              -64.35710728562896,
              -31.036224842137393
            ],
            [
              -64.35738181333431,
              -31.035086120055812
            ],
            [
              -64.35764472696206,
              -31.033945388067167
            ],
            [
              -64.35789600689208,
              -31.032802733112838
            ],
            [
              -64.35813563439297,
              -31.031658242277608
            ],
            [
              -64.3583635916234,
              -31.030512002783055
            ],
            [
              -64.35857986163313,
              -31.02936410198085
            ],
            [
              -64.35878442836452,
              -31.028214627346106
            ],
            [
              -64.35897727665343,
              -31.0270636664707
            ],
            [
              -64.35915839223014,
              -31.025911307056575
            ],
            [
              -64.35932776172064,
              -31.02475763690907
            ],
            [
              -64.3594853726471,
              -31.023602743930173
            ],
            [
              -64.35963121342911,
              -31.02244671611186
            ],
            [
              -64.35976527338414,
              -31.021289641529375
            ],
            [
              -64.3598875427283,
              -31.020131608334477
            ],
            [
              -64.35999801257697,
              -31.018972704748755
            ],
            [
              -64.36009667494545,
              -31.017813019056867
            ],
            [
              -64.36018352274931,
              -31.016652639599844
            ],
            [
              -64.36025854980466,
              -31.015491654768326
            ],
            [
              -64.36032175082892,
              -31.014330152995825
            ],
            [
              -64.3603731214406,
              -31.013168222752025
            ],
            [
              -64.36041265815987,
              -31.012005952535976
            ],
            [
              -64.36044035840848,
              -31.010843430869393
            ],
            [
              -64.36045622051,
              -31.0096807462899
            ],
            [
              -64.36046024368954,
              -31.0085179873443
            ],
            [
              -64.36045242807404,
              -31.007355242581813
            ],
            [
              -64.36043277469179,
              -31.006192600547326
            ],
            [
              -64.36040128547245,
              -31.00503014977469
            ],
            [
              -64.36035796324666,
              -31.003867978779926
            ],
            [
              -64.36030281174567,
              -31.002706176054527
            ],
            [
              -64.36023583560109,
              -31.001544830058716
            ],
            [
              -64.36015704034423,
              -31.000384029214704
            ],
            [
              -64.36006643240569,
              -30.999223861899974
            ],
            [
              -64.3599640191145,
              -30.998064416440542
            ],
            [
              -64.35984980869762,
              -30.99690578110427
            ],
            [
              -64.35972381027938,
              -30.995748044094096
            ],
            [
              -64.35958603388008,
              -30.994591293541397
            ],
            [
              -64.35943649041576,
              -30.993435617499227
            ],
            [
              -64.35927519169678,
              -30.992281103935685
            ],
            [
              -64.35910215042696,
              -30.991127840727167
            ],
            [
              -64.3589173802024,
              -30.98997591565171
            ],
            [
              -64.35872089551049,
              -30.98882541638235
            ],
            [
              -64.35851271172851,
              -30.987676430480427
            ],
            [
              -64.35829284512243,
              -30.98652904538894
            ],
            [
              -64.3580613128455,
              -30.985383348425923
            ],
            [
              -64.35781813293681,
              -30.984239426777787
            ],
            [
              -64.35756332431987,
              -30.983097367492725
            ],
            [
              -64.35729690680091,
              -30.981957257474086
            ],
            [
              -64.35701890106742,
              -30.980819183473802
            ],
            [
              -64.35672932868624,
              -30.97968323208575
            ],
            [
              -64.35642821210212,
              -30.978549489739247
            ],
            [
              -64.35611557463545,
              -30.97741804269247
            ],
            [
              -64.3557914404808,
              -30.976288977025877
            ],
            [
              -64.35545583470469,
              -30.97516237863571
            ],
            [
              -64.35510878324368,
              -30.97403833322749
            ],
            [
              -64.35475031290224,
              -30.972916926309487
            ],
            [
              -64.3543804513505,
              -30.97179824318627
            ],
            [
              -64.35399922712236,
              -30.9706823689522
            ],
            [
              -64.35360666961265,
              -30.96956938848503
            ],
            [
              -64.35320280907547,
              -30.968459386439406
            ],
            [
              -64.35278767662118,
              -30.967352447240522
            ],
            [
              -64.35236130421418,
              -30.966248655077692
            ],
            [
              -64.35192372467048,
              -30.965148093897927
            ],
            [
              -64.35147497165485,
              -30.964050847399673
            ],
            [
              -64.35101507967818,
              -30.962956999026403
            ],
            [
              -64.35054408409513,
              -30.961866631960287
            ],
            [
              -64.35006202110083,
              -30.960779829115953
            ],
            [
              -64.34956892772817,
              -30.959696673134165
            ],
            [
              -64.34906484184523,
              -30.958617246375585
            ],
            [
              -64.34854980215175,
              -30.95754163091452
            ],
            [
              -64.34802384817658,
              -30.956469908532743
            ],
            [
              -64.34748702027423,
              -30.955402160713263
            ],
            [
              -64.34693935962179,
              -30.954338468634223
            ],
            [
              -64.3463809082159,
              -30.953278913162674
            ],
            [
              -64.34581170886929,
              -30.95222357484855
            ],
            [
              -64.34523180520733,
              -30.951172533918484
            ],
            [
              -64.34464124166493,
              -30.950125870269822
            ],
            [
              -64.3440400634828,
              -30.949083663464556
            ],
            [
              -64.34342831670392,
              -30.948045992723276
            ],
            [
              -64.3428060481703,
              -30.947012936919222
            ],
            [
              -64.34217330551894,
              -30.945984574572318
            ],
            [
              -64.34153013717832,
              -30.94496098384321
            ],
            [
              -64.34087659236462,
              -30.94394224252739
            ],
            [
              -64.34021272107776,
              -30.942928428049314
            ],
            [
              -64.33953857409779,
              -30.94191961745656
            ],
            [
              -64.33885420298077,
              -30.94091588741397
            ],
            [
              -64.33815966005488,
              -30.939917314197906
            ],
            [
              -64.33745499841609,
              -30.938923973690475
            ],
            [
              -64.33674027192455,
              -30.937935941373794
            ],
            [
              -64.33601553520003,
              -30.936953292324286
            ],
            [
              -64.33528084361774,
              -30.935976101207046
            ],
            [
              -64.33453625330435,
              -30.93500444227015
            ],
            [
              -64.33378182113336,
              -30.93403838933911
            ],
            [
              -64.33301760472068,
              -30.933078015811287
            ],
            [
              -64.33224366242064,
              -30.93212339465031
            ],
            [
              -64.33146005332088,
              -30.931174598380636
            ],
            [
              -64.33066683723837,
              -30.930231699082032
            ],
            [
              -64.32986407471435,
              -30.929294768384185
            ],
            [
              -64.32905182701006,
              -30.92836387746124
            ],
            [
              -64.32823015610177,
              -30.927439097026497
            ],
            [
              -64.3273991246761,
              -30.926520497327015
            ],
            [
              -64.32655879612537,
              -30.925608148138394
            ],
            [
              -64.32570923454239,
              -30.924702118759452
            ],
            [
              -64.32485050471604,
              -30.923802478007
            ],
            [
              -64.3239826721258,
              -30.92290929421073
            ],
            [
              -64.323105802937,
              -30.92202263520796
            ],
            [
              -64.3222199639959,
              -30.921142568338645
            ],
            [
              -64.32132522282421,
              -30.920269160440174
            ],
            [
              -64.32042164761424,
              -30.919402477842446
            ],
            [
              -64.3195093072236,
              -30.918542586362793
            ],
            [
              -64.31858827116992,
              -30.917689551301102
            ],
            [
              -64.31765860962537,
              -30.916843437434817
            ],
            [
              -64.31672039341174,
              -30.916004309014117
            ],
            [
              -64.31577369399469,
              -30.915172229757065
            ],
            [
              -64.31481858347831,
              -30.91434726284481
            ],
            [
              -64.31385513459986,
              -30.913529470916814
            ],
            [
              -64.31288342072406,
              -30.912718916066172
            ],
            [
              -64.3119035158374,
              -30.91191565983491
            ],
            [
              -64.31091549454283,
              -30.91111976320938
            ],
            [
              -64.30991943205379,
              -30.910331286615655
            ],
            [
              -64.30891540418855,
              -30.909550289914964
            ],
            [
              -64.30790348736468,
              -30.90877683239925
            ],
            [
              -64.3068837585929,
              -30.90801097278663
            ],
            [
              -64.30585629547141,
              -30.907252769217063
            ],
            [
              -64.3048211761801,
              -30.906502279247896
            ],
            [
              -64.30377847947443,
              -30.905759559849603
            ],
            [
              -64.3027282846794,
              -30.905024667401467
            ],
            [
              -64.30167067168395,
              -30.904297657687348
            ],
            [
              -64.30060572093424,
              -30.90357858589149
            ],
            [
              -64.29953351342829,
              -30.90286750659436
            ],
            [
              -64.29845413070927,
              -30.902164473768607
            ],
            [
              -64.2973676548595,
              -30.90146954077489
            ],
            [
              -64.29627416849445,
              -30.900782760358002
            ],
            [
              -64.29517375475609,
              -30.900104184642785
            ],
            [
              -64.29406649730703,
              -30.899433865130327
            ],
            [
              -64.29295248032383,
              -30.89877185269398
            ],
            [
              -64.29183178849075,
              -30.898118197575645
            ],
            [
              -64.2907045069935,
              -30.897472949381907
            ],
            [
              -64.28957072151263,
              -30.896836157080383
            ],
            [
              -64.28843051821707,
              -30.896207868995987
            ],
            [
              -64.28728398375773,
              -30.89558813280734
            ],
            [
              -64.28613120526069,
              -30.894976995543175
            ],
            [
              -64.28497227032108,
              -30.894374503578806
            ],
            [
              -64.283807266996,
              -30.893780702632636
            ],
            [
              -64.28263628379818,
              -30.893195637762744
            ],
            [
              -64.2814594096892,
              -30.89261935336351
            ],
            [
              -64.28027673407269,
              -30.89205189316224
            ],
            [
              -64.27908834678772,
              -30.891493300215917
            ],
            [
              -64.27789433810199,
              -30.890943616907983
            ],
            [
              -64.27669479870514,
              -30.89040288494512
            ],
            [
              -64.27548981970153,
              -30.889871145354153
            ],
            [
              -64.27427949260391,
              -30.889348438478944
            ],
            [
              -64.27306390932608,
              -30.88883480397739
            ],
            [
              -64.27184316217631,
              -30.888330280818437
            ],
            [
              -64.27061734385006,
              -30.88783490727915
            ],
            [
              -64.26938654742327,
              -30.88734872094184
            ],
            [
              -64.26815086634525,
              -30.886871758691274
            ],
            [
              -64.26691039443165,
              -30.886404056711882
            ],
            [
              -64.26566522585745,
              -30.88594565048504
            ],
            [
              -64.26441545514973,
              -30.885496574786416
            ],
            [
              -64.26316117718073,
              -30.88505686368338
            ],
            [
              -64.26190248716068,
              -30.884626550532403
            ],
            [
              -64.26063948063063,
              -30.884205667976627
            ],
            [
              -64.25937225345518,
              -30.883794247943335
            ],
            [
              -64.2581009018154,
              -30.88339232164163
            ],
            [
              -64.25682552220155,
              -30.88299991956005
            ],
            [
              -64.25554621140583,
              -30.88261707146429
            ],
            [
              -64.25426306651514,
              -30.88224380639498
            ],
            [
              -64.25297618490367,
              -30.881880152665527
            ],
            [
              -64.25168566422593,
              -30.881526137859932
            ],
            [
              -64.25039160240891,
              -30.881181788830784
            ],
            [
              -64.24909409764507,
              -30.88084713169723
            ],
            [
              -64.24779324838488,
              -30.880522191842996
            ],
            [
              -64.24648915332955,
              -30.880206993914495
            ],
            [
              -64.2451819114234,
              -30.879901561819008
            ],
            [
              -64.24387162184661,
              -30.879605918722852
            ],
            [
              -64.24255838400768,
              -30.87932008704967
            ],
            [
              -64.24124229753602,
              -30.879044088478743
            ],
            [
              -64.23992346227448,
              -30.878777943943344
            ],
            [
              -64.2386019782719,
              -30.878521673629216
            ],
            [
              -64.23727794577553,
              -30.87827529697304
            ],
            [
              -64.23595146522354,
              -30.878038832660938
            ],
            [
              -64.23462263723741,
              -30.877812298627127
            ],
            [
              -64.23329156261468,
              -30.877595712052564
            ],
            [
              -64.23195834232092,
              -30.877389089363646
            ],
            [
              -64.23062307748273,
              -30.877192446230975
            ],
            [
              -64.22928586937962,
              -30.877005797568202
            ],
            [
              -64.22794681943674,
              -30.876829157530896
            ],
            [
              -64.22660602921718,
              -30.8766625395155
            ],
            [
              -64.22526360041445,
              -30.8765059561583
            ],
            [
              -64.22391963484472,
              -30.876359419334506
            ],
            [
              -64.22257423443921,
              -30.87622294015735
            ],
            [
              -64.2212275012368,
              -30.876096528977257
            ],
            [
              -64.21987953737602,
              -30.87598019538106
            ],
            [
              -64.21853044508754,
              -30.87587394819129
            ],
            [
              -64.21718032668667,
              -30.87577779546553
            ],
            [
              -64.21582928456553,
              -30.87569174449578
            ],
            [
              -64.21447742118539,
              -30.87561580180792
            ],
            [
              -64.213124839069,
              -30.87554997316126
            ],
            [
              -64.21177164079302,
              -30.875494263548052
            ],
            [
              -64.21041792898018,
              -30.875448677193134
            ],
            [
              -64.20906380629174,
              -30.87541321755366
            ],
            [
              -64.2077093754196,
              -30.875387887318755
            ],
            [
              -64.20635473907885,
              -30.875372688409385
            ],
            [
              -64.20499999999998,
              -30.87536762197819
            ]
          ]
        ]
      }
    },
    {
      "type": "Feature",
      "properties": {
        "id": "anac_ctr_same",
        "name": "CTR MENDOZA",
        "categoryId": "controlled_airspace",
        "latitude": -32.8386541567923,
        "longitude": -68.78499999999997,
        "radiusMeters": 14842.101018261486,
        "allowedPermissionIds": [
          "authorized_commercial",
          "special_permit"
        ],
        "details": "CTR Aeropuerto Mendoza (SAME). Clase D.",
        "source": "ANAC AIP",
        "lowerLimitMetersAgl": 0.0,
        "upperLimitMetersMsl": 1981.2
      },
      "geometry": {
        "type": "Polygon",
        "coordinates": [
          [
            [
              -68.78499999999997,
              -32.70564539975597
            ],
            [
              -68.78361816789294,
              -32.7056504656654
            ],
            [
              -68.78223644054623,
              -32.705665663009626
            ],
            [
              -68.78085492271248,
              -32.70569099063646
            ],
            [
              -68.77947371912848,
              -32.705726446625775
            ],
            [
              -68.77809293450758,
              -32.70577202828951
            ],
            [
              -68.77671267353185,
              -32.705827732171954
            ],
            [
              -68.77533304084415,
              -32.70589355405
            ],
            [
              -68.77395414104035,
              -32.70596948893345
            ],
            [
              -68.77257607866142,
              -32.70605553106537
            ],
            [
              -68.77119895818589,
              -32.70615167392254
            ],
            [
              -68.76982288402161,
              -32.70625791021597
            ],
            [
              -68.76844796049835,
              -32.70637423189139
            ],
            [
              -68.76707429185973,
              -32.70650063012987
            ],
            [
              -68.76570198225545,
              -32.70663709534849
            ],
            [
              -68.7643311357337,
              -32.706783617201076
            ],
            [
              -68.76296185623312,
              -32.70694018457894
            ],
            [
              -68.76159424757509,
              -32.70710678561172
            ],
            [
              -68.76022841345605,
              -32.70728340766827
            ],
            [
              -68.75886445743981,
              -32.7074700373576
            ],
            [
              -68.75750248294946,
              -32.70766666052991
            ],
            [
              -68.75614259325994,
              -32.707873262277595
            ],
            [
              -68.75478489149032,
              -32.708089826936394
            ],
            [
              -68.75342948059586,
              -32.70831633808657
            ],
            [
              -68.75207646336037,
              -32.70855277855411
            ],
            [
              -68.75072594238873,
              -32.70879913041203
            ],
            [
              -68.74937802009896,
              -32.709055374981716
            ],
            [
              -68.74803279871458,
              -32.7093214928343
            ],
            [
              -68.74669038025706,
              -32.70959746379215
            ],
            [
              -68.74535086653816,
              -32.70988326693036
            ],
            [
              -68.74401435915217,
              -32.710178880578304
            ],
            [
              -68.74268095946849,
              -32.71048428232126
            ],
            [
              -68.74135076862387,
              -32.71079944900213
            ],
            [
              -68.74002388751501,
              -32.71112435672314
            ],
            [
              -68.73870041679083,
              -32.711458980847574
            ],
            [
              -68.73738045684485,
              -32.71180329600174
            ],
            [
              -68.73606410780803,
              -32.71215727607679
            ],
            [
              -68.73475146954092,
              -32.71252089423064
            ],
            [
              -68.7334426416262,
              -32.712894122890106
            ],
            [
              -68.73213772336157,
              -32.71327693375281
            ],
            [
              -68.7308368137517,
              -32.713669297789444
            ],
            [
              -68.72954001150134,
              -32.71407118524582
            ],
            [
              -68.72824741500762,
              -32.71448256564521
            ],
            [
              -68.72695912235281,
              -32.71490340779054
            ],
            [
              -68.7256752312968,
              -32.71533367976677
            ],
            [
              -68.72439583926996,
              -32.71577334894327
            ],
            [
              -68.72312104336567,
              -32.71622238197629
            ],
            [
              -68.72185094033307,
              -32.716680744811384
            ],
            [
              -68.72058562656986,
              -32.71714840268608
            ],
            [
              -68.71932519811497,
              -32.71762532013236
            ],
            [
              -68.71806975064135,
              -32.71811146097941
            ],
            [
              -68.7168193794488,
              -32.718606788356276
            ],
            [
              -68.7155741794569,
              -32.71911126469463
            ],
            [
              -68.71433424519762,
              -32.71962485173163
            ],
            [
              -68.71309967080856,
              -32.720147510512746
            ],
            [
              -68.71187055002554,
              -32.72067920139466
            ],
            [
              -68.71064697617578,
              -32.72121988404829
            ],
            [
              -68.70942904217065,
              -32.7217695174618
            ],
            [
              -68.70821684049906,
              -32.722328059943635
            ],
            [
              -68.70701046321994,
              -32.72289546912569
            ],
            [
              -68.70581000195591,
              -32.723471701966446
            ],
            [
              -68.70461554788585,
              -32.72405671475426
            ],
            [
              -68.70342719173834,
              -32.72465046311056
            ],
            [
              -68.70224502378483,
              -32.72525290199323
            ],
            [
              -68.70106913383262,
              -32.72586398569999
            ],
            [
              -68.69989961121826,
              -32.72648366787177
            ],
            [
              -68.69873654480085,
              -32.72711190149625
            ],
            [
              -68.69758002295515,
              -32.727748638911336
            ],
            [
              -68.69643013356506,
              -32.72839383180879
            ],
            [
              -68.69528696401687,
              -32.729047431237774
            ],
            [
              -68.69415060119286,
              -32.72970938760861
            ],
            [
              -68.69302113146449,
              -32.73037965069644
            ],
            [
              -68.69189864068602,
              -32.731058169645024
            ],
            [
              -68.69078321418806,
              -32.73174489297053
            ],
            [
              -68.68967493677093,
              -32.732439768565435
            ],
            [
              -68.68857389269846,
              -32.733142743702416
            ],
            [
              -68.68748016569151,
              -32.733853765038276
            ],
            [
              -68.68639383892156,
              -32.73457277861802
            ],
            [
              -68.6853149950046,
              -32.73529972987885
            ],
            [
              -68.68424371599468,
              -32.736034563654265
            ],
            [
              -68.68318008337792,
              -32.736777224178226
            ],
            [
              -68.68212417806603,
              -32.73752765508935
            ],
            [
              -68.68107608039054,
              -32.7382857994351
            ],
            [
              -68.68003587009622,
              -32.7390515996761
            ],
            [
              -68.6790036263356,
              -32.73982499769047
            ],
            [
              -68.67797942766259,
              -32.740605934778124
            ],
            [
              -68.67696335202658,
              -32.74139435166527
            ],
            [
              -68.67595547676649,
              -32.74219018850879
            ],
            [
              -68.67495587860515,
              -32.7429933849008
            ],
            [
              -68.67396463364298,
              -32.74380387987312
            ],
            [
              -68.67298181735282,
              -32.74462161190192
            ],
            [
              -68.67200750457351,
              -32.74544651891232
            ],
            [
              -68.67104176950488,
              -32.74627853828304
            ],
            [
              -68.67008468570151,
              -32.74711760685115
            ],
            [
              -68.66913632606747,
              -32.747963660916774
            ],
            [
              -68.6681967628507,
              -32.74881663624791
            ],
            [
              -68.66726606763734,
              -32.749676468085255
            ],
            [
              -68.66634431134662,
              -32.750543091147094
            ],
            [
              -68.665431564225,
              -32.75141643963415
            ],
            [
              -68.66452789584116,
              -32.75229644723462
            ],
            [
              -68.66363337508056,
              -32.75318304712909
            ],
            [
              -68.66274807014008,
              -32.754076171995635
            ],
            [
              -68.66187204852304,
              -32.754975754014815
            ],
            [
              -68.66100537703375,
              -32.75588172487481
            ],
            [
              -68.66014812177258,
              -32.75679401577661
            ],
            [
              -68.6593003481309,
              -32.7577125574391
            ],
            [
              -68.658462120786,
              -32.75863728010436
            ],
            [
              -68.65763350369605,
              -32.75956811354289
            ],
            [
              -68.65681456009554,
              -32.76050498705887
            ],
            [
              -68.6560053524899,
              -32.76144782949556
            ],
            [
              -68.65520594265115,
              -32.76239656924056
            ],
            [
              -68.65441639161287,
              -32.76335113423129
            ],
            [
              -68.6536367596658,
              -32.764311451960424
            ],
            [
              -68.6528671063528,
              -32.76527744948125
            ],
            [
              -68.65210749046457,
              -32.76624905341332
            ],
            [
              -68.65135797003506,
              -32.76722618994784
            ],
            [
              -68.65061860233698,
              -32.768208784853336
            ],
            [
              -68.64988944387733,
              -32.76919676348121
            ],
            [
              -68.64917055039302,
              -32.770190050771355
            ],
            [
              -68.64846197684665,
              -32.77118857125787
            ],
            [
              -68.64776377742226,
              -32.7721922490747
            ],
            [
              -68.64707600552111,
              -32.77320100796139
            ],
            [
              -68.64639871375749,
              -32.7742147712688
            ],
            [
              -68.64573195395468,
              -32.77523346196499
            ],
            [
              -68.64507577714096,
              -32.77625700264087
            ],
            [
              -68.64443023354568,
              -32.777285315516224
            ],
            [
              -68.64379537259526,
              -32.778318322445436
            ],
            [
              -68.64317124290932,
              -32.7793559449235
            ],
            [
              -68.64255789229702,
              -32.78039810409186
            ],
            [
              -68.64195536775333,
              -32.781444720744425
            ],
            [
              -68.64136371545533,
              -32.78249571533355
            ],
            [
              -68.64078298075839,
              -32.783551007976016
            ],
            [
              -68.64021320819307,
              -32.784610518459054
            ],
            [
              -68.63965444146129,
              -32.785674166246494
            ],
            [
              -68.63910672343297,
              -32.78674187048474
            ],
            [
              -68.63857009614287,
              -32.78781355000896
            ],
            [
              -68.63804460078688,
              -32.78888912334919
            ],
            [
              -68.63753027771924,
              -32.78996850873652
            ],
            [
              -68.63702716644912,
              -32.791051624109244
            ],
            [
              -68.6365353056375,
              -32.792138387119074
            ],
            [
              -68.63605473309417,
              -32.7932287151374
            ],
            [
              -68.63558548577493,
              -32.79432252526152
            ],
            [
              -68.63512759977817,
              -32.795419734320895
            ],
            [
              -68.63468111034251,
              -32.796520258883504
            ],
            [
              -68.63424605184389,
              -32.797624015262066
            ],
            [
              -68.63382245779263,
              -32.79873091952048
            ],
            [
              -68.63341036083091,
              -32.7998408874801
            ],
            [
              -68.6330097927302,
              -32.800953834726144
            ],
            [
              -68.63262078438873,
              -32.80206967661408
            ],
            [
              -68.63224336582891,
              -32.803188328276065
            ],
            [
              -68.63187756619499,
              -32.80430970462732
            ],
            [
              -68.63152341375076,
              -32.80543372037263
            ],
            [
              -68.63118093587707,
              -32.80656029001278
            ],
            [
              -68.63085015907001,
              -32.80768932785104
            ],
            [
              -68.63053110893838,
              -32.808820747999654
            ],
            [
              -68.63022381020193,
              -32.809954464386394
            ],
            [
              -68.62992828668888,
              -32.81109039076101
            ],
            [
              -68.6296445613346,
              -32.81222844070187
            ],
            [
              -68.62937265617927,
              -32.813368527622416
            ],
            [
              -68.62911259236625,
              -32.814510564777805
            ],
            [
              -68.62886439014028,
              -32.81565446527145
            ],
            [
              -68.62862806884579,
              -32.81680014206165
            ],
            [
              -68.6284036469255,
              -32.81794750796815
            ],
            [
              -68.62819114191853,
              -32.81909647567881
            ],
            [
              -68.62799057045919,
              -32.820246957756204
            ],
            [
              -68.62780194827553,
              -32.82139886664426
            ],
            [
              -68.62762529018784,
              -32.822552114674906
            ],
            [
              -68.62746061010773,
              -32.82370661407478
            ],
            [
              -68.62730792103645,
              -32.82486227697181
            ],
            [
              -68.62716723506429,
              -32.82601901540197
            ],
            [
              -68.62703856336907,
              -32.82717674131591
            ],
            [
              -68.6269219162154,
              -32.82833536658569
            ],
            [
              -68.62681730295367,
              -32.82949480301145
            ],
            [
              -68.62672473201928,
              -32.83065496232815
            ],
            [
              -68.62664421093172,
              -32.83181575621222
            ],
            [
              -68.6265757462939,
              -32.83297709628836
            ],
            [
              -68.62651934379164,
              -32.834138894136196
            ],
            [
              -68.62647500819287,
              -32.835301061297024
            ],
            [
              -68.62644274334735,
              -32.83646350928056
            ],
            [
              -68.62642255218594,
              -32.83762614957167
            ],
            [
              -68.62641443672061,
              -32.83878889363707
            ],
            [
              -68.62641839804382,
              -32.83995165293214
            ],
            [
              -68.62643443632845,
              -32.84111433890758
            ],
            [
              -68.62646255082763,
              -32.84227686301621
            ],
            [
              -68.62650273987458,
              -32.843439136719695
            ],
            [
              -68.62655500088266,
              -32.8446010714953
            ],
            [
              -68.62661933034548,
              -32.84576257884263
            ],
            [
              -68.6266957238368,
              -32.84692357029034
            ],
            [
              -68.62678417601097,
              -32.84808395740297
            ],
            [
              -68.6268846806031,
              -32.84924365178754
            ],
            [
              -68.62699723042937,
              -32.85040256510045
            ],
            [
              -68.62712181738738,
              -32.8515606090541
            ],
            [
              -68.62725843245687,
              -32.852717695423664
            ],
            [
              -68.62740706569986,
              -32.853873736053814
            ],
            [
              -68.62756770626169,
              -32.85502864286547
            ],
            [
              -68.6277403423714,
              -32.85618232786246
            ],
            [
              -68.62792496134261,
              -32.857334703138314
            ],
            [
              -68.62812154957436,
              -32.85848568088291
            ],
            [
              -68.62833009255195,
              -32.85963517338917
            ],
            [
              -68.6285505748479,
              -32.86078309305984
            ],
            [
              -68.6287829801231,
              -32.86192935241408
            ],
            [
              -68.62902729112778,
              -32.863073864094204
            ],
            [
              -68.62928348970274,
              -32.86421654087232
            ],
            [
              -68.6295515567806,
              -32.86535729565702
            ],
            [
              -68.62983147238708,
              -32.866496041500035
            ],
            [
              -68.63012321564253,
              -32.86763269160282
            ],
            [
              -68.63042676476311,
              -32.8687671593233
            ],
            [
              -68.63074209706258,
              -32.86989935818236
            ],
            [
              -68.6310691889538,
              -32.87102920187057
            ],
            [
              -68.63140801595034,
              -32.87215660425472
            ],
            [
              -68.63175855266837,
              -32.873281479384424
            ],
            [
              -68.63212077282827,
              -32.87440374149868
            ],
            [
              -68.63249464925661,
              -32.87552330503247
            ],
            [
              -68.6328801538881,
              -32.87664008462328
            ],
            [
              -68.63327725776753,
              -32.877753995117594
            ],
            [
              -68.63368593105196,
              -32.87886495157751
            ],
            [
              -68.63410614301284,
              -32.87997286928712
            ],
            [
              -68.63453786203814,
              -32.88107766375909
            ],
            [
              -68.63498105563474,
              -32.8821792507411
            ],
            [
              -68.63543569043071,
              -32.88327754622225
            ],
            [
              -68.63590173217779,
              -32.884372466439615
            ],
            [
              -68.63637914575389,
              -32.88546392788449
            ],
            [
              -68.63686789516566,
              -32.88655184730893
            ],
            [
              -68.63736794355088,
              -32.887636141732074
            ],
            [
              -68.63787925318172,
              -32.8887167284465
            ],
            [
              -68.63840178546684,
              -32.88979352502457
            ],
            [
              -68.63893550095463,
              -32.890866449324754
            ],
            [
              -68.63948035933606,
              -32.89193541949794
            ],
            [
              -68.64003631944752,
              -32.893000353993685
            ],
            [
              -68.64060333927398,
              -32.89406117156644
            ],
            [
              -68.6411813759521,
              -32.89511779128189
            ],
            [
              -68.64177038577316,
              -32.89617013252305
            ],
            [
              -68.64237032418669,
              -32.8972181149965
            ],
            [
              -68.64298114580328,
              -32.898261658738534
            ],
            [
              -68.64360280439848,
              -32.899300684121336
            ],
            [
              -68.64423525291579,
              -32.90033511185901
            ],
            [
              -68.64487844347042,
              -32.901364863013754
            ],
            [
              -68.64553232735273,
              -32.902389859001865
            ],
            [
              -68.6461968550318,
              -32.9034100215998
            ],
            [
              -68.64687197615945,
              -32.904425272950135
            ],
            [
              -68.64755763957339,
              -32.90543553556767
            ],
            [
              -68.64825379330165,
              -32.9064407323452
            ],
            [
              -68.64896038456618,
              -32.90744078655961
            ],
            [
              -68.64967735978678,
              -32.90843562187764
            ],
            [
              -68.65040466458521,
              -32.90942516236186
            ],
            [
              -68.65114224378908,
              -32.9104093324764
            ],
            [
              -68.65189004143622,
              -32.91138805709285
            ],
            [
              -68.65264800077881,
              -32.912361261495995
            ],
            [
              -68.65341606428751,
              -32.91332887138954
            ],
            [
              -68.65419417365581,
              -32.914290812901854
            ],
            [
              -68.65498226980469,
              -32.915247012591664
            ],
            [
              -68.65578029288662,
              -32.91619739745366
            ],
            [
              -68.65658818229048,
              -32.91714189492414
            ],
            [
              -68.65740587664578,
              -32.918080432886626
            ],
            [
              -68.65823331382751,
              -32.919012939677316
            ],
            [
              -68.65907043096081,
              -32.91993934409071
            ],
            [
              -68.65991716442562,
              -32.92085957538501
            ],
            [
              -68.6607734498615,
              -32.92177356328763
            ],
            [
              -68.66163922217254,
              -32.92268123800054
            ],
            [
              -68.6625144155322,
              -32.923582530205714
            ],
            [
              -68.6633989633886,
              -32.92447737107039
            ],
            [
              -68.66429279846903,
              -32.92536569225245
            ],
            [
              -68.66519585278542,
              -32.92624742590561
            ],
            [
              -68.66610805763946,
              -32.92712250468471
            ],
            [
              -68.66702934362769,
              -32.92799086175088
            ],
            [
              -68.66795964064676,
              -32.92885243077664
            ],
            [
              -68.66889887789898,
              -32.92970714595113
            ],
            [
              -68.66984698389734,
              -32.93055494198505
            ],
            [
              -68.67080388647128,
              -32.9313957541158
            ],
            [
              -68.6717695127719,
              -32.93222951811239
            ],
            [
              -68.67274378927777,
              -32.933056170280466
            ],
            [
              -68.67372664180022,
              -32.93387564746714
            ],
            [
              -68.67471799548923,
              -32.93468788706596
            ],
            [
              -68.67571777483903,
              -32.93549282702165
            ],
            [
              -68.67672590369386,
              -32.93629040583494
            ],
            [
              -68.67774230525379,
              -32.93708056256731
            ],
            [
              -68.67876690208061,
              -32.93786323684567
            ],
            [
              -68.67979961610365,
              -32.93863836886706
            ],
            [
              -68.68084036862575,
              -32.93940589940321
            ],
            [
              -68.68188908032931,
              -32.94016576980517
            ],
            [
              -68.68294567128243,
              -32.94091792200776
            ],
            [
              -68.68401006094484,
              -32.94166229853416
            ],
            [
              -68.68508216817412,
              -32.94239884250026
            ],
            [
              -68.68616191123203,
              -32.94312749761907
            ],
            [
              -68.68724920779061,
              -32.94384820820508
            ],
            [
              -68.68834397493845,
              -32.94456091917857
            ],
            [
              -68.68944612918722,
              -32.94526557606985
            ],
            [
              -68.69055558647796,
              -32.945962125023456
            ],
            [
              -68.69167226218747,
              -32.946650512802336
            ],
            [
              -68.69279607113481,
              -32.94733068679194
            ],
            [
              -68.693926927588,
              -32.94800259500432
            ],
            [
              -68.69506474527032,
              -32.948666186082086
            ],
            [
              -68.69620943736714,
              -32.94932140930245
            ],
            [
              -68.69736091653249,
              -32.949968214581084
            ],
            [
              -68.69851909489569,
              -32.950606552476025
            ],
            [
              -68.6996838840684,
              -32.95123637419148
            ],
            [
              -68.70085519515101,
              -32.95185763158163
            ],
            [
              -68.70203293873976,
              -32.952470277154305
            ],
            [
              -68.70321702493334,
              -32.953074264074694
            ],
            [
              -68.70440736334024,
              -32.95366954616894
            ],
            [
              -68.70560386308523,
              -32.95425607792773
            ],
            [
              -68.7068064328165,
              -32.95483381450983
            ],
            [
              -68.70801498071296,
              -32.9554027117455
            ],
            [
              -68.70922941449089,
              -32.95596272613995
            ],
            [
              -68.71044964141123,
              -32.95651381487672
            ],
            [
              -68.71167556828692,
              -32.957055935820954
            ],
            [
              -68.71290710148963,
              -32.95758904752266
            ],
            [
              -68.71414414695744,
              -32.95811310921997
            ],
            [
              -68.71538661020168,
              -32.958628080842246
            ],
            [
              -68.71663439631453,
              -32.95913392301316
            ],
            [
              -68.71788740997619,
              -32.959630597053824
            ],
            [
              -68.7191455554622,
              -32.96011806498571
            ],
            [
              -68.72040873665088,
              -32.96059628953362
            ],
            [
              -68.72167685703084,
              -32.96106523412856
            ],
            [
              -68.7229498197081,
              -32.96152486291057
            ],
            [
              -68.72422752741403,
              -32.96197514073155
            ],
            [
              -68.72550988251248,
              -32.96241603315788
            ],
            [
              -68.72679678700746,
              -32.96284750647318
            ],
            [
              -68.72808814255075,
              -32.963269527680886
            ],
            [
              -68.72938385044938,
              -32.963682064506784
            ],
            [
              -68.73068381167332,
              -32.96408508540156
            ],
            [
              -68.73198792686321,
              -32.964478559543196
            ],
            [
              -68.733296096338,
              -32.96486245683937
            ],
            [
              -68.7346082201023,
              -32.96523674792982
            ],
            [
              -68.73592419785484,
              -32.96560140418855
            ],
            [
              -68.73724392899544,
              -32.96595639772613
            ],
            [
              -68.73856731263345,
              -32.96630170139179
            ],
            [
              -68.73989424759503,
              -32.96663728877555
            ],
            [
              -68.74122463243128,
              -32.96696313421028
            ],
            [
              -68.74255836542608,
              -32.967279212773654
            ],
            [
              -68.74389534460374,
              -32.9675855002901
            ],
            [
              -68.74523546773719,
              -32.96788197333271
            ],
            [
              -68.74657863235564,
              -32.968168609224975
            ],
            [
              -68.74792473575258,
              -32.9684453860426
            ],
            [
              -68.74927367499384,
              -32.96871228261522
            ],
            [
              -68.75062534692552,
              -32.96896927852796
            ],
            [
              -68.75197964818176,
              -32.9692163541231
            ],
            [
              -68.75333647519312,
              -32.969453490501564
            ],
            [
              -68.75469572419416,
              -32.96968066952438
            ],
            [
              -68.75605729123203,
              -32.96989787381409
            ],
            [
              -68.75742107217388,
              -32.970105086756114
            ],
            [
              -68.75878696271548,
              -32.970302292500016
            ],
            [
              -68.760154858389,
              -32.970489475960726
            ],
            [
              -68.76152465457108,
              -32.97066662281976
            ],
            [
              -68.76289624649127,
              -32.97083371952626
            ],
            [
              -68.76426952923964,
              -32.97099075329811
            ],
            [
              -68.76564439777542,
              -32.971137712122854
            ],
            [
              -68.76702074693469,
              -32.97127458475871
            ],
            [
              -68.76839847143884,
              -32.97140136073538
            ],
            [
              -68.76977746590273,
              -32.971518030354886
            ],
            [
              -68.77115762484266,
              -32.97162458469232
            ],
            [
              -68.77253884268453,
              -32.971721015596536
            ],
            [
              -68.7739210137724,
              -32.97180731569076
            ],
            [
              -68.7753040323762,
              -32.971883478373236
            ],
            [
              -68.77668779270027,
              -32.97194949781763
            ],
            [
              -68.77807218889149,
              -32.97200536897355
            ],
            [
              -68.7794571150472,
              -32.97205108756693
            ],
            [
              -68.78084246522388,
              -32.97208665010036
            ],
            [
              -68.78222813344507,
              -32.97211205385334
            ],
            [
              -68.78361401370967,
              -32.97212729688252
            ],
            [
              -68.78499999999997,
              -32.97213237802181
            ],
            [
              -68.78638598629038,
              -32.97212729688252
            ],
            [
              -68.78777186655492,
              -32.97211205385334
            ],
            [
              -68.78915753477611,
              -32.97208665010036
            ],
            [
              -68.7905428849528,
              -32.97205108756693
            ],
            [
              -68.79192781110851,
              -32.97200536897355
            ],
            [
              -68.79331220729966,
              -32.97194949781763
            ],
            [
              -68.7946959676238,
              -32.971883478373236
            ],
            [
              -68.7960789862276,
              -32.97180731569076
            ],
            [
              -68.79746115731541,
              -32.971721015596536
            ],
            [
              -68.79884237515734,
              -32.97162458469232
            ],
            [
              -68.8002225340972,
              -32.971518030354886
            ],
            [
              -68.80160152856115,
              -32.97140136073538
            ],
            [
              -68.80297925306536,
              -32.97127458475871
            ],
            [
              -68.80435560222458,
              -32.971137712122854
            ],
            [
              -68.80573047076035,
              -32.97099075329811
            ],
            [
              -68.80710375350873,
              -32.97083371952626
            ],
            [
              -68.80847534542886,
              -32.97066662281976
            ],
            [
              -68.80984514161099,
              -32.970489475960726
            ],
            [
              -68.81121303728452,
              -32.970302292500016
            ],
            [
              -68.81257892782611,
              -32.970105086756114
            ],
            [
              -68.81394270876797,
              -32.96989787381409
            ],
            [
              -68.81530427580583,
              -32.96968066952438
            ],
            [
              -68.81666352480693,
              -32.969453490501564
            ],
            [
              -68.81802035181823,
              -32.9692163541231
            ],
            [
              -68.81937465307448,
              -32.96896927852796
            ],
            [
              -68.82072632500615,
              -32.96871228261522
            ],
            [
              -68.82207526424742,
              -32.9684453860426
            ],
            [
              -68.82342136764441,
              -32.968168609224975
            ],
            [
              -68.8247645322628,
              -32.96788197333271
            ],
            [
              -68.82610465539625,
              -32.9675855002901
            ],
            [
              -68.82744163457392,
              -32.967279212773654
            ],
            [
              -68.82877536756871,
              -32.96696313421028
            ],
            [
              -68.83010575240496,
              -32.96663728877555
            ],
            [
              -68.83143268736654,
              -32.96630170139179
            ],
            [
              -68.83275607100455,
              -32.96595639772613
            ],
            [
              -68.83407580214521,
              -32.96560140418855
            ],
            [
              -68.83539177989769,
              -32.96523674792982
            ],
            [
              -68.83670390366206,
              -32.96486245683937
            ],
            [
              -68.83801207313672,
              -32.964478559543196
            ],
            [
              -68.83931618832668,
              -32.96408508540156
            ],
            [
              -68.84061614955061,
              -32.963682064506784
            ],
            [
              -68.84191185744925,
              -32.963269527680886
            ],
            [
              -68.84320321299253,
              -32.96284750647318
            ],
            [
              -68.84449011748751,
              -32.96241603315788
            ],
            [
              -68.84577247258596,
              -32.96197514073155
            ],
            [
              -68.84705018029189,
              -32.96152486291057
            ],
            [
              -68.8483231429692,
              -32.96106523412856
            ],
            [
              -68.84959126334911,
              -32.96059628953362
            ],
            [
              -68.85085444453779,
              -32.96011806498571
            ],
            [
              -68.85211259002381,
              -32.959630597053824
            ],
            [
              -68.85336560368546,
              -32.95913392301316
            ],
            [
              -68.85461338979832,
              -32.958628080842246
            ],
            [
              -68.85585585304256,
              -32.95811310921997
            ],
            [
              -68.85709289851036,
              -32.95758904752266
            ],
            [
              -68.85832443171307,
              -32.957055935820954
            ],
            [
              -68.85955035858876,
              -32.95651381487672
            ],
            [
              -68.86077058550916,
              -32.95596272613995
            ],
            [
              -68.86198501928703,
              -32.9554027117455
            ],
            [
              -68.86319356718349,
              -32.95483381450983
            ],
            [
              -68.86439613691476,
              -32.95425607792773
            ],
            [
              -68.86559263665976,
              -32.95366954616894
            ],
            [
              -68.8667829750666,
              -32.953074264074694
            ],
            [
              -68.86796706126023,
              -32.952470277154305
            ],
            [
              -68.86914480484893,
              -32.95185763158163
            ],
            [
              -68.87031611593159,
              -32.95123637419148
            ],
            [
              -68.87148090510425,
              -32.950606552476025
            ],
            [
              -68.8726390834675,
              -32.949968214581084
            ],
            [
              -68.87379056263285,
              -32.94932140930245
            ],
            [
              -68.87493525472968,
              -32.948666186082086
            ],
            [
              -68.876073072412,
              -32.94800259500432
            ],
            [
              -68.87720392886519,
              -32.94733068679194
            ],
            [
              -68.87832773781253,
              -32.946650512802336
            ],
            [
              -68.87944441352204,
              -32.945962125023456
            ],
            [
              -68.88055387081278,
              -32.94526557606985
            ],
            [
              -68.88165602506155,
              -32.94456091917857
            ],
            [
              -68.88275079220944,
              -32.94384820820508
            ],
            [
              -68.88383808876796,
              -32.94312749761907
            ],
            [
              -68.88491783182587,
              -32.94239884250026
            ],
            [
              -68.88598993905515,
              -32.94166229853416
            ],
            [
              -68.88705432871757,
              -32.94091792200776
            ],
            [
              -68.88811091967068,
              -32.94016576980517
            ],
            [
              -68.88915963137424,
              -32.93940589940321
            ],
            [
              -68.89020038389634,
              -32.93863836886706
            ],
            [
              -68.89123309791933,
              -32.93786323684567
            ],
            [
              -68.89225769474615,
              -32.93708056256731
            ],
            [
              -68.89327409630613,
              -32.93629040583494
            ],
            [
              -68.89428222516096,
              -32.93549282702165
            ],
            [
              -68.89528200451082,
              -32.93468788706596
            ],
            [
              -68.89627335819978,
              -32.93387564746714
            ],
            [
              -68.89725621072222,
              -32.933056170280466
            ],
            [
              -68.89823048722809,
              -32.93222951811239
            ],
            [
              -68.89919611352872,
              -32.9313957541158
            ],
            [
              -68.90015301610265,
              -32.93055494198505
            ],
            [
              -68.90110112210101,
              -32.92970714595113
            ],
            [
              -68.90204035935324,
              -32.92885243077664
            ],
            [
              -68.9029706563723,
              -32.92799086175088
            ],
            [
              -68.90389194236053,
              -32.92712250468471
            ],
            [
              -68.90480414721458,
              -32.92624742590561
            ],
            [
              -68.90570720153096,
              -32.92536569225245
            ],
            [
              -68.90660103661139,
              -32.92447737107039
            ],
            [
              -68.90748558446774,
              -32.923582530205714
            ],
            [
              -68.90836077782751,
              -32.92268123800054
            ],
            [
              -68.90922655013856,
              -32.92177356328763
            ],
            [
              -68.91008283557437,
              -32.92085957538501
            ],
            [
              -68.91092956903918,
              -32.91993934409071
            ],
            [
              -68.91176668617248,
              -32.919012939677316
            ],
            [
              -68.91259412335421,
              -32.918080432886626
            ],
            [
              -68.91341181770952,
              -32.91714189492414
            ],
            [
              -68.91421970711338,
              -32.91619739745366
            ],
            [
              -68.9150177301953,
              -32.915247012591664
            ],
            [
              -68.91580582634418,
              -32.914290812901854
            ],
            [
              -68.91658393571254,
              -32.91332887138954
            ],
            [
              -68.91735199922118,
              -32.912361261495995
            ],
            [
              -68.91810995856378,
              -32.91138805709285
            ],
            [
              -68.91885775621091,
              -32.9104093324764
            ],
            [
              -68.91959533541478,
              -32.90942516236186
            ],
            [
              -68.92032264021316,
              -32.90843562187764
            ],
            [
              -68.92103961543381,
              -32.90744078655961
            ],
            [
              -68.92174620669834,
              -32.9064407323452
            ],
            [
              -68.92244236042666,
              -32.90543553556767
            ],
            [
              -68.9231280238406,
              -32.904425272950135
            ],
            [
              -68.92380314496813,
              -32.9034100215998
            ],
            [
              -68.92446767264727,
              -32.902389859001865
            ],
            [
              -68.92512155652958,
              -32.901364863013754
            ],
            [
              -68.9257647470842,
              -32.90033511185901
            ],
            [
              -68.92639719560151,
              -32.899300684121336
            ],
            [
              -68.92701885419672,
              -32.898261658738534
            ],
            [
              -68.92762967581336,
              -32.8972181149965
            ],
            [
              -68.92822961422678,
              -32.89617013252305
            ],
            [
              -68.92881862404789,
              -32.89511779128189
            ],
            [
              -68.92939666072596,
              -32.89406117156644
            ],
            [
              -68.92996368055248,
              -32.893000353993685
            ],
            [
              -68.93051964066399,
              -32.89193541949794
            ],
            [
              -68.93106449904542,
              -32.890866449324754
            ],
            [
              -68.93159821453321,
              -32.88979352502457
            ],
            [
              -68.93212074681827,
              -32.8887167284465
            ],
            [
              -68.93263205644905,
              -32.887636141732074
            ],
            [
              -68.93313210483439,
              -32.88655184730893
            ],
            [
              -68.9336208542461,
              -32.88546392788449
            ],
            [
              -68.93409826782221,
              -32.884372466439615
            ],
            [
              -68.93456430956928,
              -32.88327754622227
            ],
            [
              -68.93501894436525,
              -32.8821792507411
            ],
            [
              -68.93546213796185,
              -32.88107766375909
            ],
            [
              -68.93589385698715,
              -32.87997286928712
            ],
            [
              -68.93631406894804,
              -32.87886495157751
            ],
            [
              -68.93672274223252,
              -32.87775399511761
            ],
            [
              -68.93711984611195,
              -32.87664008462328
            ],
            [
              -68.93750535074338,
              -32.87552330503247
            ],
            [
              -68.93787922717172,
              -32.87440374149868
            ],
            [
              -68.93824144733162,
              -32.873281479384424
            ],
            [
              -68.93859198404965,
              -32.87215660425472
            ],
            [
              -68.93893081104619,
              -32.87102920187057
            ],
            [
              -68.93925790293747,
              -32.86989935818236
            ],
            [
              -68.93957323523694,
              -32.8687671593233
            ],
            [
              -68.93987678435747,
              -32.86763269160282
            ],
            [
              -68.94016852761291,
              -32.866496041500035
            ],
            [
              -68.9404484432194,
              -32.86535729565702
            ],
            [
              -68.94071651029725,
              -32.86421654087232
            ],
            [
              -68.94097270887221,
              -32.863073864094204
            ],
            [
              -68.94121701987689,
              -32.86192935241408
            ],
            [
              -68.94144942515209,
              -32.86078309305984
            ],
            [
              -68.94166990744804,
              -32.85963517338917
            ],
            [
              -68.94187845042563,
              -32.85848568088291
            ],
            [
              -68.94207503865738,
              -32.857334703138314
            ],
            [
              -68.9422596576286,
              -32.85618232786246
            ],
            [
              -68.9424322937383,
              -32.85502864286547
            ],
            [
              -68.94259293430014,
              -32.853873736053814
            ],
            [
              -68.94274156754312,
              -32.852717695423664
            ],
            [
              -68.94287818261262,
              -32.8515606090541
            ],
            [
              -68.94300276957063,
              -32.85040256510045
            ],
            [
              -68.9431153193969,
              -32.84924365178754
            ],
            [
              -68.94321582398902,
              -32.84808395740297
            ],
            [
              -68.94330427616319,
              -32.84692357029034
            ],
            [
              -68.94338066965452,
              -32.84576257884263
            ],
            [
              -68.94344499911733,
              -32.8446010714953
            ],
            [
              -68.94349726012541,
              -32.843439136719695
            ],
            [
              -68.94353744917237,
              -32.84227686301621
            ],
            [
              -68.94356556367154,
              -32.84111433890758
            ],
            [
              -68.94358160195617,
              -32.83995165293214
            ],
            [
              -68.94358556327938,
              -32.83878889363707
            ],
            [
              -68.94357744781405,
              -32.83762614957167
            ],
            [
              -68.94355725665264,
              -32.83646350928056
            ],
            [
              -68.94352499180707,
              -32.835301061297024
            ],
            [
              -68.94348065620835,
              -32.834138894136196
            ],
            [
              -68.9434242537061,
              -32.83297709628836
            ],
            [
              -68.94335578906828,
              -32.83181575621222
            ],
            [
              -68.94327526798071,
              -32.83065496232815
            ],
            [
              -68.94318269704632,
              -32.82949480301145
            ],
            [
              -68.9430780837846,
              -32.82833536658569
            ],
            [
              -68.94296143663098,
              -32.82717674131591
            ],
            [
              -68.9428327649357,
              -32.82601901540197
            ],
            [
              -68.94269207896355,
              -32.82486227697181
            ],
            [
              -68.94253938989232,
              -32.82370661407478
            ],
            [
              -68.94237470981216,
              -32.822552114674906
            ],
            [
              -68.94219805172452,
              -32.82139886664426
            ],
            [
              -68.9420094295408,
              -32.820246957756204
            ],
            [
              -68.94180885808146,
              -32.81909647567881
            ],
            [
              -68.94159635307449,
              -32.81794750796815
            ],
            [
              -68.94137193115421,
              -32.81680014206165
            ],
            [
              -68.94113560985977,
              -32.81565446527145
            ],
            [
              -68.94088740763374,
              -32.814510564777805
            ],
            [
              -68.94062734382072,
              -32.813368527622416
            ],
            [
              -68.94035543866539,
              -32.81222844070187
            ],
            [
              -68.94007171331111,
              -32.81109039076101
            ],
            [
              -68.93977618979807,
              -32.809954464386394
            ],
            [
              -68.93946889106155,
              -32.808820747999654
            ],
            [
              -68.93914984092999,
              -32.80768932785104
            ],
            [
              -68.93881906412292,
              -32.80656029001278
            ],
            [
              -68.9384765862493,
              -32.80543372037263
            ],
            [
              -68.938122433805,
              -32.80430970462732
            ],
            [
              -68.93775663417108,
              -32.803188328276065
            ],
            [
              -68.93737921561126,
              -32.80206967661408
            ],
            [
              -68.93699020726979,
              -32.800953834726144
            ],
            [
              -68.93658963916909,
              -32.7998408874801
            ],
            [
              -68.93617754220736,
              -32.79873091952048
            ],
            [
              -68.9357539481561,
              -32.797624015262066
            ],
            [
              -68.93531888965742,
              -32.796520258883504
            ],
            [
              -68.93487240022182,
              -32.795419734320895
            ],
            [
              -68.93441451422507,
              -32.79432252526152
            ],
            [
              -68.93394526690577,
              -32.7932287151374
            ],
            [
              -68.9334646943625,
              -32.792138387119074
            ],
            [
              -68.93297283355093,
              -32.791051624109244
            ],
            [
              -68.93246972228076,
              -32.78996850873652
            ],
            [
              -68.93195539921311,
              -32.78888912334919
            ],
            [
              -68.93142990385718,
              -32.78781355000896
            ],
            [
              -68.93089327656696,
              -32.78674187048474
            ],
            [
              -68.9303455585387,
              -32.785674166246494
            ],
            [
              -68.92978679180692,
              -32.784610518459054
            ],
            [
              -68.9292170192416,
              -32.783551007976016
            ],
            [
              -68.92863628454467,
              -32.78249571533355
            ],
            [
              -68.92804463224661,
              -32.781444720744425
            ],
            [
              -68.92744210770297,
              -32.78039810409186
            ],
            [
              -68.92682875709068,
              -32.7793559449235
            ],
            [
              -68.92620462740473,
              -32.778318322445436
            ],
            [
              -68.92556976645426,
              -32.777285315516224
            ],
            [
              -68.92492422285903,
              -32.77625700264087
            ],
            [
              -68.92426804604531,
              -32.77523346196499
            ],
            [
              -68.9236012862425,
              -32.7742147712688
            ],
            [
              -68.92292399447888,
              -32.77320100796139
            ],
            [
              -68.92223622257774,
              -32.7721922490747
            ],
            [
              -68.92153802315335,
              -32.77118857125787
            ],
            [
              -68.92082944960703,
              -32.770190050771355
            ],
            [
              -68.92011055612267,
              -32.76919676348121
            ],
            [
              -68.91938139766296,
              -32.768208784853336
            ],
            [
              -68.91864202996493,
              -32.76722618994784
            ],
            [
              -68.91789250953542,
              -32.76624905341332
            ],
            [
              -68.91713289364725,
              -32.76527744948125
            ],
            [
              -68.91636324033425,
              -32.764311451960424
            ],
            [
              -68.91558360838712,
              -32.76335113423129
            ],
            [
              -68.9147940573489,
              -32.76239656924056
            ],
            [
              -68.9139946475101,
              -32.76144782949556
            ],
            [
              -68.91318543990445,
              -32.76050498705887
            ],
            [
              -68.91236649630389,
              -32.75956811354289
            ],
            [
              -68.911537879214,
              -32.75863728010436
            ],
            [
              -68.9106996518691,
              -32.7577125574391
            ],
            [
              -68.90985187822741,
              -32.75679401577661
            ],
            [
              -68.90899462296625,
              -32.75588172487481
            ],
            [
              -68.90812795147696,
              -32.754975754014815
            ],
            [
              -68.90725192985991,
              -32.754076171995635
            ],
            [
              -68.90636662491943,
              -32.75318304712909
            ],
            [
              -68.90547210415883,
              -32.75229644723462
            ],
            [
              -68.90456843577499,
              -32.75141643963415
            ],
            [
              -68.90365568865343,
              -32.750543091147094
            ],
            [
              -68.90273393236265,
              -32.749676468085255
            ],
            [
              -68.90180323714935,
              -32.74881663624791
            ],
            [
              -68.90086367393252,
              -32.747963660916774
            ],
            [
              -68.89991531429848,
              -32.74711760685115
            ],
            [
              -68.89895823049511,
              -32.74627853828304
            ],
            [
              -68.89799249542648,
              -32.74544651891232
            ],
            [
              -68.89701818264723,
              -32.74462161190192
            ],
            [
              -68.89603536635701,
              -32.74380387987312
            ],
            [
              -68.8950441213949,
              -32.7429933849008
            ],
            [
              -68.8940445232335,
              -32.74219018850879
            ],
            [
              -68.89303664797342,
              -32.74139435166527
            ],
            [
              -68.8920205723374,
              -32.740605934778124
            ],
            [
              -68.8909963736644,
              -32.73982499769047
            ],
            [
              -68.88996412990377,
              -32.7390515996761
            ],
            [
              -68.88892391960945,
              -32.7382857994351
            ],
            [
              -68.8878758219339,
              -32.73752765508935
            ],
            [
              -68.88681991662202,
              -32.736777224178226
            ],
            [
              -68.88575628400531,
              -32.736034563654265
            ],
            [
              -68.88468500499539,
              -32.73529972987885
            ],
            [
              -68.88360616107843,
              -32.73457277861802
            ],
            [
              -68.88251983430848,
              -32.733853765038276
            ],
            [
              -68.88142610730154,
              -32.733142743702416
            ],
            [
              -68.88032506322907,
              -32.732439768565435
            ],
            [
              -68.87921678581193,
              -32.73174489297053
            ],
            [
              -68.87810135931397,
              -32.731058169645024
            ],
            [
              -68.8769788685355,
              -32.73037965069644
            ],
            [
              -68.87584939880713,
              -32.72970938760861
            ],
            [
              -68.87471303598312,
              -32.729047431237774
            ],
            [
              -68.87356986643493,
              -32.72839383180879
            ],
            [
              -68.87241997704484,
              -32.727748638911336
            ],
            [
              -68.87126345519914,
              -32.72711190149625
            ],
            [
              -68.87010038878174,
              -32.72648366787177
            ],
            [
              -68.86893086616737,
              -32.72586398569999
            ],
            [
              -68.86775497621517,
              -32.72525290199323
            ],
            [
              -68.86657280826165,
              -32.72465046311056
            ],
            [
              -68.8653844521142,
              -32.72405671475426
            ],
            [
              -68.86418999804408,
              -32.723471701966446
            ],
            [
              -68.86298953678005,
              -32.72289546912569
            ],
            [
              -68.86178315950093,
              -32.722328059943635
            ],
            [
              -68.86057095782928,
              -32.7217695174618
            ],
            [
              -68.85935302382427,
              -32.72121988404829
            ],
            [
              -68.85812944997446,
              -32.72067920139466
            ],
            [
              -68.85690032919143,
              -32.720147510512746
            ],
            [
              -68.85566575480237,
              -32.71962485173163
            ],
            [
              -68.8544258205431,
              -32.71911126469463
            ],
            [
              -68.8531806205512,
              -32.718606788356276
            ],
            [
              -68.85193024935865,
              -32.71811146097941
            ],
            [
              -68.85067480188502,
              -32.71762532013236
            ],
            [
              -68.84941437343014,
              -32.71714840268608
            ],
            [
              -68.84814905966692,
              -32.716680744811384
            ],
            [
              -68.84687895663433,
              -32.71622238197629
            ],
            [
              -68.84560416073003,
              -32.71577334894327
            ],
            [
              -68.84432476870319,
              -32.71533367976677
            ],
            [
              -68.84304087764724,
              -32.71490340779054
            ],
            [
              -68.84175258499238,
              -32.71448256564521
            ],
            [
              -68.84045998849865,
              -32.71407118524582
            ],
            [
              -68.8391631862483,
              -32.713669297789444
            ],
            [
              -68.83786227663842,
              -32.71327693375281
            ],
            [
              -68.83655735837374,
              -32.712894122890106
            ],
            [
              -68.83524853045913,
              -32.71252089423064
            ],
            [
              -68.83393589219196,
              -32.71215727607679
            ],
            [
              -68.83261954315515,
              -32.71180329600174
            ],
            [
              -68.83129958320922,
              -32.711458980847574
            ],
            [
              -68.82997611248493,
              -32.71112435672314
            ],
            [
              -68.82864923137606,
              -32.71079944900213
            ],
            [
              -68.8273190405315,
              -32.71048428232126
            ],
            [
              -68.82598564084782,
              -32.710178880578304
            ],
            [
              -68.82464913346183,
              -32.70988326693036
            ],
            [
              -68.82330961974293,
              -32.70959746379215
            ],
            [
              -68.82196720128542,
              -32.7093214928343
            ],
            [
              -68.82062197990103,
              -32.709055374981716
            ],
            [
              -68.81927405761121,
              -32.70879913041203
            ],
            [
              -68.81792353663963,
              -32.70855277855411
            ],
            [
              -68.81657051940414,
              -32.70831633808657
            ],
            [
              -68.81521510850968,
              -32.708089826936394
            ],
            [
              -68.81385740674006,
              -32.707873262277595
            ],
            [
              -68.81249751705059,
              -32.70766666052991
            ],
            [
              -68.81113554256024,
              -32.7074700373576
            ],
            [
              -68.80977158654395,
              -32.70728340766827
            ],
            [
              -68.80840575242496,
              -32.70710678561172
            ],
            [
              -68.80703814376693,
              -32.70694018457894
            ],
            [
              -68.8056688642663,
              -32.706783617201076
            ],
            [
              -68.80429801774454,
              -32.70663709534849
            ],
            [
              -68.80292570814026,
              -32.70650063012987
            ],
            [
              -68.80155203950164,
              -32.70637423189139
            ],
            [
              -68.80017711597839,
              -32.70625791021597
            ],
            [
              -68.7988010418141,
              -32.70615167392254
            ],
            [
              -68.79742392133858,
              -32.70605553106537
            ],
            [
              -68.79604585895964,
              -32.70596948893345
            ],
            [
              -68.79466695915585,
              -32.70589355405
            ],
            [
              -68.79328732646815,
              -32.705827732171954
            ],
            [
              -68.79190706549241,
              -32.70577202828951
            ],
            [
              -68.79052628087152,
              -32.705726446625775
            ],
            [
              -68.78914507728751,
              -32.70569099063646
            ],
            [
              -68.78776355945377,
              -32.705665663009626
            ],
            [
              -68.78638183210705,
              -32.7056504656654
            ],
            [
              -68.78499999999997,
              -32.70564539975597
            ]
          ]
        ]
      }
    },
    {
      "type": "Feature",
      "properties": {
        "id": "anac_ctr_saar",
        "name": "CTR ROSARIO",
        "categoryId": "controlled_airspace",
        "latitude": -32.8989318192054,
        "longitude": -60.77499999999994,
        "radiusMeters": 14842.113846228372,
        "allowedPermissionIds": [
          "authorized_commercial",
          "special_permit"
        ],
        "details": "CTR Aeropuerto Rosario (SAAR). Clase D.",
        "source": "ANAC AIP",
        "lowerLimitMetersAgl": 0.0,
        "upperLimitMetersMsl": 1676.4
      },
      "geometry": {
        "type": "Polygon",
        "coordinates": [
          [
            [
              -60.77499999999998,
              -32.76592317753375
            ],
            [
              -60.7736172330026,
              -32.76592824342564
            ],
            [
              -60.772234570835394,
              -32.76594344071723
            ],
            [
              -60.77085211832065,
              -32.76596876825639
            ],
            [
              -60.769469980265,
              -32.76600422412298
            ],
            [
              -60.76808826145157,
              -32.76604980562899
            ],
            [
              -60.76670706663219,
              -32.76610550931877
            ],
            [
              -60.765326500519336,
              -32.76617133096924
            ],
            [
              -60.763946667778555,
              -32.7662472655903
            ],
            [
              -60.76256767302061,
              -32.766333307425086
            ],
            [
              -60.761189620793516,
              -32.76642944995047
            ],
            [
              -60.75981261557479,
              -32.766535685877564
            ],
            [
              -60.75843676176362,
              -32.76665200715219
            ],
            [
              -60.75706216367314,
              -32.76677840495556
            ],
            [
              -60.755688925522406,
              -32.76691486970489
            ],
            [
              -60.75431715142901,
              -32.76706139105414
            ],
            [
              -60.75294694540082,
              -32.767217957894765
            ],
            [
              -60.75157841132847,
              -32.76738455835657
            ],
            [
              -60.750211652977555,
              -32.76756117980859
            ],
            [
              -60.748846773980745,
              -32.767747808860015
            ],
            [
              -60.747483877830234,
              -32.76794443136124
            ],
            [
              -60.74612306786986,
              -32.76815103240486
            ],
            [
              -60.74476444728731,
              -32.76836759632683
            ],
            [
              -60.74340811910656,
              -32.76859410670764
            ],
            [
              -60.74205418618004,
              -32.76883054637351
            ],
            [
              -60.740702751181004,
              -32.76907689739768
            ],
            [
              -60.7393539165958,
              -32.769333141101825
            ],
            [
              -60.7380077847161,
              -32.76959925805731
            ],
            [
              -60.736664457631605,
              -32.76987522808678
            ],
            [
              -60.73532403722186,
              -32.77016103026561
            ],
            [
              -60.73398662514899,
              -32.77045664292348
            ],
            [
              -60.732652322850186,
              -32.77076204364595
            ],
            [
              -60.73132123152959,
              -32.77107720927626
            ],
            [
              -60.72999345215135,
              -32.77140211591689
            ],
            [
              -60.72866908543142,
              -32.77173673893153
            ],
            [
              -60.72734823183066,
              -32.772081052946795
            ],
            [
              -60.726030991546736,
              -32.77243503185415
            ],
            [
              -60.724717464506966,
              -32.77279864881192
            ],
            [
              -60.72340775036059,
              -32.77317187624724
            ],
            [
              -60.722101948471675,
              -32.77355468585813
            ],
            [
              -60.72080015791107,
              -32.77394704861564
            ],
            [
              -60.71950247744951,
              -32.774348934765996
            ],
            [
              -60.718209005549966,
              -32.77476031383284
            ],
            [
              -60.71691984036022,
              -32.775181154619524
            ],
            [
              -60.71563507970569,
              -32.77561142521141
            ],
            [
              -60.71435482108188,
              -32.776051092978285
            ],
            [
              -60.713079161647215,
              -32.77650012457682
            ],
            [
              -60.71180819821552,
              -32.77695848595304
            ],
            [
              -60.71054202724906,
              -32.77742614234487
            ],
            [
              -60.70928074485113,
              -32.77790305828478
            ],
            [
              -60.70802444675877,
              -32.77838919760238
            ],
            [
              -60.70677322833558,
              -32.77888452342719
            ],
            [
              -60.70552718456486,
              -32.77938899819137
            ],
            [
              -60.704286410041846,
              -32.77990258363254
            ],
            [
              -60.70305099896734,
              -32.78042524079665
            ],
            [
              -60.701821045140036,
              -32.780956930040894
            ],
            [
              -60.70059664194969,
              -32.78149761103668
            ],
            [
              -60.699377882370186,
              -32.782047242772656
            ],
            [
              -60.69816485895228,
              -32.78260578355779
            ],
            [
              -60.69695766381699,
              -32.78317319102449
            ],
            [
              -60.69575638864825,
              -32.78374942213177
            ],
            [
              -60.69456112468629,
              -32.78433443316848
            ],
            [
              -60.69337196272073,
              -32.78492817975661
            ],
            [
              -60.69218899308362,
              -32.785530616854594
            ],
            [
              -60.691012305642744,
              -32.786141698760645
            ],
            [
              -60.68984198979467,
              -32.78676137911627
            ],
            [
              -60.688678134458314,
              -32.787389610909706
            ],
            [
              -60.68752082806793,
              -32.78802634647941
            ],
            [
              -60.68637015856655,
              -32.788671537517686
            ],
            [
              -60.6852262133994,
              -32.78932513507428
            ],
            [
              -60.68408907950726,
              -32.78998708956008
            ],
            [
              -60.68295884331985,
              -32.790657350750784
            ],
            [
              -60.6818355907493,
              -32.79133586779076
            ],
            [
              -60.680719407183744,
              -32.792022589196726
            ],
            [
              -60.6796103774808,
              -32.79271746286176
            ],
            [
              -60.67850858596114,
              -32.7934204360591
            ],
            [
              -60.677414116402076,
              -32.79413145544617
            ],
            [
              -60.67632705203141,
              -32.79485046706855
            ],
            [
              -60.67524747552096,
              -32.79557741636403
            ],
            [
              -60.674175468980195,
              -32.79631224816672
            ],
            [
              -60.67311111395031,
              -32.79705490671119
            ],
            [
              -60.67205449139789,
              -32.79780533563662
            ],
            [
              -60.67100568170872,
              -32.79856347799112
            ],
            [
              -60.66996476468171,
              -32.799329276235895
            ],
            [
              -60.66893181952287,
              -32.80010267224966
            ],
            [
              -60.66790692483943,
              -32.80088360733296
            ],
            [
              -60.66689015863369,
              -32.80167202221261
            ],
            [
              -60.665881598297005,
              -32.80246785704608
            ],
            [
              -60.664881320604195,
              -32.803271051426115
            ],
            [
              -60.66388940170748,
              -32.80408154438515
            ],
            [
              -60.6629059171309,
              -32.80489927439996
            ],
            [
              -60.6619309417643,
              -32.80572417939627
            ],
            [
              -60.660964549857795,
              -32.80655619675343
            ],
            [
              -60.66000681501612,
              -32.807395263309104
            ],
            [
              -60.65905781019296,
              -32.80824131536403
            ],
            [
              -60.658117607685426,
              -32.80909428868683
            ],
            [
              -60.65718627912855,
              -32.8099541185188
            ],
            [
              -60.656263895489815,
              -32.81082073957883
            ],
            [
              -60.655350527063604,
              -32.81169408606827
            ],
            [
              -60.65444624346617,
              -32.812574091675906
            ],
            [
              -60.65355111362999,
              -32.81346068958296
            ],
            [
              -60.6526652057986,
              -32.81435381246806
            ],
            [
              -60.65178858752131,
              -32.8152533925124
            ],
            [
              -60.65092132564831,
              -32.816159361404786
            ],
            [
              -60.650063486325166,
              -32.81707165034675
            ],
            [
              -60.64921513498808,
              -32.8179901900578
            ],
            [
              -60.64837633635864,
              -32.81891491078062
            ],
            [
              -60.64754715443894,
              -32.81984574228629
            ],
            [
              -60.6467276525068,
              -32.82078261387958
            ],
            [
              -60.64591789311066,
              -32.82172545440432
            ],
            [
              -60.64511793806497,
              -32.82267419224872
            ],
            [
              -60.64432784844536,
              -32.823628755350775
            ],
            [
              -60.64354768458389,
              -32.82458907120369
            ],
            [
              -60.64277750606465,
              -32.825555066861384
            ],
            [
              -60.642017371718794,
              -32.82652666894393
            ],
            [
              -60.64126733962024,
              -32.82750380364312
            ],
            [
              -60.64052746708131,
              -32.82848639672803
            ],
            [
              -60.63979781064802,
              -32.829474373550624
            ],
            [
              -60.63907842609581,
              -32.83046765905135
            ],
            [
              -60.6383693684254,
              -32.83146617776483
            ],
            [
              -60.63767069185832,
              -32.83246985382556
            ],
            [
              -60.63698244983283,
              -32.833478610973614
            ],
            [
              -60.63630469499975,
              -32.834492372560405
            ],
            [
              -60.63563747921842,
              -32.83551106155447
            ],
            [
              -60.63498085355252,
              -32.83653460054729
            ],
            [
              -60.63433486826631,
              -32.83756291175912
            ],
            [
              -60.63369957282072,
              -32.838595917044884
            ],
            [
              -60.633075015869224,
              -32.839633537900056
            ],
            [
              -60.63246124525449,
              -32.84067569546658
            ],
            [
              -60.6318583080041,
              -32.841722310538856
            ],
            [
              -60.6312662503276,
              -32.842773303569714
            ],
            [
              -60.630685117612074,
              -32.8438285946764
            ],
            [
              -60.6301149544193,
              -32.84488810364664
            ],
            [
              -60.629555804481924,
              -32.845951749944696
            ],
            [
              -60.629007710699966,
              -32.84701945271745
            ],
            [
              -60.62847071513767,
              -32.84809113080051
            ],
            [
              -60.62794485902009,
              -32.84916670272434
            ],
            [
              -60.62743018272994,
              -32.850246086720475
            ],
            [
              -60.626926725804196,
              -32.851329200727626
            ],
            [
              -60.62643452693135,
              -32.85241596239791
            ],
            [
              -60.62595362394791,
              -32.85350628910316
            ],
            [
              -60.62548405383586,
              -32.854600097941045
            ],
            [
              -60.62502585271932,
              -32.855697305741444
            ],
            [
              -60.624579055862114,
              -32.85679782907267
            ],
            [
              -60.624143697664465,
              -32.85790158424788
            ],
            [
              -60.62371981166075,
              -32.85900848733129
            ],
            [
              -60.62330743051666,
              -32.86011845414463
            ],
            [
              -60.622906586026374,
              -32.86123140027348
            ],
            [
              -60.622517309110265,
              -32.86234724107365
            ],
            [
              -60.62213962981252,
              -32.86346589167761
            ],
            [
              -60.62177357729831,
              -32.86458726700092
            ],
            [
              -60.62141917985201,
              -32.86571128174867
            ],
            [
              -60.62107646487436,
              -32.86683785042195
            ],
            [
              -60.62074545888072,
              -32.86796688732432
            ],
            [
              -60.620426187498595,
              -32.86909830656833
            ],
            [
              -60.62011867546573,
              -32.87023202208201
            ],
            [
              -60.61982294662812,
              -32.87136794761539
            ],
            [
              -60.61953902393782,
              -32.87250599674709
            ],
            [
              -60.61926692945144,
              -32.87364608289079
            ],
            [
              -60.61900668432804,
              -32.87478811930189
            ],
            [
              -60.618758308827466,
              -32.87593201908404
            ],
            [
              -60.618521822308765,
              -32.877077695195744
            ],
            [
              -60.618297243228426,
              -32.87822506045696
            ],
            [
              -60.61808458913896,
              -32.87937402755577
            ],
            [
              -60.617883876687415,
              -32.88052450905489
            ],
            [
              -60.61769512161385,
              -32.881676417398445
            ],
            [
              -60.61751833875013,
              -32.88282966491855
            ],
            [
              -60.61735354201858,
              -32.88398416384197
            ],
            [
              -60.61720074443093,
              -32.88513982629681
            ],
            [
              -60.61705995808694,
              -32.88629656431914
            ],
            [
              -60.61693119417356,
              -32.88745428985977
            ],
            [
              -60.61681446296376,
              -32.88861291479086
            ],
            [
              -60.616709773815785,
              -32.889772350912665
            ],
            [
              -60.61661713517219,
              -32.890932509960216
            ],
            [
              -60.616536554558934,
              -32.89209330361006
            ],
            [
              -60.61646803858508,
              -32.89325464348694
            ],
            [
              -60.616411592941574,
              -32.894416441170556
            ],
            [
              -60.616367222401095,
              -32.89557860820226
            ],
            [
              -60.616334930817516,
              -32.8967410560918
            ],
            [
              -60.61631472112515,
              -32.89790369632407
            ],
            [
              -60.616306595338756,
              -32.89906644036583
            ],
            [
              -60.61631055455308,
              -32.90022919967243
            ],
            [
              -60.616326598942464,
              -32.901391885694586
            ],
            [
              -60.61635472776106,
              -32.90255440988511
            ],
            [
              -60.616394939342456,
              -32.903716683705646
            ],
            [
              -60.6164472310997,
              -32.904878618633425
            ],
            [
              -60.616511599525325,
              -32.90604012616799
            ],
            [
              -60.61658804019174,
              -32.90720111783796
            ],
            [
              -60.61667654775107,
              -32.90836150520777
            ],
            [
              -60.61677711593558,
              -32.90952119988442
            ],
            [
              -60.61688973755798,
              -32.910680113524194
            ],
            [
              -60.617014404511906,
              -32.91183815783939
            ],
            [
              -60.6171511077722,
              -32.91299524460507
            ],
            [
              -60.617299837395876,
              -32.91415128566582
            ],
            [
              -60.61746058252203,
              -32.91530619294238
            ],
            [
              -60.61763333137333,
              -32.916459878438474
            ],
            [
              -60.61781807125601,
              -32.91761225424747
            ],
            [
              -60.61801478856148,
              -32.918763232559066
            ],
            [
              -60.61822346876636,
              -32.91991272566606
            ],
            [
              -60.6184440964343,
              -32.92106064597097
            ],
            [
              -60.61867665521629,
              -32.92220690599278
            ],
            [
              -60.618921127852275,
              -32.923351418373606
            ],
            [
              -60.619177496172085,
              -32.92449409588534
            ],
            [
              -60.61944574109674,
              -32.92563485143636
            ],
            [
              -60.61972584263975,
              -32.92677359807815
            ],
            [
              -60.620017779908494,
              -32.927910249011944
            ],
            [
              -60.6203215311059,
              -32.929044717595374
            ],
            [
              -60.62063707353144,
              -32.930176917349115
            ],
            [
              -60.62096438358327,
              -32.93130676196343
            ],
            [
              -60.62130343675972,
              -32.932434165304834
            ],
            [
              -60.62165420766081,
              -32.933559041422654
            ],
            [
              -60.622016669990444,
              -32.9346813045556
            ],
            [
              -60.62239079655802,
              -32.93580086913834
            ],
            [
              -60.62277655928034,
              -32.93691764980801
            ],
            [
              -60.623173929183736,
              -32.93803156141081
            ],
            [
              -60.62358287640632,
              -32.93914251900847
            ],
            [
              -60.624003370199716,
              -32.94025043788474
            ],
            [
              -60.62443537893165,
              -32.94135523355197
            ],
            [
              -60.62487887008808,
              -32.94245682175742
            ],
            [
              -60.625333810275606,
              -32.94355511848986
            ],
            [
              -60.62580016522378,
              -32.94465003998595
            ],
            [
              -60.626277899787794,
              -32.94574150273663
            ],
            [
              -60.626766977950865,
              -32.94682942349354
            ],
            [
              -60.627267362826956,
              -32.94791371927541
            ],
            [
              -60.62777901666351,
              -32.94899430737442
            ],
            [
              -60.628301900844065,
              -32.95007110536249
            ],
            [
              -60.62883597589132,
              -32.951144031097684
            ],
            [
              -60.62938120146981,
              -32.95221300273044
            ],
            [
              -60.62993753638892,
              -32.953277938709846
            ],
            [
              -60.63050493860612,
              -32.954338757789955
            ],
            [
              -60.631083365229756,
              -32.955395379035956
            ],
            [
              -60.63167277252256,
              -32.95644772183041
            ],
            [
              -60.63227311590447,
              -32.95749570587942
            ],
            [
              -60.63288434995633,
              -32.95853925121881
            ],
            [
              -60.63350642842306,
              -32.95957827822025
            ],
            [
              -60.63413930421706,
              -32.960612707597384
            ],
            [
              -60.63478292942182,
              -32.96164246041189
            ],
            [
              -60.63543725529536,
              -32.962667458079565
            ],
            [
              -60.636102232274084,
              -32.96368762237634
            ],
            [
              -60.63677780997614,
              -32.964702875444324
            ],
            [
              -60.63746393720538,
              -32.965713139797735
            ],
            [
              -60.6381605619552,
              -32.96671833832888
            ],
            [
              -60.63886763141238,
              -32.96771839431406
            ],
            [
              -60.63958509196101,
              -32.968713231419535
            ],
            [
              -60.640312889186475,
              -32.96970277370729
            ],
            [
              -60.641050967879664,
              -32.97068694564092
            ],
            [
              -60.64179927204094,
              -32.971665672091454
            ],
            [
              -60.642557744884414,
              -32.97263887834311
            ],
            [
              -60.643326328842306,
              -32.97360649009906
            ],
            [
              -60.64410496556911,
              -32.97456843348707
            ],
            [
              -60.64489359594597,
              -32.97552463506533
            ],
            [
              -60.64569216008539,
              -32.976475021827916
            ],
            [
              -60.646500597335375,
              -32.97741952121058
            ],
            [
              -60.647318846284236,
              -32.97835806109622
            ],
            [
              -60.64814684476522,
              -32.9792905698205
            ],
            [
              -60.648984529861025,
              -32.98021697617729
            ],
            [
              -60.64983183790878,
              -32.98113720942422
            ],
            [
              -60.65068870450466,
              -32.98205119928809
            ],
            [
              -60.65155506450884,
              -32.98295887597029
            ],
            [
              -60.65243085205043,
              -32.983860170152184
            ],
            [
              -60.65331600053241,
              -32.9847550130004
            ],
            [
              -60.65421044263667,
              -32.98564333617223
            ],
            [
              -60.65511411032924,
              -32.98652507182078
            ],
            [
              -60.656026934865224,
              -32.98740015260027
            ],
            [
              -60.65694884679414,
              -32.988268511671215
            ],
            [
              -60.657879775965284,
              -32.98913008270556
            ],
            [
              -60.65881965153284,
              -32.989984799891786
            ],
            [
              -60.659768401961344,
              -32.990832597940006
            ],
            [
              -60.660725955031296,
              -32.99167341208699
            ],
            [
              -60.66169223784425,
              -32.99250717810116
            ],
            [
              -60.662667176828904,
              -32.9933338322875
            ],
            [
              -60.66365069774611,
              -32.994153311492546
            ],
            [
              -60.66464272569493,
              -32.99496555310921
            ],
            [
              -60.665643185118256,
              -32.99577049508161
            ],
            [
              -60.666651999808494,
              -32.996568075909856
            ],
            [
              -60.6676690929134,
              -32.997358234654804
            ],
            [
              -60.66869438694192,
              -32.99814091094277
            ],
            [
              -60.66972780377023,
              -32.99891604497016
            ],
            [
              -60.67076926464745,
              -32.99968357750811
            ],
            [
              -60.67181869020192,
              -33.00044344990703
            ],
            [
              -60.67287600044716,
              -33.00119560410117
            ],
            [
              -60.673941114787795,
              -33.00193998261307
            ],
            [
              -60.67501395202612,
              -33.00267652855801
            ],
            [
              -60.676094430367925,
              -33.00340518564841
            ],
            [
              -60.67718246742896,
              -33.00412589819817
            ],
            [
              -60.67827798024115,
              -33.00483861112695
            ],
            [
              -60.67938088525898,
              -33.00554326996446
            ],
            [
              -60.680491098365906,
              -33.00623982085466
            ],
            [
              -60.68160853488081,
              -33.006928210559884
            ],
            [
              -60.68273310956448,
              -33.00760838646503
            ],
            [
              -60.68386473662599,
              -33.00828029658152
            ],
            [
              -60.68500332972968,
              -33.00894388955142
            ],
            [
              -60.686148802001185,
              -33.009599114651316
            ],
            [
              -60.68730106603465,
              -33.010245921796354
            ],
            [
              -60.68846003389916,
              -33.01088426154398
            ],
            [
              -60.68962561714562,
              -33.01151408509785
            ],
            [
              -60.6907977268134,
              -33.01213534431155
            ],
            [
              -60.691976273437206,
              -33.012747991692386
            ],
            [
              -60.69316116705414,
              -33.01335198040498
            ],
            [
              -60.69435231721042,
              -33.01394726427491
            ],
            [
              -60.695549632968266,
              -33.01453379779237
            ],
            [
              -60.69675302291313,
              -33.01511153611553
            ],
            [
              -60.697962395160744,
              -33.01568043507415
            ],
            [
              -60.69917765736375,
              -33.01624045117292
            ],
            [
              -60.700398716719405,
              -33.01679154159485
            ],
            [
              -60.70162547997637,
              -33.017333664204536
            ],
            [
              -60.7028578534418,
              -33.01786677755154
            ],
            [
              -60.70409574298901,
              -33.01839084087343
            ],
            [
              -60.705339054064154,
              -33.01890581409911
            ],
            [
              -60.70658769169404,
              -33.019411657851755
            ],
            [
              -60.70784156049308,
              -33.01990833345199
            ],
            [
              -60.70910056467085,
              -33.020395802920795
            ],
            [
              -60.7103646080393,
              -33.020874028982526
            ],
            [
              -60.711633594020384,
              -33.02134297506771
            ],
            [
              -60.712907425653384,
              -33.02180260531595
            ],
            [
              -60.714186005602414,
              -33.02225288457867
            ],
            [
              -60.715469236163926,
              -33.022693778421825
            ],
            [
              -60.71675701927427,
              -33.02312525312861
            ],
            [
              -60.71804925651713,
              -33.02354727570201
            ],
            [
              -60.71934584913157,
              -33.02395981386742
            ],
            [
              -60.72064669801904,
              -33.024362836075106
            ],
            [
              -60.721951703751415,
              -33.02475631150264
            ],
            [
              -60.72326076657873,
              -33.02514021005733
            ],
            [
              -60.724573786436565,
              -33.02551450237849
            ],
            [
              -60.72589066295416,
              -33.025879159839796
            ],
            [
              -60.727211295461814,
              -33.02623415455141
            ],
            [
              -60.72853558299897,
              -33.026579459362225
            ],
            [
              -60.729863424321934,
              -33.0269150478619
            ],
            [
              -60.73119471791148,
              -33.02724089438296
            ],
            [
              -60.73252936198105,
              -33.02755697400276
            ],
            [
              -60.733867254484494,
              -33.02786326254542
            ],
            [
              -60.73520829312383,
              -33.02815973658367
            ],
            [
              -60.73655237535729,
              -33.02844637344074
            ],
            [
              -60.737899398407365,
              -33.02872315119202
            ],
            [
              -60.73924925926855,
              -33.02899004866685
            ],
            [
              -60.74060185471535,
              -33.0292470454501
            ],
            [
              -60.741957081310375,
              -33.02949412188378
            ],
            [
              -60.743314835412434,
              -33.02973125906854
            ],
            [
              -60.74467501318418,
              -33.02995843886519
            ],
            [
              -60.74603751060056,
              -33.03017564389601
            ],
            [
              -60.74740222345679,
              -33.0303828575462
            ],
            [
              -60.748769047376186,
              -33.03058006396511
            ],
            [
              -60.75013787781842,
              -33.030767248067484
            ],
            [
              -60.7515086100878,
              -33.0309443955346
            ],
            [
              -60.752881139341014,
              -33.03111149281544
            ],
            [
              -60.75425536059555,
              -33.0312685271277
            ],
            [
              -60.75563116873764,
              -33.03141548645878
            ],
            [
              -60.75700845853055,
              -33.03155235956672
            ],
            [
              -60.75838712462257,
              -33.031679135981086
            ],
            [
              -60.759767061555465,
              -33.03179580600377
            ],
            [
              -60.76114816377236,
              -33.031902360709736
            ],
            [
              -60.76253032562596,
              -33.03199879194773
            ],
            [
              -60.76391344138699,
              -33.03208509234088
            ],
            [
              -60.765297405252,
              -33.03216125528732
            ],
            [
              -60.766682111352,
              -33.03222727496063
            ],
            [
              -60.768067453760295,
              -33.03228314631039
            ],
            [
              -60.769453326500866,
              -33.03232886506244
            ],
            [
              -60.77083962355664,
              -33.03236442771933
            ],
            [
              -60.772226238877636,
              -33.03238983156053
            ],
            [
              -60.773613066389146,
              -33.03240507464265
            ],
            [
              -60.77499999999998,
              -33.03241015579959
            ],
            [
              -60.776386933610866,
              -33.03240507464265
            ],
            [
              -60.777773761122376,
              -33.03238983156053
            ],
            [
              -60.779160376443315,
              -33.03236442771933
            ],
            [
              -60.780546673499146,
              -33.03232886506244
            ],
            [
              -60.781932546239716,
              -33.03228314631039
            ],
            [
              -60.783317888648014,
              -33.03222727496063
            ],
            [
              -60.78470259474801,
              -33.03216125528732
            ],
            [
              -60.78608655861302,
              -33.03208509234088
            ],
            [
              -60.78746967437405,
              -33.03199879194773
            ],
            [
              -60.78885183622765,
              -33.031902360709736
            ],
            [
              -60.79023293844455,
              -33.03179580600377
            ],
            [
              -60.79161287537744,
              -33.031679135981086
            ],
            [
              -60.79299154146946,
              -33.03155235956672
            ],
            [
              -60.794368831262375,
              -33.03141548645878
            ],
            [
              -60.79574463940446,
              -33.0312685271277
            ],
            [
              -60.79711886065894,
              -33.03111149281544
            ],
            [
              -60.798491389912215,
              -33.0309443955346
            ],
            [
              -60.799862122181594,
              -33.030767248067484
            ],
            [
              -60.801230952623825,
              -33.03058006396511
            ],
            [
              -60.80259777654322,
              -33.0303828575462
            ],
            [
              -60.803962489399396,
              -33.03017564389601
            ],
            [
              -60.80532498681583,
              -33.02995843886519
            ],
            [
              -60.80668516458758,
              -33.02973125906854
            ],
            [
              -60.80804291868958,
              -33.02949412188378
            ],
            [
              -60.80939814528466,
              -33.0292470454501
            ],
            [
              -60.810750740731464,
              -33.02899004866685
            ],
            [
              -60.81210060159259,
              -33.02872315119202
            ],
            [
              -60.81344762464266,
              -33.02844637344074
            ],
            [
              -60.81479170687618,
              -33.02815973658367
            ],
            [
              -60.81613274551552,
              -33.02786326254542
            ],
            [
              -60.817470638018904,
              -33.02755697400276
            ],
            [
              -60.81880528208853,
              -33.02724089438296
            ],
            [
              -60.82013657567808,
              -33.0269150478619
            ],
            [
              -60.82146441700104,
              -33.026579459362225
            ],
            [
              -60.8227887045382,
              -33.02623415455141
            ],
            [
              -60.824109337045854,
              -33.025879159839796
            ],
            [
              -60.825426213563446,
              -33.02551450237849
            ],
            [
              -60.82673923342128,
              -33.02514021005733
            ],
            [
              -60.82804829624854,
              -33.02475631150264
            ],
            [
              -60.82935330198097,
              -33.024362836075106
            ],
            [
              -60.83065415086844,
              -33.02395981386742
            ],
            [
              -60.83195074348282,
              -33.02354727570201
            ],
            [
              -60.83324298072574,
              -33.02312525312861
            ],
            [
              -60.834530763836085,
              -33.022693778421825
            ],
            [
              -60.8358139943976,
              -33.02225288457867
            ],
            [
              -60.83709257434657,
              -33.02180260531595
            ],
            [
              -60.83836640597963,
              -33.02134297506771
            ],
            [
              -60.83963539196071,
              -33.020874028982526
            ],
            [
              -60.84089943532916,
              -33.020395802920795
            ],
            [
              -60.84215843950693,
              -33.01990833345199
            ],
            [
              -60.84341230830597,
              -33.019411657851755
            ],
            [
              -60.84466094593586,
              -33.01890581409911
            ],
            [
              -60.845904257011,
              -33.01839084087343
            ],
            [
              -60.84714214655821,
              -33.01786677755154
            ],
            [
              -60.84837452002364,
              -33.017333664204536
            ],
            [
              -60.84960128328055,
              -33.01679154159485
            ],
            [
              -60.85082234263621,
              -33.01624045117292
            ],
            [
              -60.85203760483927,
              -33.01568043507415
            ],
            [
              -60.853246977086826,
              -33.01511153611553
            ],
            [
              -60.854450367031745,
              -33.01453379779237
            ],
            [
              -60.855647682789595,
              -33.01394726427491
            ],
            [
              -60.85683883294581,
              -33.01335198040498
            ],
            [
              -60.85802372656275,
              -33.012747991692386
            ],
            [
              -60.85920227318661,
              -33.01213534431155
            ],
            [
              -60.86037438285439,
              -33.01151408509785
            ],
            [
              -60.86153996610085,
              -33.01088426154398
            ],
            [
              -60.86269893396536,
              -33.010245921796354
            ],
            [
              -60.86385119799883,
              -33.009599114651316
            ],
            [
              -60.86499667027033,
              -33.00894388955142
            ],
            [
              -60.86613526337396,
              -33.00828029658152
            ],
            [
              -60.86726689043553,
              -33.00760838646503
            ],
            [
              -60.868391465119146,
              -33.006928210559884
            ],
            [
              -60.869508901634106,
              -33.00623982085466
            ],
            [
              -60.87061911474103,
              -33.00554326996446
            ],
            [
              -60.87172201975886,
              -33.00483861112695
            ],
            [
              -60.87281753257105,
              -33.00412589819817
            ],
            [
              -60.873905569632086,
              -33.00340518564841
            ],
            [
              -60.87498604797389,
              -33.00267652855801
            ],
            [
              -60.87605888521216,
              -33.00193998261307
            ],
            [
              -60.87712399955285,
              -33.00119560410117
            ],
            [
              -60.878181309798094,
              -33.00044344990703
            ],
            [
              -60.879230735352564,
              -32.99968357750811
            ],
            [
              -60.88027219622978,
              -32.99891604497016
            ],
            [
              -60.88130561305809,
              -32.99814091094277
            ],
            [
              -60.88233090708661,
              -32.997358234654804
            ],
            [
              -60.88334800019152,
              -32.996568075909856
            ],
            [
              -60.884356814881755,
              -32.99577049508161
            ],
            [
              -60.88535727430508,
              -32.99496555310921
            ],
            [
              -60.886349302253905,
              -32.994153311492546
            ],
            [
              -60.88733282317111,
              -32.9933338322875
            ],
            [
              -60.888307762155705,
              -32.99250717810116
            ],
            [
              -60.889274044968715,
              -32.99167341208699
            ],
            [
              -60.89023159803867,
              -32.990832597940006
            ],
            [
              -60.891180348467174,
              -32.989984799891786
            ],
            [
              -60.89212022403473,
              -32.98913008270556
            ],
            [
              -60.893051153205874,
              -32.988268511671215
            ],
            [
              -60.89397306513479,
              -32.98740015260027
            ],
            [
              -60.894885889670775,
              -32.98652507182078
            ],
            [
              -60.895789557363344,
              -32.98564333617223
            ],
            [
              -60.8966839994676,
              -32.9847550130004
            ],
            [
              -60.89756914794958,
              -32.983860170152184
            ],
            [
              -60.89844493549117,
              -32.98295887597029
            ],
            [
              -60.899311295495295,
              -32.98205119928809
            ],
            [
              -60.90016816209118,
              -32.98113720942422
            ],
            [
              -60.90101547013893,
              -32.98021697617729
            ],
            [
              -60.90185315523479,
              -32.9792905698205
            ],
            [
              -60.90268115371572,
              -32.97835806109624
            ],
            [
              -60.903499402664636,
              -32.97741952121058
            ],
            [
              -60.90430783991462,
              -32.976475021827916
            ],
            [
              -60.90510640405398,
              -32.97552463506533
            ],
            [
              -60.9058950344309,
              -32.97456843348707
            ],
            [
              -60.906673671157705,
              -32.97360649009906
            ],
            [
              -60.90744225511554,
              -32.97263887834311
            ],
            [
              -60.90820072795907,
              -32.971665672091454
            ],
            [
              -60.90894903212035,
              -32.97068694564092
            ],
            [
              -60.909687110813536,
              -32.96970277370729
            ],
            [
              -60.910414908039,
              -32.968713231419535
            ],
            [
              -60.91113236858757,
              -32.96771839431406
            ],
            [
              -60.91183943804481,
              -32.96671833832888
            ],
            [
              -60.91253606279463,
              -32.965713139797735
            ],
            [
              -60.91322219002387,
              -32.964702875444324
            ],
            [
              -60.91389776772593,
              -32.96368762237634
            ],
            [
              -60.9145627447046,
              -32.962667458079565
            ],
            [
              -60.915217070578194,
              -32.96164246041189
            ],
            [
              -60.91586069578295,
              -32.960612707597384
            ],
            [
              -60.91649357157695,
              -32.95957827822025
            ],
            [
              -60.917115650043684,
              -32.95853925121881
            ],
            [
              -60.91772688409554,
              -32.95749570587942
            ],
            [
              -60.91832722747745,
              -32.95644772183041
            ],
            [
              -60.9189166347702,
              -32.955395379035956
            ],
            [
              -60.91949506139389,
              -32.954338757789955
            ],
            [
              -60.92006246361109,
              -32.953277938709846
            ],
            [
              -60.9206187985302,
              -32.95221300273044
            ],
            [
              -60.92116402410869,
              -32.951144031097684
            ],
            [
              -60.92169809915595,
              -32.95007110536249
            ],
            [
              -60.9222209833365,
              -32.94899430737442
            ],
            [
              -60.922732637173056,
              -32.94791371927541
            ],
            [
              -60.923233022049146,
              -32.94682942349354
            ],
            [
              -60.92372210021222,
              -32.94574150273663
            ],
            [
              -60.92419983477623,
              -32.94465003998595
            ],
            [
              -60.92466618972435,
              -32.94355511848986
            ],
            [
              -60.92512112991187,
              -32.94245682175742
            ],
            [
              -60.92556462106836,
              -32.94135523355197
            ],
            [
              -60.925996629800295,
              -32.94025043788474
            ],
            [
              -60.926417123593694,
              -32.93914251900847
            ],
            [
              -60.92682607081622,
              -32.93803156141081
            ],
            [
              -60.92722344071967,
              -32.93691764980801
            ],
            [
              -60.92760920344199,
              -32.93580086913834
            ],
            [
              -60.92798333000951,
              -32.9346813045556
            ],
            [
              -60.928345792339144,
              -32.933559041422654
            ],
            [
              -60.928696563240294,
              -32.932434165304834
            ],
            [
              -60.92903561641674,
              -32.93130676196343
            ],
            [
              -60.92936292646857,
              -32.930176917349115
            ],
            [
              -60.92967846889411,
              -32.929044717595374
            ],
            [
              -60.92998222009146,
              -32.927910249011944
            ],
            [
              -60.93027415736026,
              -32.92677359807815
            ],
            [
              -60.93055425890327,
              -32.92563485143636
            ],
            [
              -60.930822503827926,
              -32.92449409588534
            ],
            [
              -60.93107887214774,
              -32.923351418373606
            ],
            [
              -60.93132334478372,
              -32.92220690599278
            ],
            [
              -60.93155590356571,
              -32.92106064597097
            ],
            [
              -60.931776531233595,
              -32.91991272566606
            ],
            [
              -60.93198521143853,
              -32.918763232559066
            ],
            [
              -60.932181928743944,
              -32.91761225424747
            ],
            [
              -60.932366668626685,
              -32.916459878438474
            ],
            [
              -60.932539417477926,
              -32.91530619294238
            ],
            [
              -60.932700162604135,
              -32.91415128566582
            ],
            [
              -60.93284889222775,
              -32.91299524460507
            ],
            [
              -60.932985595488105,
              -32.91183815783939
            ],
            [
              -60.93311026244203,
              -32.910680113524194
            ],
            [
              -60.933222884064435,
              -32.90952119988442
            ],
            [
              -60.93332345224894,
              -32.90836150520777
            ],
            [
              -60.93341195980827,
              -32.90720111783796
            ],
            [
              -60.93348840047463,
              -32.90604012616799
            ],
            [
              -60.93355276890031,
              -32.904878618633425
            ],
            [
              -60.933605060657555,
              -32.903716683705646
            ],
            [
              -60.93364527223889,
              -32.90255440988511
            ],
            [
              -60.93367340105749,
              -32.901391885694586
            ],
            [
              -60.93368944544693,
              -32.90022919967243
            ],
            [
              -60.933693404661255,
              -32.89906644036583
            ],
            [
              -60.93368527887486,
              -32.89790369632407
            ],
            [
              -60.933665069182496,
              -32.8967410560918
            ],
            [
              -60.93363277759886,
              -32.89557860820226
            ],
            [
              -60.93358840705844,
              -32.894416441170556
            ],
            [
              -60.93353196141493,
              -32.89325464348694
            ],
            [
              -60.93346344544102,
              -32.89209330361006
            ],
            [
              -60.93338286482782,
              -32.890932509960216
            ],
            [
              -60.933290226184226,
              -32.889772350912665
            ],
            [
              -60.93318553703625,
              -32.88861291479086
            ],
            [
              -60.93306880582645,
              -32.88745428985977
            ],
            [
              -60.93294004191307,
              -32.88629656431914
            ],
            [
              -60.93279925556908,
              -32.88513982629681
            ],
            [
              -60.93264645798138,
              -32.88398416384197
            ],
            [
              -60.93248166124988,
              -32.88282966491855
            ],
            [
              -60.93230487838616,
              -32.881676417398445
            ],
            [
              -60.932116123312596,
              -32.88052450905489
            ],
            [
              -60.93191541086105,
              -32.87937402755577
            ],
            [
              -60.931702756771585,
              -32.87822506045696
            ],
            [
              -60.93147817769125,
              -32.877077695195744
            ],
            [
              -60.931241691172545,
              -32.87593201908404
            ],
            [
              -60.93099331567197,
              -32.87478811930189
            ],
            [
              -60.93073307054857,
              -32.87364608289079
            ],
            [
              -60.93046097606219,
              -32.87250599674709
            ],
            [
              -60.93017705337189,
              -32.87136794761539
            ],
            [
              -60.92988132453422,
              -32.87023202208201
            ],
            [
              -60.92957381250142,
              -32.86909830656833
            ],
            [
              -60.929254541119235,
              -32.86796688732432
            ],
            [
              -60.92892353512559,
              -32.86683785042195
            ],
            [
              -60.928580820148,
              -32.86571128174867
            ],
            [
              -60.92822642270164,
              -32.86458726700092
            ],
            [
              -60.92786037018749,
              -32.86346589167761
            ],
            [
              -60.92748269088969,
              -32.86234724107365
            ],
            [
              -60.92709341397364,
              -32.86123140027348
            ],
            [
              -60.92669256948335,
              -32.86011845414463
            ],
            [
              -60.926280188339206,
              -32.85900848733129
            ],
            [
              -60.925856302335546,
              -32.85790158424788
            ],
            [
              -60.9254209441379,
              -32.85679782907267
            ],
            [
              -60.924974147280636,
              -32.855697305741444
            ],
            [
              -60.92451594616415,
              -32.854600097941045
            ],
            [
              -60.92404637605205,
              -32.85350628910316
            ],
            [
              -60.92356547306866,
              -32.85241596239791
            ],
            [
              -60.92307327419576,
              -32.851329200727626
            ],
            [
              -60.92256981727007,
              -32.850246086720475
            ],
            [
              -60.92205514097992,
              -32.84916670272434
            ],
            [
              -60.921529284862345,
              -32.84809113080051
            ],
            [
              -60.920992289300045,
              -32.84701945271745
            ],
            [
              -60.92044419551809,
              -32.845951749944696
            ],
            [
              -60.919885045580656,
              -32.84488810364664
            ],
            [
              -60.91931488238794,
              -32.8438285946764
            ],
            [
              -60.91873374967241,
              -32.842773303569714
            ],
            [
              -60.91814169199586,
              -32.841722310538856
            ],
            [
              -60.91753875474552,
              -32.84067569546658
            ],
            [
              -60.91692498413079,
              -32.83963353790005
            ],
            [
              -60.916300427179294,
              -32.838595917044884
            ],
            [
              -60.915665131733704,
              -32.83756291175912
            ],
            [
              -60.91501914644749,
              -32.83653460054729
            ],
            [
              -60.914362520781594,
              -32.83551106155447
            ],
            [
              -60.9136953050002,
              -32.834492372560405
            ],
            [
              -60.913017550167126,
              -32.833478610973614
            ],
            [
              -60.912329308141636,
              -32.83246985382556
            ],
            [
              -60.91163063157455,
              -32.83146617776483
            ],
            [
              -60.91092157390415,
              -32.83046765905135
            ],
            [
              -60.91020218935199,
              -32.829474373550624
            ],
            [
              -60.9094725329187,
              -32.82848639672803
            ],
            [
              -60.90873266037977,
              -32.82750380364312
            ],
            [
              -60.90798262828122,
              -32.82652666894393
            ],
            [
              -60.907222493935365,
              -32.825555066861384
            ],
            [
              -60.90645231541606,
              -32.82458907120369
            ],
            [
              -60.905672151554654,
              -32.823628755350775
            ],
            [
              -60.90488206193504,
              -32.82267419224872
            ],
            [
              -60.90408210688935,
              -32.82172545440432
            ],
            [
              -60.90327234749316,
              -32.82078261387958
            ],
            [
              -60.902452845561015,
              -32.81984574228629
            ],
            [
              -60.901623663641374,
              -32.81891491078062
            ],
            [
              -60.90078486501193,
              -32.8179901900578
            ],
            [
              -60.89993651367479,
              -32.81707165034675
            ],
            [
              -60.8990786743517,
              -32.816159361404786
            ],
            [
              -60.8982114124787,
              -32.8152533925124
            ],
            [
              -60.89733479420141,
              -32.81435381246806
            ],
            [
              -60.89644888636997,
              -32.81346068958296
            ],
            [
              -60.895553756533786,
              -32.812574091675906
            ],
            [
              -60.89464947293635,
              -32.81169408606827
            ],
            [
              -60.8937361045102,
              -32.81082073957883
            ],
            [
              -60.89281372087146,
              -32.8099541185188
            ],
            [
              -60.891882392314585,
              -32.80909428868683
            ],
            [
              -60.89094218980705,
              -32.80824131536403
            ],
            [
              -60.88999318498384,
              -32.807395263309104
            ],
            [
              -60.88903545014216,
              -32.80655619675343
            ],
            [
              -60.88806905823566,
              -32.80572417939627
            ],
            [
              -60.887094082869055,
              -32.80489927439996
            ],
            [
              -60.886110598292476,
              -32.80408154438515
            ],
            [
              -60.885118679395816,
              -32.803271051426115
            ],
            [
              -60.884118401703006,
              -32.80246785704608
            ],
            [
              -60.88310984136632,
              -32.80167202221261
            ],
            [
              -60.882093075160526,
              -32.80088360733296
            ],
            [
              -60.88106818047709,
              -32.80010267224966
            ],
            [
              -60.8800352353183,
              -32.799329276235895
            ],
            [
              -60.87899431829129,
              -32.79856347799112
            ],
            [
              -60.87794550860207,
              -32.79780533563662
            ],
            [
              -60.87688888604964,
              -32.79705490671119
            ],
            [
              -60.875824531019816,
              -32.79631224816672
            ],
            [
              -60.87475252447905,
              -32.79557741636403
            ],
            [
              -60.873672947968544,
              -32.79485046706855
            ],
            [
              -60.872585883597935,
              -32.79413145544617
            ],
            [
              -60.87149141403887,
              -32.7934204360591
            ],
            [
              -60.87038962251921,
              -32.79271746286176
            ],
            [
              -60.86928059281627,
              -32.792022589196726
            ],
            [
              -60.86816440925065,
              -32.79133586779076
            ],
            [
              -60.86704115668016,
              -32.790657350750784
            ],
            [
              -60.865910920492695,
              -32.78998708956008
            ],
            [
              -60.86477378660061,
              -32.78932513507428
            ],
            [
              -60.863629841433465,
              -32.788671537517686
            ],
            [
              -60.86247917193208,
              -32.78802634647941
            ],
            [
              -60.8613218655417,
              -32.787389610909706
            ],
            [
              -60.86015801020534,
              -32.78676137911627
            ],
            [
              -60.85898769435727,
              -32.786141698760645
            ],
            [
              -60.857811006916336,
              -32.785530616854594
            ],
            [
              -60.85662803727928,
              -32.78492817975661
            ],
            [
              -60.85543887531372,
              -32.78433443316848
            ],
            [
              -60.85424361135176,
              -32.78374942213177
            ],
            [
              -60.85304233618302,
              -32.78317319102449
            ],
            [
              -60.85183514104773,
              -32.78260578355779
            ],
            [
              -60.850622117629825,
              -32.782047242772656
            ],
            [
              -60.849403358050324,
              -32.78149761103668
            ],
            [
              -60.848178954859975,
              -32.780956930040894
            ],
            [
              -60.84694900103267,
              -32.78042524079665
            ],
            [
              -60.84571358995811,
              -32.77990258363254
            ],
            [
              -60.844472815435154,
              -32.77938899819137
            ],
            [
              -60.843226771664376,
              -32.77888452342719
            ],
            [
              -60.84197555324124,
              -32.77838919760238
            ],
            [
              -60.84071925514888,
              -32.77790305828478
            ],
            [
              -60.83945797275089,
              -32.77742614234487
            ],
            [
              -60.83819180178449,
              -32.77695848595304
            ],
            [
              -60.836920838352796,
              -32.77650012457682
            ],
            [
              -60.83564517891813,
              -32.776051092978285
            ],
            [
              -60.83436492029432,
              -32.77561142521141
            ],
            [
              -60.83308015963979,
              -32.775181154619524
            ],
            [
              -60.831790994450046,
              -32.77476031383284
            ],
            [
              -60.8304975225505,
              -32.774348934765996
            ],
            [
              -60.82919984208894,
              -32.77394704861564
            ],
            [
              -60.82789805152834,
              -32.77355468585813
            ],
            [
              -60.82659224963936,
              -32.77317187624724
            ],
            [
              -60.825282535493045,
              -32.77279864881192
            ],
            [
              -60.823969008453275,
              -32.77243503185415
            ],
            [
              -60.82265176816935,
              -32.772081052946795
            ],
            [
              -60.82133091456859,
              -32.77173673893153
            ],
            [
              -60.820006547848664,
              -32.77140211591689
            ],
            [
              -60.81867876847036,
              -32.77107720927626
            ],
            [
              -60.817347677149826,
              -32.77076204364595
            ],
            [
              -60.81601337485097,
              -32.77045664292348
            ],
            [
              -60.81467596277815,
              -32.77016103026561
            ],
            [
              -60.81333554236841,
              -32.76987522808678
            ],
            [
              -60.81199221528385,
              -32.76959925805731
            ],
            [
              -60.81064608340421,
              -32.769333141101825
            ],
            [
              -60.80929724881901,
              -32.76907689739768
            ],
            [
              -60.80794581381997,
              -32.76883054637351
            ],
            [
              -60.80659188089339,
              -32.76859410670764
            ],
            [
              -60.8052355527127,
              -32.76836759632683
            ],
            [
              -60.80387693213015,
              -32.76815103240486
            ],
            [
              -60.80251612216972,
              -32.76794443136124
            ],
            [
              -60.80115322601927,
              -32.767747808860015
            ],
            [
              -60.79978834702246,
              -32.76756117980859
            ],
            [
              -60.798421588671545,
              -32.76738455835657
            ],
            [
              -60.79705305459919,
              -32.767217957894765
            ],
            [
              -60.79568284857095,
              -32.76706139105414
            ],
            [
              -60.79431107447755,
              -32.76691486970489
            ],
            [
              -60.79293783632687,
              -32.76677840495556
            ],
            [
              -60.79156323823639,
              -32.76665200715219
            ],
            [
              -60.790187384425224,
              -32.766535685877564
            ],
            [
              -60.78881037920644,
              -32.76642944995047
            ],
            [
              -60.78743232697934,
              -32.766333307425086
            ],
            [
              -60.7860533322214,
              -32.7662472655903
            ],
            [
              -60.784673499480675,
              -32.76617133096924
            ],
            [
              -60.78329293336782,
              -32.76610550931877
            ],
            [
              -60.78191173854839,
              -32.76604980562899
            ],
            [
              -60.78053001973501,
              -32.76600422412298
            ],
            [
              -60.779147881679364,
              -32.76596876825639
            ],
            [
              -60.77776542916462,
              -32.76594344071723
            ],
            [
              -60.77638276699736,
              -32.76592824342564
            ],
            [
              -60.77499999999998,
              -32.76592317753375
            ]
          ]
        ]
      }
    },
    {
      "type": "Feature",
      "properties": {
        "id": "anac_ctr_sazm",
        "name": "CTR MAR DEL PLATA",
        "categoryId": "controlled_airspace",
        "latitude": -37.901181076015355,
        "longitude": -57.72944444444447,
        "radiusMeters": 12987.107737228298,
        "allowedPermissionIds": [
          "authorized_commercial",
          "special_permit"
        ],
        "details": "CTR Aeropuerto Mar del Plata (SAZM). Clase D.",
        "source": "ANAC AIP",
        "lowerLimitMetersAgl": 0.0,
        "upperLimitMetersMsl": 1676.4
      },
      "geometry": {
        "type": "Polygon",
        "coordinates": [
          [
            [
              -57.729444444444425,
              -37.784800835897585
            ],
            [
              -57.72815710227229,
              -37.78480526819816
            ],
            [
              -57.7268698576724,
              -37.78481856476394
            ],
            [
              -57.72558280820965,
              -37.784840724587134
            ],
            [
              -57.72429605143452,
              -37.78487174598815
            ],
            [
              -57.72300968487542,
              -37.784911626615745
            ],
            [
              -57.72172380603172,
              -37.7849603634472
            ],
            [
              -57.7204385123664,
              -37.78501795278852
            ],
            [
              -57.71915390129851,
              -37.78508439027476
            ],
            [
              -57.717870070196284,
              -37.78515967087029
            ],
            [
              -57.716587116369624,
              -37.785243788869224
            ],
            [
              -57.7153051370629,
              -37.785336737895804
            ],
            [
              -57.71402422944766,
              -37.78543851090492
            ],
            [
              -57.71274449061525,
              -37.7855491001826
            ],
            [
              -57.711466017569876,
              -37.785668497346585
            ],
            [
              -57.71018890722104,
              -37.785796693347
            ],
            [
              -57.708913256376434,
              -37.78593367846699
            ],
            [
              -57.70763916173473,
              -37.78607944232344
            ],
            [
              -57.70636671987813,
              -37.786233973867795
            ],
            [
              -57.705096027265654,
              -37.78639726138683
            ],
            [
              -57.70382718022523,
              -37.78656929250357
            ],
            [
              -57.702560274947075,
              -37.78675005417819
            ],
            [
              -57.701295407476266,
              -37.78693953270901
            ],
            [
              -57.70003267370544,
              -37.787137713733514
            ],
            [
              -57.698772169367885,
              -37.78734458222938
            ],
            [
              -57.6975139900303,
              -37.78756012251567
            ],
            [
              -57.69625823108538,
              -37.787784318253976
            ],
            [
              -57.695004987745165,
              -37.78801715244961
            ],
            [
              -57.69375435503338,
              -37.78825860745293
            ],
            [
              -57.69250642777877,
              -37.78850866496063
            ],
            [
              -57.69126130060778,
              -37.78876730601708
            ],
            [
              -57.6900190679375,
              -37.78903451101579
            ],
            [
              -57.688779823968616,
              -37.78931025970088
            ],
            [
              -57.68754366267842,
              -37.78959453116854
            ],
            [
              -57.68631067781354,
              -37.789887303868646
            ],
            [
              -57.68508096288332,
              -37.790188555606335
            ],
            [
              -57.683854611152356,
              -37.7904982635437
            ],
            [
              -57.68263171563393,
              -37.79081640420147
            ],
            [
              -57.68141236908275,
              -37.791142953460785
            ],
            [
              -57.680196663988,
              -37.79147788656497
            ],
            [
              -57.67898469256676,
              -37.791821178121424
            ],
            [
              -57.677776546756604,
              -37.7921728021035
            ],
            [
              -57.67657231820908,
              -37.792532731852454
            ],
            [
              -57.675372098282594,
              -37.79290094007943
            ],
            [
              -57.674175978035805,
              -37.79327739886752
            ],
            [
              -57.67298404822054,
              -37.79366207967384
            ],
            [
              -57.67179639927514,
              -37.794054953331674
            ],
            [
              -57.67061312131767,
              -37.79445599005266
            ],
            [
              -57.669434304138974,
              -37.794865159428966
            ],
            [
              -57.66826003719626,
              -37.79528243043568
            ],
            [
              -57.66709040960609,
              -37.795707771433
            ],
            [
              -57.66592551013787,
              -37.796141150168715
            ],
            [
              -57.664765427207044,
              -37.79658253378052
            ],
            [
              -57.663610248868565,
              -37.79703188879857
            ],
            [
              -57.66246006281017,
              -37.79748918114789
            ],
            [
              -57.661314956345905,
              -37.79795437615104
            ],
            [
              -57.66017501640954,
              -37.798427438530574
            ],
            [
              -57.65904032954779,
              -37.798908332411806
            ],
            [
              -57.65791098191431,
              -37.79939702132544
            ],
            [
              -57.65678705926268,
              -37.79989346821028
            ],
            [
              -57.655668646940285,
              -37.80039763541606
            ],
            [
              -57.65455582988176,
              -37.800909484706224
            ],
            [
              -57.65344869260258,
              -37.80142897726081
            ],
            [
              -57.65234731919276,
              -37.80195607367933
            ],
            [
              -57.651251793310564,
              -37.80249073398375
            ],
            [
              -57.65016219817602,
              -37.80303291762151
            ],
            [
              -57.64907861656479,
              -37.80358258346847
            ],
            [
              -57.64800113080196,
              -37.804139689832105
            ],
            [
              -57.64692982275568,
              -37.80470419445455
            ],
            [
              -57.64586477383108,
              -37.8052760545158
            ],
            [
              -57.64480606496409,
              -37.805855226636915
            ],
            [
              -57.64375377661548,
              -37.80644166688325
            ],
            [
              -57.64270798876453,
              -37.807035330767825
            ],
            [
              -57.6416687809031,
              -37.80763617325453
            ],
            [
              -57.640636232029806,
              -37.80824414876163
            ],
            [
              -57.63961042064358,
              -37.808859211165114
            ],
            [
              -57.638591424738365,
              -37.809481313802166
            ],
            [
              -57.63757932179658,
              -37.810110409474674
            ],
            [
              -57.63657418878381,
              -37.81074645045279
            ],
            [
              -57.63557610214252,
              -37.81138938847842
            ],
            [
              -57.634585137786644,
              -37.812039174768984
            ],
            [
              -57.633601371095494,
              -37.81269576002096
            ],
            [
              -57.63262487690827,
              -37.81335909441367
            ],
            [
              -57.63165572951834,
              -37.814029127612926
            ],
            [
              -57.63069400266761,
              -37.81470580877489
            ],
            [
              -57.62973976954089,
              -37.81538908654986
            ],
            [
              -57.62879310276037,
              -37.81607890908613
            ],
            [
              -57.62785407437997,
              -37.81677522403385
            ],
            [
              -57.626922755880116,
              -37.81747797854903
            ],
            [
              -57.62599921816218,
              -37.81818711929744
            ],
            [
              -57.625083531543055,
              -37.81890259245865
            ],
            [
              -57.62417576574978,
              -37.81962434373004
            ],
            [
              -57.623275989914305,
              -37.82035231833093
            ],
            [
              -57.62238427256818,
              -37.82108646100669
            ],
            [
              -57.62150068163754,
              -37.821826716032824
            ],
            [
              -57.62062528443755,
              -37.822573027219235
            ],
            [
              -57.61975814766748,
              -37.82332533791441
            ],
            [
              -57.618899337405765,
              -37.824083591009696
            ],
            [
              -57.61804891910458,
              -37.82484772894359
            ],
            [
              -57.61720695758521,
              -37.82561769370605
            ],
            [
              -57.61637351703291,
              -37.82639342684289
            ],
            [
              -57.61554866099215,
              -37.82717486946013
            ],
            [
              -57.61473245236135,
              -37.827961962228486
            ],
            [
              -57.613924953388675,
              -37.82875464538777
            ],
            [
              -57.61312622566675,
              -37.829552858751434
            ],
            [
              -57.612336330128244,
              -37.83035654171109
            ],
            [
              -57.611555327040946,
              -37.83116563324104
            ],
            [
              -57.61078327600353,
              -37.83198007190291
            ],
            [
              -57.61002023594045,
              -37.83279979585026
            ],
            [
              -57.60926626509803,
              -37.833624742833216
            ],
            [
              -57.60852142103931,
              -37.8344548502032
            ],
            [
              -57.6077857606403,
              -37.835290054917614
            ],
            [
              -57.607059340085016,
              -37.836130293544635
            ],
            [
              -57.60634221486157,
              -37.8369755022679
            ],
            [
              -57.60563443975764,
              -37.83782561689141
            ],
            [
              -57.604936068856375,
              -37.83868057284433
            ],
            [
              -57.60424715553222,
              -37.83954030518588
            ],
            [
              -57.60356775244668,
              -37.840404748610126
            ],
            [
              -57.60289791154446,
              -37.84127383745107
            ],
            [
              -57.60223768404916,
              -37.84214750568746
            ],
            [
              -57.601587120459556,
              -37.84302568694783
            ],
            [
              -57.60094627054559,
              -37.8439083145155
            ],
            [
              -57.600315183344605,
              -37.84479532133363
            ],
            [
              -57.599693907157246,
              -37.8456866400102
            ],
            [
              -57.59908248954412,
              -37.84658220282317
            ],
            [
              -57.598480977321856,
              -37.84748194172558
            ],
            [
              -57.59788941655944,
              -37.848385788350654
            ],
            [
              -57.59730785257477,
              -37.849293674016984
            ],
            [
              -57.59673632993105,
              -37.850205529733714
            ],
            [
              -57.596174892433226,
              -37.85112128620572
            ],
            [
              -57.595623583124734,
              -37.852040873838874
            ],
            [
              -57.59508244428406,
              -37.85296422274533
            ],
            [
              -57.594551517421394,
              -37.85389126274871
            ],
            [
              -57.59403084327539,
              -37.85482192338948
            ],
            [
              -57.593520461810044,
              -37.85575613393026
            ],
            [
              -57.59302041221156,
              -37.856693823361155
            ],
            [
              -57.592530732884995,
              -37.857634920405125
            ],
            [
              -57.59205146145166,
              -37.85857935352339
            ],
            [
              -57.59158263474592,
              -37.85952705092081
            ],
            [
              -57.591124288812296,
              -37.860477940551355
            ],
            [
              -57.59067645890258,
              -37.861431950123475
            ],
            [
              -57.5902391794732,
              -37.86238900710568
            ],
            [
              -57.589812484182346,
              -37.86334903873193
            ],
            [
              -57.58939640588733,
              -37.86431197200719
            ],
            [
              -57.58899097664204,
              -37.865277733712944
            ],
            [
              -57.588596227694325,
              -37.86624625041271
            ],
            [
              -57.588212189483556,
              -37.867217448457666
            ],
            [
              -57.587838891638,
              -37.868191253992144
            ],
            [
              -57.58747636297278,
              -37.86916759295927
            ],
            [
              -57.58712463148737,
              -37.87014639110657
            ],
            [
              -57.586783724363215,
              -37.871127573991586
            ],
            [
              -57.58645366796185,
              -37.8721110669875
            ],
            [
              -57.586134487822505,
              -37.87309679528882
            ],
            [
              -57.585826208660194,
              -37.87408468391703
            ],
            [
              -57.585528854363645,
              -37.87507465772628
            ],
            [
              -57.58524244799338,
              -37.87606664140906
            ],
            [
              -57.58496701177978,
              -37.877060559501956
            ],
            [
              -57.584702567121326,
              -37.8780563363913
            ],
            [
              -57.58444913458288,
              -37.879053896319
            ],
            [
              -57.584206733893836,
              -37.880053163388204
            ],
            [
              -57.58397538394661,
              -37.88105406156909
            ],
            [
              -57.58375510279512,
              -37.88205651470462
            ],
            [
              -57.58354590765305,
              -37.88306044651638
            ],
            [
              -57.58334781489265,
              -37.88406578061028
            ],
            [
              -57.58316084004338,
              -37.885072440482396
            ],
            [
              -57.58298499779016,
              -37.88608034952481
            ],
            [
              -57.58282030197273,
              -37.88708943103136
            ],
            [
              -57.582666765584065,
              -37.88809960820351
            ],
            [
              -57.58252440076927,
              -37.8891108041562
            ],
            [
              -57.582393218824734,
              -37.89012294192366
            ],
            [
              -57.58227323019685,
              -37.891135944465205
            ],
            [
              -57.582164444481236,
              -37.892149734671214
            ],
            [
              -57.582066870421954,
              -37.89316423536891
            ],
            [
              -57.581980515910516,
              -37.8941793693282
            ],
            [
              -57.58190538798527,
              -37.89519505926764
            ],
            [
              -57.58184149283068,
              -37.89621122786025
            ],
            [
              -57.58178883577659,
              -37.897227797739376
            ],
            [
              -57.58174742129802,
              -37.89824469150463
            ],
            [
              -57.58171725301423,
              -37.89926183172776
            ],
            [
              -57.58169833368879,
              -37.900279140958546
            ],
            [
              -57.581690665228734,
              -37.90129654173066
            ],
            [
              -57.5816942486847,
              -37.9023139565676
            ],
            [
              -57.581709084250406,
              -37.903331307988594
            ],
            [
              -57.58173517126261,
              -37.90434851851447
            ],
            [
              -57.58177250820114,
              -37.905365510673576
            ],
            [
              -57.581821092688585,
              -37.906382207007695
            ],
            [
              -57.58188092149061,
              -37.90739853007792
            ],
            [
              -57.58195199051585,
              -37.908414402470555
            ],
            [
              -57.58203429481625,
              -37.90942974680303
            ],
            [
              -57.58212782858726,
              -37.91044448572981
            ],
            [
              -57.58223258516796,
              -37.91145854194826
            ],
            [
              -57.58234855704171,
              -37.91247183820457
            ],
            [
              -57.58247573583634,
              -37.91348429729962
            ],
            [
              -57.582614112324734,
              -37.9144958420949
            ],
            [
              -57.58276367642554,
              -37.915506395518356
            ],
            [
              -57.58292441720357,
              -37.91651588057031
            ],
            [
              -57.583096322870574,
              -37.91752422032931
            ],
            [
              -57.58327938078594,
              -37.918531337958015
            ],
            [
              -57.58347357745782,
              -37.91953715670904
            ],
            [
              -57.58367889854355,
              -37.920541599930864
            ],
            [
              -57.58389532885104,
              -37.921544591073605
            ],
            [
              -57.58412285233942,
              -37.922546053694965
            ],
            [
              -57.58436145212045,
              -37.923545911465965
            ],
            [
              -57.58461111045949,
              -37.92454408817689
            ],
            [
              -57.58487180877677,
              -37.92554050774299
            ],
            [
              -57.58514352764854,
              -37.92653509421039
            ],
            [
              -57.585426246808765,
              -37.927527771761866
            ],
            [
              -57.58571994515006,
              -37.92851846472263
            ],
            [
              -57.58602460072569,
              -37.92950709756613
            ],
            [
              -57.58634019075055,
              -37.93049359491981
            ],
            [
              -57.58666669160334,
              -37.931477881570906
            ],
            [
              -57.58700407882782,
              -37.93245988247217
            ],
            [
              -57.58735232713457,
              -37.933439522747605
            ],
            [
              -57.587711410403244,
              -37.934416727698256
            ],
            [
              -57.588081301683815,
              -37.93539142280786
            ],
            [
              -57.58846197319883,
              -37.936363533748555
            ],
            [
              -57.5888533963456,
              -37.937332986386636
            ],
            [
              -57.589255541697696,
              -37.93829970678815
            ],
            [
              -57.58966837900766,
              -37.93926362122462
            ],
            [
              -57.590091877208806,
              -37.94022465617864
            ],
            [
              -57.59052600441777,
              -37.94118273834958
            ],
            [
              -57.590970727936394,
              -37.94213779465911
            ],
            [
              -57.59142601425464,
              -37.943089752256896
            ],
            [
              -57.5918918290526,
              -37.94403853852609
            ],
            [
              -57.592368137203266,
              -37.94498408108897
            ],
            [
              -57.59285490277483,
              -37.945926307812464
            ],
            [
              -57.593352089033715,
              -37.94686514681369
            ],
            [
              -57.59385965844683,
              -37.94780052646543
            ],
            [
              -57.59437757268472,
              -37.94873237540167
            ],
            [
              -57.59490579262405,
              -37.94966062252309
            ],
            [
              -57.595444278350726,
              -37.950585197002425
            ],
            [
              -57.59599298916265,
              -37.95150602829002
            ],
            [
              -57.596551883573,
              -37.95242304611917
            ],
            [
              -57.597120919312886,
              -37.95333618051155
            ],
            [
              -57.597700053334904,
              -37.95424536178254
            ],
            [
              -57.598289241816076,
              -37.95515052054663
            ],
            [
              -57.59888844016115,
              -37.95605158772273
            ],
            [
              -57.59949760300594,
              -37.95694849453947
            ],
            [
              -57.600116684220666,
              -37.95784117254048
            ],
            [
              -57.60074563691336,
              -37.95872955358966
            ],
            [
              -57.60138441343349,
              -37.959613569876424
            ],
            [
              -57.60203296537543,
              -37.96049315392089
            ],
            [
              -57.60269124358189,
              -37.961368238579084
            ],
            [
              -57.603359198147984,
              -37.96223875704808
            ],
            [
              -57.604036778424586,
              -37.96310464287117
            ],
            [
              -57.6047239330224,
              -37.96396582994297
            ],
            [
              -57.605420609815496,
              -37.96482225251445
            ],
            [
              -57.60612675594564,
              -37.965673845198076
            ],
            [
              -57.606842317825794,
              -37.96652054297277
            ],
            [
              -57.60756724114452,
              -37.96736228118897
            ],
            [
              -57.60830147086983,
              -37.96819899557354
            ],
            [
              -57.609044951253395,
              -37.969030622234776
            ],
            [
              -57.6097976258348,
              -37.9698570976673
            ],
            [
              -57.610559437445716,
              -37.970678358756956
            ],
            [
              -57.61133032821414,
              -37.971494342785654
            ],
            [
              -57.61211023956895,
              -37.97230498743622
            ],
            [
              -57.61289911224412,
              -37.973110230797175
            ],
            [
              -57.613696886283435,
              -37.97391001136752
            ],
            [
              -57.61450350104474,
              -37.97470426806148
            ],
            [
              -57.61531889520472,
              -37.975492940213186
            ],
            [
              -57.61614300676348,
              -37.97627596758137
            ],
            [
              -57.61697577304915,
              -37.97705329035402
            ],
            [
              -57.617817130722756,
              -37.97782484915293
            ],
            [
              -57.6186670157831,
              -37.97859058503836
            ],
            [
              -57.61952536357137,
              -37.97935043951352
            ],
            [
              -57.62039210877606,
              -37.980104354529104
            ],
            [
              -57.62126718543817,
              -37.98085227248777
            ],
            [
              -57.62215052695609,
              -37.98159413624858
            ],
            [
              -57.623042066090534,
              -37.98232988913138
            ],
            [
              -57.62394173496983,
              -37.98305947492122
            ],
            [
              -57.62484946509494,
              -37.98378283787266
            ],
            [
              -57.62576518734488,
              -37.9844999227141
            ],
            [
              -57.626688831981596,
              -37.985210674651974
            ],
            [
              -57.62762032865578,
              -37.98591503937509
            ],
            [
              -57.62855960641173,
              -37.986612963058704
            ],
            [
              -57.629506593693236,
              -37.987304392368806
            ],
            [
              -57.63046121834856,
              -37.98798927446611
            ],
            [
              -57.63142340763636,
              -37.98866755701021
            ],
            [
              -57.63239308823097,
              -37.989339188163605
            ],
            [
              -57.63337018622815,
              -37.9900041165957
            ],
            [
              -57.634354627150515,
              -37.99066229148676
            ],
            [
              -57.63534633595356,
              -37.99131366253188
            ],
            [
              -57.63634523703121,
              -37.991958179944795
            ],
            [
              -57.63735125422147,
              -37.99259579446183
            ],
            [
              -57.63836431081245,
              -37.99322645734558
            ],
            [
              -57.63938432954831,
              -37.99385012038881
            ],
            [
              -57.640411232634904,
              -37.99446673591809
            ],
            [
              -57.641444941745874,
              -37.995076256797496
            ],
            [
              -57.642485378028766,
              -37.99567863643229
            ],
            [
              -57.6435324621109,
              -37.99627382877248
            ],
            [
              -57.64458611410555,
              -37.99686178831641
            ],
            [
              -57.645646253618,
              -37.997442470114265
            ],
            [
              -57.646712799751754,
              -37.99801582977156
            ],
            [
              -57.64778567111489,
              -37.998581823452554
            ],
            [
              -57.64886478582605,
              -37.999140407883665
            ],
            [
              -57.649950061520826,
              -37.99969154035677
            ],
            [
              -57.65104141535818,
              -38.000235178732595
            ],
            [
              -57.6521387640268,
              -38.0007712814439
            ],
            [
              -57.65324202375126,
              -38.00129980749872
            ],
            [
              -57.65435111029893,
              -38.00182071648354
            ],
            [
              -57.65546593898591,
              -38.00233396856642
            ],
            [
              -57.65658642468395,
              -38.00283952450008
            ],
            [
              -57.65771248182688,
              -38.003337345624956
            ],
            [
              -57.65884402441719,
              -38.00382739387215
            ],
            [
              -57.659980966032606,
              -38.004309631766404
            ],
            [
              -57.6611232198328,
              -38.00478402242902
            ],
            [
              -57.66227069856609,
              -38.0052505295807
            ],
            [
              -57.663423314576164,
              -38.0057091175443
            ],
            [
              -57.66458097980882,
              -38.006159751247715
            ],
            [
              -57.66574360581876,
              -38.006602396226484
            ],
            [
              -57.666911103776386,
              -38.0070370186265
            ],
            [
              -57.6680833844747,
              -38.00746358520665
            ],
            [
              -57.6692603583362,
              -38.00788206334138
            ],
            [
              -57.67044193541972,
              -38.008292421023185
            ],
            [
              -57.67162802542748,
              -38.00869462686517
            ],
            [
              -57.67281853771186,
              -38.0090886501034
            ],
            [
              -57.67401338128275,
              -38.00947446059931
            ],
            [
              -57.675212464814194,
              -38.009852028842054
            ],
            [
              -57.676415696651645,
              -38.01022132595082
            ],
            [
              -57.67762298481915,
              -38.010582323677006
            ],
            [
              -57.678834237026194,
              -38.010934994406426
            ],
            [
              -57.68004936067507,
              -38.01127931116149
            ],
            [
              -57.68126826286789,
              -38.01161524760326
            ],
            [
              -57.68249085041384,
              -38.0119427780335
            ],
            [
              -57.68371702983637,
              -38.01226187739666
            ],
            [
              -57.684946707380504,
              -38.01257252128183
            ],
            [
              -57.68617978901989,
              -38.012874685924665
            ],
            [
              -57.68741618046431,
              -38.01316834820915
            ],
            [
              -57.68865578716691,
              -38.013453485669444
            ],
            [
              -57.68989851433139,
              -38.01373007649164
            ],
            [
              -57.69114426691954,
              -38.0139980995154
            ],
            [
              -57.69239294965837,
              -38.014257534235654
            ],
            [
              -57.69364446704782,
              -38.01450836080415
            ],
            [
              -57.69489872336777,
              -38.014750560031
            ],
            [
              -57.69615562268575,
              -38.01498411338619
            ],
            [
              -57.697415068864245,
              -38.015209003001004
            ],
            [
              -57.69867696556821,
              -38.01542521166941
            ],
            [
              -57.699941216272464,
              -38.01563272284938
            ],
            [
              -57.70120772426918,
              -38.015831520664214
            ],
            [
              -57.70247639267535,
              -38.016021589903694
            ],
            [
              -57.703747124440554,
              -38.0162029160254
            ],
            [
              -57.70501982235413,
              -38.01637548515567
            ],
            [
              -57.70629438905286,
              -38.01653928409082
            ],
            [
              -57.70757072702855,
              -38.01669430029808
            ],
            [
              -57.70884873863554,
              -38.016840521916585
            ],
            [
              -57.71012832609847,
              -38.01697793775835
            ],
            [
              -57.711409391519396,
              -38.017106537309054
            ],
            [
              -57.712691836885995,
              -38.017226310728915
            ],
            [
              -57.71397556407862,
              -38.017337248853416
            ],
            [
              -57.71526047487828,
              -38.01743934319408
            ],
            [
              -57.71654647097415,
              -38.01753258593902
            ],
            [
              -57.717833453971025,
              -38.01761696995367
            ],
            [
              -57.71912132539734,
              -38.017692488781236
            ],
            [
              -57.720409986712355,
              -38.01775913664325
            ],
            [
              -57.72169933931417,
              -38.01781690844003
            ],
            [
              -57.722989284547225,
              -38.01786579975102
            ],
            [
              -57.72427972370991,
              -38.01790580683519
            ],
            [
              -57.72557055806226,
              -38.01793692663128
            ],
            [
              -57.726861688833765,
              -38.01795915675809
            ],
            [
              -57.728153017230795,
              -38.017972495514606
            ],
            [
              -57.729444444444425,
              -38.01797694188019
            ],
            [
              -57.73073587165811,
              -38.017972495514606
            ],
            [
              -57.73202720005514,
              -38.01795915675809
            ],
            [
              -57.73331833082665,
              -38.01793692663128
            ],
            [
              -57.734609165178995,
              -38.01790580683519
            ],
            [
              -57.73589960434168,
              -38.01786579975102
            ],
            [
              -57.73718954957474,
              -38.01781690844003
            ],
            [
              -57.73847890217655,
              -38.01775913664325
            ],
            [
              -57.73976756349157,
              -38.017692488781236
            ],
            [
              -57.741055434917826,
              -38.01761696995367
            ],
            [
              -57.742342417914756,
              -38.01753258593902
            ],
            [
              -57.74362841401057,
              -38.01743934319408
            ],
            [
              -57.744913324810284,
              -38.017337248853416
            ],
            [
              -57.74619705200291,
              -38.017226310728915
            ],
            [
              -57.747479497369454,
              -38.017106537309054
            ],
            [
              -57.74876056279044,
              -38.01697793775835
            ],
            [
              -57.75004015025331,
              -38.016840521916585
            ],
            [
              -57.751318161860354,
              -38.01669430029808
            ],
            [
              -57.75259449983605,
              -38.01653928409082
            ],
            [
              -57.753869066534776,
              -38.01637548515567
            ],
            [
              -57.755141764448354,
              -38.0162029160254
            ],
            [
              -57.75641249621356,
              -38.016021589903694
            ],
            [
              -57.757681164619726,
              -38.015831520664214
            ],
            [
              -57.75894767261644,
              -38.01563272284938
            ],
            [
              -57.760211923320696,
              -38.01542521166941
            ],
            [
              -57.76147382002466,
              -38.015209003001004
            ],
            [
              -57.762733266203156,
              -38.01498411338619
            ],
            [
              -57.763990165521136,
              -38.014750560031
            ],
            [
              -57.76524442184109,
              -38.01450836080415
            ],
            [
              -57.76649593923048,
              -38.014257534235654
            ],
            [
              -57.76774462196937,
              -38.0139980995154
            ],
            [
              -57.76899037455752,
              -38.01373007649164
            ],
            [
              -57.770233101722,
              -38.013453485669444
            ],
            [
              -57.7714727084246,
              -38.01316834820915
            ],
            [
              -57.77270909986902,
              -38.012874685924665
            ],
            [
              -57.7739421815084,
              -38.01257252128183
            ],
            [
              -57.775171859052534,
              -38.01226187739666
            ],
            [
              -57.776398038475065,
              -38.0119427780335
            ],
            [
              -57.77762062602102,
              -38.01161524760326
            ],
            [
              -57.77883952821384,
              -38.01127931116149
            ],
            [
              -57.780054651862656,
              -38.010934994406426
            ],
            [
              -57.781265904069755,
              -38.010582323677006
            ],
            [
              -57.78247319223726,
              -38.01022132595082
            ],
            [
              -57.78367642407471,
              -38.009852028842054
            ],
            [
              -57.78487550760616,
              -38.00947446059931
            ],
            [
              -57.786070351177045,
              -38.0090886501034
            ],
            [
              -57.78726086346143,
              -38.00869462686517
            ],
            [
              -57.78844695346919,
              -38.008292421023185
            ],
            [
              -57.789628530552704,
              -38.00788206334138
            ],
            [
              -57.79080550441421,
              -38.00746358520665
            ],
            [
              -57.79197778511252,
              -38.0070370186265
            ],
            [
              -57.793145283070146,
              -38.006602396226484
            ],
            [
              -57.79430790908009,
              -38.006159751247715
            ],
            [
              -57.79546557431274,
              -38.0057091175443
            ],
            [
              -57.79661819032282,
              -38.0052505295807
            ],
            [
              -57.797765669056105,
              -38.00478402242902
            ],
            [
              -57.7989079228563,
              -38.004309631766404
            ],
            [
              -57.800044864471715,
              -38.00382739387215
            ],
            [
              -57.80117640706203,
              -38.003337345624956
            ],
            [
              -57.802302464204956,
              -38.00283952450008
            ],
            [
              -57.803422949902995,
              -38.00233396856642
            ],
            [
              -57.804537778589975,
              -38.00182071648354
            ],
            [
              -57.805646865137646,
              -38.00129980749872
            ],
            [
              -57.806750124862106,
              -38.0007712814439
            ],
            [
              -57.80784747353073,
              -38.000235178732595
            ],
            [
              -57.80893882736808,
              -37.99969154035677
            ],
            [
              -57.81002410306286,
              -37.999140407883665
            ],
            [
              -57.81110321777402,
              -37.998581823452554
            ],
            [
              -57.8121760891371,
              -37.99801582977156
            ],
            [
              -57.81324263527091,
              -37.997442470114265
            ],
            [
              -57.81430277478336,
              -37.99686178831641
            ],
            [
              -57.81535642677801,
              -37.99627382877248
            ],
            [
              -57.81640351086014,
              -37.99567863643229
            ],
            [
              -57.81744394714303,
              -37.995076256797496
            ],
            [
              -57.818477656254004,
              -37.99446673591809
            ],
            [
              -57.8195045593406,
              -37.99385012038881
            ],
            [
              -57.82052457807646,
              -37.99322645734558
            ],
            [
              -57.821537634667436,
              -37.99259579446183
            ],
            [
              -57.8225436518577,
              -37.991958179944795
            ],
            [
              -57.82354255293535,
              -37.99131366253188
            ],
            [
              -57.82453426173839,
              -37.99066229148676
            ],
            [
              -57.82551870266076,
              -37.9900041165957
            ],
            [
              -57.82649580065788,
              -37.989339188163605
            ],
            [
              -57.82746548125249,
              -37.98866755701021
            ],
            [
              -57.82842767054035,
              -37.98798927446611
            ],
            [
              -57.82938229519567,
              -37.987304392368806
            ],
            [
              -57.83032928247712,
              -37.986612963058704
            ],
            [
              -57.83126856023313,
              -37.98591503937509
            ],
            [
              -57.83220005690731,
              -37.985210674651974
            ],
            [
              -57.833123701544025,
              -37.9844999227141
            ],
            [
              -57.83403942379391,
              -37.98378283787266
            ],
            [
              -57.834947153919074,
              -37.98305947492122
            ],
            [
              -57.83584682279837,
              -37.98232988913138
            ],
            [
              -57.83673836193282,
              -37.98159413624858
            ],
            [
              -57.837621703450736,
              -37.98085227248777
            ],
            [
              -57.838496780112905,
              -37.980104354529104
            ],
            [
              -57.839363525317594,
              -37.97935043951352
            ],
            [
              -57.840221873105804,
              -37.97859058503836
            ],
            [
              -57.841071758166095,
              -37.97782484915293
            ],
            [
              -57.84191311583976,
              -37.97705329035402
            ],
            [
              -57.84274588212543,
              -37.97627596758137
            ],
            [
              -57.843569993684184,
              -37.975492940213186
            ],
            [
              -57.84438538784411,
              -37.97470426806148
            ],
            [
              -57.84519200260547,
              -37.97391001136752
            ],
            [
              -57.84598977664473,
              -37.973110230797175
            ],
            [
              -57.84677864931996,
              -37.97230498743622
            ],
            [
              -57.84755856067477,
              -37.971494342785654
            ],
            [
              -57.84832945144319,
              -37.970678358756956
            ],
            [
              -57.849091263054106,
              -37.9698570976673
            ],
            [
              -57.84984393763551,
              -37.969030622234776
            ],
            [
              -57.850587418019074,
              -37.96819899557354
            ],
            [
              -57.851321647744385,
              -37.96736228118897
            ],
            [
              -57.85204657106311,
              -37.96652054297277
            ],
            [
              -57.85276213294327,
              -37.965673845198076
            ],
            [
              -57.853468279073354,
              -37.96482225251445
            ],
            [
              -57.85416495586651,
              -37.96396582994297
            ],
            [
              -57.85485211046432,
              -37.96310464287117
            ],
            [
              -57.85552969074092,
              -37.96223875704808
            ],
            [
              -57.85619764530702,
              -37.961368238579084
            ],
            [
              -57.85685592351348,
              -37.96049315392089
            ],
            [
              -57.85750447545536,
              -37.959613569876424
            ],
            [
              -57.85814325197555,
              -37.95872955358966
            ],
            [
              -57.85877220466824,
              -37.95784117254048
            ],
            [
              -57.859391285882964,
              -37.95694849453947
            ],
            [
              -57.86000044872776,
              -37.95605158772273
            ],
            [
              -57.86059964707283,
              -37.95515052054663
            ],
            [
              -57.861188835554,
              -37.95424536178254
            ],
            [
              -57.86176796957602,
              -37.95333618051155
            ],
            [
              -57.86233700531591,
              -37.95242304611917
            ],
            [
              -57.862895899726254,
              -37.95150602829002
            ],
            [
              -57.86344461053818,
              -37.950585197002425
            ],
            [
              -57.86398309626486,
              -37.94966062252309
            ],
            [
              -57.86451131620419,
              -37.94873237540167
            ],
            [
              -57.86502923044202,
              -37.94780052646543
            ],
            [
              -57.86553679985519,
              -37.94686514681369
            ],
            [
              -57.866033986114076,
              -37.945926307812464
            ],
            [
              -57.86652075168564,
              -37.94498408108897
            ],
            [
              -57.86699705983631,
              -37.94403853852609
            ],
            [
              -57.86746287463427,
              -37.943089752256896
            ],
            [
              -57.86791816095251,
              -37.94213779465911
            ],
            [
              -57.86836288447114,
              -37.94118273834958
            ],
            [
              -57.868797011680044,
              -37.94022465617864
            ],
            [
              -57.869220509881245,
              -37.93926362122462
            ],
            [
              -57.86963334719121,
              -37.93829970678815
            ],
            [
              -57.87003549254331,
              -37.937332986386636
            ],
            [
              -57.870426915690075,
              -37.936363533748555
            ],
            [
              -57.87080758720509,
              -37.93539142280786
            ],
            [
              -57.87117747848566,
              -37.934416727698256
            ],
            [
              -57.87153656175428,
              -37.933439522747605
            ],
            [
              -57.87188481006115,
              -37.93245988247217
            ],
            [
              -57.872222197285566,
              -37.931477881570906
            ],
            [
              -57.8725486981383,
              -37.93049359491981
            ],
            [
              -57.872864288163214,
              -37.92950709756613
            ],
            [
              -57.87316894373885,
              -37.92851846472263
            ],
            [
              -57.87346264208014,
              -37.927527771761866
            ],
            [
              -57.87374536124037,
              -37.92653509421039
            ],
            [
              -57.87401708011214,
              -37.92554050774299
            ],
            [
              -57.87427777842936,
              -37.92454408817689
            ],
            [
              -57.8745274367684,
              -37.923545911465965
            ],
            [
              -57.87476603654943,
              -37.922546053694965
            ],
            [
              -57.874993560037865,
              -37.921544591073605
            ],
            [
              -57.8752099903453,
              -37.920541599930864
            ],
            [
              -57.875415311431084,
              -37.91953715670904
            ],
            [
              -57.87560950810297,
              -37.918531337958015
            ],
            [
              -57.87579256601833,
              -37.91752422032931
            ],
            [
              -57.875964471685336,
              -37.91651588057031
            ],
            [
              -57.87612521246331,
              -37.915506395518356
            ],
            [
              -57.87627477656417,
              -37.9144958420949
            ],
            [
              -57.87641315305257,
              -37.91348429729962
            ],
            [
              -57.876540331847195,
              -37.91247183820457
            ],
            [
              -57.87665630372095,
              -37.91145854194826
            ],
            [
              -57.87676106030165,
              -37.91044448572981
            ],
            [
              -57.876854594072654,
              -37.90942974680303
            ],
            [
              -57.87693689837306,
              -37.908414402470555
            ],
            [
              -57.8770079673983,
              -37.90739853007792
            ],
            [
              -57.87706779620032,
              -37.906382207007695
            ],
            [
              -57.87711638068777,
              -37.905365510673576
            ],
            [
              -57.87715371762624,
              -37.90434851851447
            ],
            [
              -57.8771798046385,
              -37.903331307988594
            ],
            [
              -57.87719464020421,
              -37.9023139565676
            ],
            [
              -57.877198223660116,
              -37.90129654173066
            ],
            [
              -57.877190555200116,
              -37.900279140958546
            ],
            [
              -57.877171635874674,
              -37.89926183172776
            ],
            [
              -57.87714146759089,
              -37.89824469150463
            ],
            [
              -57.877100053112315,
              -37.897227797739376
            ],
            [
              -57.87704739605829,
              -37.89621122786025
            ],
            [
              -57.876983500903634,
              -37.89519505926764
            ],
            [
              -57.87690837297839,
              -37.8941793693282
            ],
            [
              -57.87682201846695,
              -37.89316423536891
            ],
            [
              -57.87672444440767,
              -37.892149734671214
            ],
            [
              -57.87661565869212,
              -37.891135944465205
            ],
            [
              -57.87649567006417,
              -37.89012294192366
            ],
            [
              -57.876364488119634,
              -37.8891108041562
            ],
            [
              -57.87622212330484,
              -37.88809960820351
            ],
            [
              -57.876068586916176,
              -37.88708943103136
            ],
            [
              -57.875903891098744,
              -37.88608034952481
            ],
            [
              -57.87572804884553,
              -37.885072440482396
            ],
            [
              -57.87554107399626,
              -37.88406578061028
            ],
            [
              -57.87534298123586,
              -37.88306044651638
            ],
            [
              -57.875133786093784,
              -37.88205651470462
            ],
            [
              -57.87491350494224,
              -37.88105406156909
            ],
            [
              -57.87468215499507,
              -37.880053163388204
            ],
            [
              -57.874439754306024,
              -37.879053896319
            ],
            [
              -57.874186321767525,
              -37.8780563363913
            ],
            [
              -57.873921877109126,
              -37.877060559501956
            ],
            [
              -57.87364644089553,
              -37.87606664140906
            ],
            [
              -57.87336003452526,
              -37.87507465772628
            ],
            [
              -57.87306268022871,
              -37.87408468391703
            ],
            [
              -57.8727544010664,
              -37.87309679528882
            ],
            [
              -57.87243522092706,
              -37.8721110669875
            ],
            [
              -57.87210516452569,
              -37.871127573991586
            ],
            [
              -57.87176425740154,
              -37.87014639110657
            ],
            [
              -57.87141252591607,
              -37.86916759295927
            ],
            [
              -57.87104999725091,
              -37.868191253992144
            ],
            [
              -57.87067669940535,
              -37.867217448457666
            ],
            [
              -57.870292661194526,
              -37.86624625041271
            ],
            [
              -57.86989791224687,
              -37.865277733712944
            ],
            [
              -57.86949248300158,
              -37.86431197200719
            ],
            [
              -57.86907640470656,
              -37.86334903873193
            ],
            [
              -57.868649709415706,
              -37.86238900710568
            ],
            [
              -57.86821242998633,
              -37.861431950123475
            ],
            [
              -57.86776460007661,
              -37.860477940551355
            ],
            [
              -57.86730625414299,
              -37.85952705092081
            ],
            [
              -57.86683742743725,
              -37.85857935352339
            ],
            [
              -57.86635815600391,
              -37.857634920405125
            ],
            [
              -57.865868476677406,
              -37.856693823361155
            ],
            [
              -57.865368427078806,
              -37.85575613393026
            ],
            [
              -57.864858045613516,
              -37.85482192338948
            ],
            [
              -57.86433737146751,
              -37.85389126274871
            ],
            [
              -57.86380644460485,
              -37.85296422274533
            ],
            [
              -57.86326530576417,
              -37.852040873838874
            ],
            [
              -57.86271399645568,
              -37.85112128620572
            ],
            [
              -57.86215255895786,
              -37.850205529733714
            ],
            [
              -57.86158103631408,
              -37.849293674016984
            ],
            [
              -57.86099947232947,
              -37.848385788350654
            ],
            [
              -57.86040791156705,
              -37.84748194172558
            ],
            [
              -57.859806399344734,
              -37.84658220282317
            ],
            [
              -57.85919498173166,
              -37.8456866400102
            ],
            [
              -57.8585737055443,
              -37.84479532133363
            ],
            [
              -57.857942618343316,
              -37.8439083145155
            ],
            [
              -57.85730176842935,
              -37.84302568694783
            ],
            [
              -57.85665120483975,
              -37.84214750568746
            ],
            [
              -57.85599097734445,
              -37.84127383745107
            ],
            [
              -57.85532113644217,
              -37.840404748610126
            ],
            [
              -57.85464173335669,
              -37.83954030518588
            ],
            [
              -57.85395282003253,
              -37.83868057284433
            ],
            [
              -57.85325444913127,
              -37.83782561689141
            ],
            [
              -57.85254667402734,
              -37.8369755022679
            ],
            [
              -57.851829548803835,
              -37.836130293544635
            ],
            [
              -57.85110312824861,
              -37.835290054917614
            ],
            [
              -57.85036746784954,
              -37.8344548502032
            ],
            [
              -57.84962262379088,
              -37.833624742833216
            ],
            [
              -57.848868652948454,
              -37.83279979585026
            ],
            [
              -57.84810561288538,
              -37.83198007190291
            ],
            [
              -57.84733356184796,
              -37.83116563324104
            ],
            [
              -57.84655255876066,
              -37.83035654171109
            ],
            [
              -57.84576266322216,
              -37.829552858751434
            ],
            [
              -57.84496393550023,
              -37.82875464538777
            ],
            [
              -57.844156436527555,
              -37.827961962228486
            ],
            [
              -57.84334022789676,
              -37.82717486946013
            ],
            [
              -57.84251537185594,
              -37.82639342684289
            ],
            [
              -57.8416819313037,
              -37.82561769370605
            ],
            [
              -57.84083996978438,
              -37.82484772894359
            ],
            [
              -57.83998955148314,
              -37.824083591009696
            ],
            [
              -57.839130741221425,
              -37.82332533791441
            ],
            [
              -57.838263604451356,
              -37.822573027219235
            ],
            [
              -57.837388207251365,
              -37.821826716032824
            ],
            [
              -57.83650461632067,
              -37.82108646100669
            ],
            [
              -57.8356128989746,
              -37.82035231833093
            ],
            [
              -57.834713123139124,
              -37.81962434373004
            ],
            [
              -57.83380535734585,
              -37.81890259245865
            ],
            [
              -57.83288967072667,
              -37.81818711929744
            ],
            [
              -57.83196613300879,
              -37.81747797854903
            ],
            [
              -57.83103481450894,
              -37.81677522403385
            ],
            [
              -57.830095786128595,
              -37.81607890908613
            ],
            [
              -57.82914911934802,
              -37.81538908654986
            ],
            [
              -57.8281948862213,
              -37.81470580877489
            ],
            [
              -57.827233159370564,
              -37.814029127612926
            ],
            [
              -57.82626401198064,
              -37.81335909441367
            ],
            [
              -57.82528751779341,
              -37.81269576002096
            ],
            [
              -57.82430375110226,
              -37.812039174768984
            ],
            [
              -57.82331278674633,
              -37.81138938847842
            ],
            [
              -57.822314700105096,
              -37.81074645045279
            ],
            [
              -57.82130956709233,
              -37.810110409474674
            ],
            [
              -57.82029746415054,
              -37.809481313802166
            ],
            [
              -57.81927846824533,
              -37.808859211165114
            ],
            [
              -57.8182526568591,
              -37.80824414876163
            ],
            [
              -57.817220107985804,
              -37.80763617325453
            ],
            [
              -57.81618090012438,
              -37.807035330767825
            ],
            [
              -57.815135112273424,
              -37.80644166688325
            ],
            [
              -57.814082823924764,
              -37.805855226636915
            ],
            [
              -57.81302411505783,
              -37.8052760545158
            ],
            [
              -57.81195906613323,
              -37.80470419445455
            ],
            [
              -57.81088775808695,
              -37.804139689832105
            ],
            [
              -57.809810272324114,
              -37.80358258346847
            ],
            [
              -57.80872669071289,
              -37.80303291762151
            ],
            [
              -57.80763709557834,
              -37.80249073398375
            ],
            [
              -57.80654156969615,
              -37.80195607367933
            ],
            [
              -57.80544019628633,
              -37.80142897726081
            ],
            [
              -57.80433305900715,
              -37.800909484706224
            ],
            [
              -57.80322024194862,
              -37.80039763541606
            ],
            [
              -57.802101829626224,
              -37.79989346821028
            ],
            [
              -57.800977906974595,
              -37.79939702132544
            ],
            [
              -57.79984855934106,
              -37.798908332411806
            ],
            [
              -57.79871387247937,
              -37.798427438530574
            ],
            [
              -57.797573932543,
              -37.79795437615104
            ],
            [
              -57.79642882607874,
              -37.79748918114789
            ],
            [
              -57.79527864002034,
              -37.79703188879857
            ],
            [
              -57.79412346168186,
              -37.79658253378052
            ],
            [
              -57.79296337875104,
              -37.796141150168715
            ],
            [
              -57.79179847928276,
              -37.795707771433
            ],
            [
              -57.790628851692645,
              -37.79528243043568
            ],
            [
              -57.78945458474993,
              -37.794865159428966
            ],
            [
              -57.788275767571236,
              -37.79445599005266
            ],
            [
              -57.78709248961377,
              -37.794054953331674
            ],
            [
              -57.785904840668366,
              -37.79366207967384
            ],
            [
              -57.784712910853045,
              -37.79327739886752
            ],
            [
              -57.78351679060631,
              -37.79290094007943
            ],
            [
              -57.782316570679825,
              -37.792532731852454
            ],
            [
              -57.7811123421323,
              -37.7921728021035
            ],
            [
              -57.77990419632215,
              -37.791821178121424
            ],
            [
              -57.77869222490091,
              -37.79147788656497
            ],
            [
              -57.77747651980616,
              -37.791142953460785
            ],
            [
              -57.776257173254976,
              -37.79081640420147
            ],
            [
              -57.775034277736495,
              -37.7904982635437
            ],
            [
              -57.77380792600559,
              -37.790188555606335
            ],
            [
              -57.77257821107537,
              -37.789887303868646
            ],
            [
              -57.771345226210485,
              -37.78959453116854
            ],
            [
              -57.77010906492029,
              -37.78931025970088
            ],
            [
              -57.76886982095141,
              -37.78903451101579
            ],
            [
              -57.76762758828113,
              -37.78876730601708
            ],
            [
              -57.76638246111014,
              -37.78850866496063
            ],
            [
              -57.76513453385553,
              -37.78825860745293
            ],
            [
              -57.76388390114374,
              -37.78801715244961
            ],
            [
              -57.76263065780353,
              -37.787784318253976
            ],
            [
              -57.761374898858605,
              -37.78756012251567
            ],
            [
              -57.760116719520965,
              -37.78734458222938
            ],
            [
              -57.75885621518347,
              -37.787137713733514
            ],
            [
              -57.75759348141264,
              -37.78693953270901
            ],
            [
              -57.75632861394183,
              -37.78675005417819
            ],
            [
              -57.755061708663675,
              -37.78656929250357
            ],
            [
              -57.75379286162325,
              -37.78639726138683
            ],
            [
              -57.75252216901072,
              -37.786233973867795
            ],
            [
              -57.751249727154175,
              -37.78607944232344
            ],
            [
              -57.749975632512474,
              -37.78593367846699
            ],
            [
              -57.74869998166787,
              -37.785796693347
            ],
            [
              -57.74742287131903,
              -37.785668497346585
            ],
            [
              -57.74614439827366,
              -37.7855491001826
            ],
            [
              -57.74486465944125,
              -37.78543851090492
            ],
            [
              -57.74358375182601,
              -37.785336737895804
            ],
            [
              -57.74230177251928,
              -37.785243788869224
            ],
            [
              -57.74101881869262,
              -37.78515967087029
            ],
            [
              -57.739734987590396,
              -37.78508439027476
            ],
            [
              -57.73845037652251,
              -37.78501795278852
            ],
            [
              -57.73716508285713,
              -37.7849603634472
            ],
            [
              -57.735879204013486,
              -37.784911626615745
            ],
            [
              -57.734592837454386,
              -37.78487174598815
            ],
            [
              -57.7333060806792,
              -37.784840724587134
            ],
            [
              -57.73201903121651,
              -37.78481856476394
            ],
            [
              -57.730731786616616,
              -37.78480526819816
            ],
            [
              -57.729444444444425,
              -37.784800835897585
            ]
          ]
        ]
      }
    },
    {
      "type": "Feature",
      "properties": {
        "id": "anac_ctr_sazn",
        "name": "CTR NEUQUÉN",
        "categoryId": "controlled_airspace",
        "latitude": -38.94729042509145,
        "longitude": -68.16722222222224,
        "radiusMeters": 12987.303666582218,
        "allowedPermissionIds": [
          "authorized_commercial",
          "special_permit"
        ],
        "details": "CTR Aeropuerto Neuquén (SAZN). Clase D.",
        "source": "ANAC AIP",
        "lowerLimitMetersAgl": 0.0,
        "upperLimitMetersMsl": 1676.4
      },
      "geometry": {
        "type": "Polygon",
        "coordinates": [
          [
            [
              -68.16722222222222,
              -38.8309119470087
            ],
            [
              -68.16591617675397,
              -38.8309163790414
            ],
            [
              -68.16461023025767,
              -38.83092967480365
            ],
            [
              -68.16330448169765,
              -38.83095183328787
            ],
            [
              -68.16199903002371,
              -38.830982852814905
            ],
            [
              -68.16069397416328,
              -38.831022731034075
            ],
            [
              -68.15938941301442,
              -38.83107146492337
            ],
            [
              -68.15808544543813,
              -38.83112905078972
            ],
            [
              -68.15678217025118,
              -38.8311954842692
            ],
            [
              -68.15547968621854,
              -38.83127076032743
            ],
            [
              -68.15417809204621,
              -38.83135487325986
            ],
            [
              -68.15287748637365,
              -38.831447816692304
            ],
            [
              -68.15157796776663,
              -38.831549583581314
            ],
            [
              -68.15027963470965,
              -38.8316601662148
            ],
            [
              -68.14898258559873,
              -38.83177955621252
            ],
            [
              -68.147686918734,
              -38.83190774452675
            ],
            [
              -68.14639273231239,
              -38.832044721442976
            ],
            [
              -68.1451001244202,
              -38.83219047658057
            ],
            [
              -68.14380919302607,
              -38.83234499889361
            ],
            [
              -68.14252003597312,
              -38.83250827667168
            ],
            [
              -68.14123275097228,
              -38.83268029754077
            ],
            [
              -68.13994743559448,
              -38.83286104846414
            ],
            [
              -68.1386641872636,
              -38.833050515743395
            ],
            [
              -68.13738310324914,
              -38.833248685019385
            ],
            [
              -68.13610428065891,
              -38.833455541273395
            ],
            [
              -68.13482781643194,
              -38.83367106882818
            ],
            [
              -68.13355380733094,
              -38.8338952513492
            ],
            [
              -68.1322823499354,
              -38.83412807184576
            ],
            [
              -68.13101354063406,
              -38.834369512672396
            ],
            [
              -68.12974747561782,
              -38.83461955553006
            ],
            [
              -68.12848425087276,
              -38.83487818146761
            ],
            [
              -68.1272239621726,
              -38.835145370883104
            ],
            [
              -68.12596670507173,
              -38.835421103525405
            ],
            [
              -68.12471257489801,
              -38.835705358495574
            ],
            [
              -68.12346166674587,
              -38.83599811424847
            ],
            [
              -68.12221407546866,
              -38.83629934859439
            ],
            [
              -68.12096989567215,
              -38.83660903870068
            ],
            [
              -68.1197292217069,
              -38.83692716109349
            ],
            [
              -68.11849214766181,
              -38.8372536916595
            ],
            [
              -68.11725876735642,
              -38.83758860564769
            ],
            [
              -68.11602917433436,
              -38.837931877671274
            ],
            [
              -68.11480346185613,
              -38.83828348170952
            ],
            [
              -68.11358172289215,
              -38.83864339110972
            ],
            [
              -68.11236405011584,
              -38.839011578589215
            ],
            [
              -68.11115053589663,
              -38.83938801623737
            ],
            [
              -68.10994127229299,
              -38.83977267551773
            ],
            [
              -68.1087363510456,
              -38.84016552727009
            ],
            [
              -68.10753586357043,
              -38.840566541712725
            ],
            [
              -68.10633990095198,
              -38.84097568844461
            ],
            [
              -68.10514855393632,
              -38.84139293644764
            ],
            [
              -68.10396191292432,
              -38.84181825408903
            ],
            [
              -68.10278006796477,
              -38.84225160912363
            ],
            [
              -68.1016031087479,
              -38.84269296869634
            ],
            [
              -68.1004311245984,
              -38.843142299344606
            ],
            [
              -68.09926420446868,
              -38.843599567000844
            ],
            [
              -68.09810243693244,
              -38.844064736995094
            ],
            [
              -68.09694591017768,
              -38.844537774057514
            ],
            [
              -68.09579471200038,
              -38.84501864232111
            ],
            [
              -68.09464892979776,
              -38.845507305324325
            ],
            [
              -68.09350865056155,
              -38.846003726013855
            ],
            [
              -68.09237396087178,
              -38.846507866747366
            ],
            [
              -68.09124494689007,
              -38.84701968929633
            ],
            [
              -68.09012169435306,
              -38.84753915484892
            ],
            [
              -68.08900428856617,
              -38.84806622401281
            ],
            [
              -68.08789281439704,
              -38.84860085681828
            ],
            [
              -68.08678735626904,
              -38.84914301272108
            ],
            [
              -68.08568799815521,
              -38.849692650605505
            ],
            [
              -68.0845948235717,
              -38.8502497287875
            ],
            [
              -68.08350791557137,
              -38.85081420501777
            ],
            [
              -68.08242735673792,
              -38.85138603648493
            ],
            [
              -68.08135322917923,
              -38.8519651798187
            ],
            [
              -68.08028561452136,
              -38.852551591093196
            ],
            [
              -68.07922459390255,
              -38.85314522583021
            ],
            [
              -68.07817024796663,
              -38.85374603900249
            ],
            [
              -68.07712265685745,
              -38.854353985037214
            ],
            [
              -68.07608190021256,
              -38.8549690178193
            ],
            [
              -68.075048057157,
              -38.85559109069493
            ],
            [
              -68.07402120629786,
              -38.85622015647503
            ],
            [
              -68.07300142571762,
              -38.85685616743882
            ],
            [
              -68.07198879296902,
              -38.85749907533734
            ],
            [
              -68.07098338506847,
              -38.85814883139714
            ],
            [
              -68.06998527849072,
              -38.858805386323894
            ],
            [
              -68.06899454916277,
              -38.85946869030611
            ],
            [
              -68.0680112724582,
              -38.860138693018854
            ],
            [
              -68.06703552319163,
              -38.860815343627536
            ],
            [
              -68.06606737561282,
              -38.861498590791754
            ],
            [
              -68.06510690340099,
              -38.86218838266908
            ],
            [
              -68.0641541796594,
              -38.86288466691899
            ],
            [
              -68.06320927690979,
              -38.86358739070681
            ],
            [
              -68.06227226708683,
              -38.864296500707646
            ],
            [
              -68.06134322153247,
              -38.86501194311039
            ],
            [
              -68.0604222109908,
              -38.86573366362181
            ],
            [
              -68.05950930560255,
              -38.86646160747055
            ],
            [
              -68.05860457489962,
              -38.86719571941131
            ],
            [
              -68.0577080878,
              -38.86793594372895
            ],
            [
              -68.05681991260235,
              -38.868682224242704
            ],
            [
              -68.05594011698093,
              -38.86943450431037
            ],
            [
              -68.05506876798034,
              -38.87019272683263
            ],
            [
              -68.05420593201029,
              -38.870956834257235
            ],
            [
              -68.05335167484094,
              -38.87172676858344
            ],
            [
              -68.05250606159728,
              -38.87250247136631
            ],
            [
              -68.05166915675466,
              -38.87328388372109
            ],
            [
              -68.0508410241336,
              -38.87407094632768
            ],
            [
              -68.05002172689501,
              -38.87486359943509
            ],
            [
              -68.04921132753526,
              -38.8756617828659
            ],
            [
              -68.04840988788146,
              -38.8764654360208
            ],
            [
              -68.04761746908662,
              -38.877274497883185
            ],
            [
              -68.04683413162513,
              -38.87808890702368
            ],
            [
              -68.0460599352881,
              -38.87890860160484
            ],
            [
              -68.0452949391784,
              -38.87973351938573
            ],
            [
              -68.0445392017067,
              -38.88056359772663
            ],
            [
              -68.0437927805865,
              -38.88139877359379
            ],
            [
              -68.04305573282994,
              -38.882238983564136
            ],
            [
              -68.04232811474333,
              -38.883084163830056
            ],
            [
              -68.04160998192276,
              -38.8839342502042
            ],
            [
              -68.04090138924988,
              -38.88478917812432
            ],
            [
              -68.04020239088766,
              -38.88564888265816
            ],
            [
              -68.03951304027629,
              -38.88651329850827
            ],
            [
              -68.03883339012879,
              -38.88738236001703
            ],
            [
              -68.03816349242709,
              -38.888256001171506
            ],
            [
              -68.03750339841815,
              -38.889134155608474
            ],
            [
              -68.03685315860974,
              -38.89001675661944
            ],
            [
              -68.03621282276663,
              -38.89090373715561
            ],
            [
              -68.03558243990676,
              -38.891795029833
            ],
            [
              -68.03496205829731,
              -38.89269056693747
            ],
            [
              -68.03435172545107,
              -38.8935902804299
            ],
            [
              -68.03375148812273,
              -38.89449410195123
            ],
            [
              -68.0331613923052,
              -38.89540196282772
            ],
            [
              -68.03258148322601,
              -38.89631379407604
            ],
            [
              -68.03201180534381,
              -38.89722952640856
            ],
            [
              -68.03145240234477,
              -38.89814909023849
            ],
            [
              -68.03090331713946,
              -38.899072415685204
            ],
            [
              -68.03036459185915,
              -38.899999432579506
            ],
            [
              -68.02983626785277,
              -38.9009300704689
            ],
            [
              -68.0293183856835,
              -38.901864258622936
            ],
            [
              -68.02881098512552,
              -38.90280192603855
            ],
            [
              -68.02831410516126,
              -38.90374300144539
            ],
            [
              -68.02782778397778,
              -38.9046874133113
            ],
            [
              -68.02735205896425,
              -38.90563508984761
            ],
            [
              -68.02688696670867,
              -38.90658595901463
            ],
            [
              -68.02643254299511,
              -38.90753994852709
            ],
            [
              -68.02598882280085,
              -38.908496985859585
            ],
            [
              -68.02555584029375,
              -38.9094569982521
            ],
            [
              -68.02513362882905,
              -38.91041991271544
            ],
            [
              -68.02472222094741,
              -38.91138565603685
            ],
            [
              -68.02432164837182,
              -38.912354154785454
            ],
            [
              -68.02393194200522,
              -38.91332533531791
            ],
            [
              -68.02355313192794,
              -38.91429912378388
            ],
            [
              -68.02318524739547,
              -38.91527544613172
            ],
            [
              -68.02282831683596,
              -38.916254228114035
            ],
            [
              -68.022482367848,
              -38.917235395293275
            ],
            [
              -68.0221474271982,
              -38.91821887304746
            ],
            [
              -68.02182352081951,
              -38.919204586575724
            ],
            [
              -68.02151067380845,
              -38.92019246090409
            ],
            [
              -68.02120891042364,
              -38.92118242089106
            ],
            [
              -68.02091825408348,
              -38.922174391233376
            ],
            [
              -68.02063872736437,
              -38.923168296471665
            ],
            [
              -68.0203703519989,
              -38.924164060996226
            ],
            [
              -68.02011314887392,
              -38.925161609052736
            ],
            [
              -68.01986713802887,
              -38.92616086474798
            ],
            [
              -68.01963233865416,
              -38.92716175205561
            ],
            [
              -68.01940876908964,
              -38.92816419482196
            ],
            [
              -68.01919644682278,
              -38.92916811677174
            ],
            [
              -68.0189953884875,
              -38.930173441513894
            ],
            [
              -68.01880560986274,
              -38.9311800925474
            ],
            [
              -68.01862712587081,
              -38.93218799326701
            ],
            [
              -68.01845995057641,
              -38.93319706696914
            ],
            [
              -68.01830409718548,
              -38.93420723685766
            ],
            [
              -68.01815957804371,
              -38.93521842604974
            ],
            [
              -68.01802640463569,
              -38.936230557581666
            ],
            [
              -68.01790458758393,
              -38.937243554414714
            ],
            [
              -68.0177941366477,
              -38.93825733944101
            ],
            [
              -68.01769506072236,
              -38.93927183548936
            ],
            [
              -68.01760736783837,
              -38.94028696533114
            ],
            [
              -68.01753106516065,
              -38.94130265168615
            ],
            [
              -68.01746615898782,
              -38.94231881722854
            ],
            [
              -68.01741265475158,
              -38.94333538459261
            ],
            [
              -68.01737055701608,
              -38.94435227637876
            ],
            [
              -68.01733986947772,
              -38.94536941515936
            ],
            [
              -68.01732059496413,
              -38.94638672348464
            ],
            [
              -68.01731273543453,
              -38.947404123888596
            ],
            [
              -68.01731629197894,
              -38.94842153889485
            ],
            [
              -68.01733126481793,
              -38.94943889102258
            ],
            [
              -68.0173576533029,
              -38.950456102792465
            ],
            [
              -68.01739545591545,
              -38.95147309673246
            ],
            [
              -68.0174446702676,
              -38.95248979538384
            ],
            [
              -68.01750529310192,
              -38.953506121307015
            ],
            [
              -68.01757732029142,
              -38.95452199708743
            ],
            [
              -68.01766074683985,
              -38.95553734534153
            ],
            [
              -68.01775556688182,
              -38.9565520887226
            ],
            [
              -68.01786177368325,
              -38.95756614992666
            ],
            [
              -68.01797935964157,
              -38.95857945169842
            ],
            [
              -68.01810831628626,
              -38.95959191683708
            ],
            [
              -68.01824863427936,
              -38.96060346820232
            ],
            [
              -68.01840030341589,
              -38.96161402872011
            ],
            [
              -68.01856331262474,
              -38.96262352138863
            ],
            [
              -68.01873764996901,
              -38.96363186928413
            ],
            [
              -68.01892330264707,
              -38.9646389955668
            ],
            [
              -68.01912025699335,
              -38.965644823486656
            ],
            [
              -68.01932849847907,
              -38.9666492763894
            ],
            [
              -68.01954801171337,
              -38.96765227772221
            ],
            [
              -68.01977878044426,
              -38.9686537510397
            ],
            [
              -68.0200207875597,
              -38.96965362000969
            ],
            [
              -68.02027401508894,
              -38.970651808419014
            ],
            [
              -68.02053844420334,
              -38.97164824017943
            ],
            [
              -68.02081405521824,
              -38.97264283933333
            ],
            [
              -68.02110082759373,
              -38.97363553005967
            ],
            [
              -68.02139873993661,
              -38.97462623667964
            ],
            [
              -68.02170777000134,
              -38.975614883662566
            ],
            [
              -68.0220278946922,
              -38.976601395631576
            ],
            [
              -68.0223590900643,
              -38.977585697369484
            ],
            [
              -68.02270133132583,
              -38.97856771382447
            ],
            [
              -68.02305459283946,
              -38.97954737011581
            ],
            [
              -68.02341884812415,
              -38.98052459153968
            ],
            [
              -68.02379406985733,
              -38.98149930357479
            ],
            [
              -68.02418022987649,
              -38.98247143188818
            ],
            [
              -68.02457729918166,
              -38.98344090234084
            ],
            [
              -68.02498524793685,
              -38.9844076409934
            ],
            [
              -68.02540404547284,
              -38.98537157411183
            ],
            [
              -68.02583366028898,
              -38.98633262817308
            ],
            [
              -68.0262740600557,
              -38.987290729870665
            ],
            [
              -68.02672521161662,
              -38.98824580612034
            ],
            [
              -68.02718708099121,
              -38.98919778406569
            ],
            [
              -68.02765963337708,
              -38.990146591083686
            ],
            [
              -68.02814283315263,
              -38.991092154790316
            ],
            [
              -68.02863664387962,
              -38.99203440304604
            ],
            [
              -68.02914102830579,
              -38.99297326396144
            ],
            [
              -68.02965594836752,
              -38.99390866590262
            ],
            [
              -68.03018136519285,
              -38.9948405374968
            ],
            [
              -68.0307172391042,
              -38.99576880763772
            ],
            [
              -68.03126352962119,
              -38.99669340549116
            ],
            [
              -68.03182019546381,
              -38.997614260500306
            ],
            [
              -68.03238719455533,
              -38.99853130239126
            ],
            [
              -68.03296448402551,
              -38.999444461178335
            ],
            [
              -68.03355202021368,
              -39.00035366716951
            ],
            [
              -68.03414975867202,
              -39.00125885097174
            ],
            [
              -68.03475765416874,
              -39.002159943496295
            ],
            [
              -68.03537566069173,
              -39.00305687596409
            ],
            [
              -68.03600373145161,
              -39.00394957991093
            ],
            [
              -68.03664181888541,
              -39.004837987192836
            ],
            [
              -68.03728987466019,
              -39.005722029991205
            ],
            [
              -68.03794784967647,
              -39.00660164081806
            ],
            [
              -68.03861569407184,
              -39.00747675252129
            ],
            [
              -68.039293357225,
              -39.00834729828973
            ],
            [
              -68.03998078775913,
              -39.00921321165833
            ],
            [
              -68.04067793354614,
              -39.010074426513306
            ],
            [
              -68.04138474171015,
              -39.01093087709718
            ],
            [
              -68.0421011586318,
              -39.01178249801385
            ],
            [
              -68.04282712995223,
              -39.012629224233656
            ],
            [
              -68.04356260057682,
              -39.01347099109833
            ],
            [
              -68.04430751467976,
              -39.01430773432602
            ],
            [
              -68.04506181570792,
              -39.01513939001622
            ],
            [
              -68.04582544638544,
              -39.015965894654705
            ],
            [
              -68.04659834871762,
              -39.016787185118396
            ],
            [
              -68.04738046399564,
              -39.01760319868025
            ],
            [
              -68.04817173280082,
              -39.01841387301406
            ],
            [
              -68.04897209500905,
              -39.019219146199326
            ],
            [
              -68.04978148979546,
              -39.02001895672594
            ],
            [
              -68.05059985563906,
              -39.020813243498964
            ],
            [
              -68.05142713032717,
              -39.02160194584337
            ],
            [
              -68.05226325096021,
              -39.02238500350868
            ],
            [
              -68.0531081539566,
              -39.0231623566736
            ],
            [
              -68.05396177505736,
              -39.023933945950695
            ],
            [
              -68.05482404933116,
              -39.024699712390884
            ],
            [
              -68.05569491117916,
              -39.02545959748807
            ],
            [
              -68.05657429433984,
              -39.026213543183594
            ],
            [
              -68.0574621318944,
              -39.02696149187075
            ],
            [
              -68.05835835627141,
              -39.0277033863992
            ],
            [
              -68.05926289925225,
              -39.02843917007943
            ],
            [
              -68.06017569197616,
              -39.02916878668706
            ],
            [
              -68.06109666494552,
              -39.02989218046724
            ],
            [
              -68.06202574803109,
              -39.030609296138955
            ],
            [
              -68.0629628704774,
              -39.03132007889924
            ],
            [
              -68.06390796090813,
              -39.03202447442747
            ],
            [
              -68.06486094733151,
              -39.03272242888952
            ],
            [
              -68.06582175714584,
              -39.03341388894195
            ],
            [
              -68.06679031714509,
              -39.034098801736086
            ],
            [
              -68.06776655352428,
              -39.03477711492215
            ],
            [
              -68.06875039188526,
              -39.03544877665329
            ],
            [
              -68.06974175724258,
              -39.03611373558955
            ],
            [
              -68.07074057402872,
              -39.0367719409019
            ],
            [
              -68.07174676610049,
              -39.03742334227612
            ],
            [
              -68.07276025674423,
              -39.0380678899167
            ],
            [
              -68.07378096868217,
              -39.03870553455069
            ],
            [
              -68.07480882407799,
              -39.03933622743152
            ],
            [
              -68.07584374454319,
              -39.039959920342774
            ],
            [
              -68.07688565114256,
              -39.04057656560189
            ],
            [
              -68.0779344644007,
              -39.04118611606386
            ],
            [
              -68.07899010430782,
              -39.04178852512491
            ],
            [
              -68.08005249032601,
              -39.042383746726046
            ],
            [
              -68.08112154139542,
              -39.04297173535668
            ],
            [
              -68.0821971759404,
              -39.0435524460581
            ],
            [
              -68.0832793118758,
              -39.04412583442699
            ],
            [
              -68.08436786661326,
              -39.04469185661881
            ],
            [
              -68.08546275706766,
              -39.04525046935128
            ],
            [
              -68.08656389966336,
              -39.04580162990764
            ],
            [
              -68.08767121034066,
              -39.04634529614002
            ],
            [
              -68.0887846045623,
              -39.046881426472645
            ],
            [
              -68.08990399732005,
              -39.04740997990512
            ],
            [
              -68.09102930314094,
              -39.04793091601555
            ],
            [
              -68.09216043609416,
              -39.04844419496372
            ],
            [
              -68.0932973097976,
              -39.04894977749412
            ],
            [
              -68.09443983742443,
              -39.04944762493905
            ],
            [
              -68.09558793170976,
              -39.049937699221566
            ],
            [
              -68.09674150495749,
              -39.05041996285846
            ],
            [
              -68.09790046904698,
              -39.050894378963164
            ],
            [
              -68.09906473543992,
              -39.051360911248565
            ],
            [
              -68.1002342151869,
              -39.05181952402987
            ],
            [
              -68.10140881893483,
              -39.05227018222736
            ],
            [
              -68.10258845693312,
              -39.05271285136909
            ],
            [
              -68.10377303904119,
              -39.05314749759357
            ],
            [
              -68.10496247473509,
              -39.05357408765239
            ],
            [
              -68.10615667311475,
              -39.05399258891282
            ],
            [
              -68.10735554291062,
              -39.05440296936029
            ],
            [
              -68.10855899249123,
              -39.05480519760091
            ],
            [
              -68.10976692986969,
              -39.05519924286392
            ],
            [
              -68.1109792627114,
              -39.05558507500401
            ],
            [
              -68.11219589834064,
              -39.055962664503724
            ],
            [
              -68.11341674374819,
              -39.056331982475726
            ],
            [
              -68.1146417055981,
              -39.056693000665035
            ],
            [
              -68.1158706902354,
              -39.057045691451215
            ],
            [
              -68.11710360369284,
              -39.05739002785053
            ],
            [
              -68.11834035169852,
              -39.05772598351804
            ],
            [
              -68.11958083968295,
              -39.05805353274962
            ],
            [
              -68.12082497278652,
              -39.058372650483975
            ],
            [
              -68.12207265586693,
              -39.05868331230457
            ],
            [
              -68.1233237935063,
              -39.058985494441565
            ],
            [
              -68.12457829001863,
              -39.05927917377359
            ],
            [
              -68.1258360494574,
              -39.05956432782962
            ],
            [
              -68.12709697562286,
              -39.05984093479062
            ],
            [
              -68.12836097206946,
              -39.06010897349135
            ],
            [
              -68.1296279421133,
              -39.060368423421934
            ],
            [
              -68.13089778883977,
              -39.060619264729446
            ],
            [
              -68.13217041511098,
              -39.06086147821953
            ],
            [
              -68.13344572357329,
              -39.06109504535776
            ],
            [
              -68.13472361666476,
              -39.06131994827123
            ],
            [
              -68.13600399662289,
              -39.061536169749836
            ],
            [
              -68.13728676549215,
              -39.06174369324762
            ],
            [
              -68.13857182513152,
              -39.06194250288411
            ],
            [
              -68.13985907722201,
              -39.0621325834455
            ],
            [
              -68.14114842327467,
              -39.062313920385854
            ],
            [
              -68.14243976463774,
              -39.062486499828246
            ],
            [
              -68.14373300250458,
              -39.06265030856581
            ],
            [
              -68.1450280379214,
              -39.06280533406277
            ],
            [
              -68.1463247717947,
              -39.06295156445545
            ],
            [
              -68.14762310489925,
              -39.063088988553154
            ],
            [
              -68.14892293788546,
              -39.06321759583903
            ],
            [
              -68.15022417128739,
              -39.06333737647094
            ],
            [
              -68.15152670553033,
              -39.06344832128218
            ],
            [
              -68.15283044093849,
              -39.063550421782175
            ],
            [
              -68.15413527774285,
              -39.063643670157205
            ],
            [
              -68.15544111608881,
              -39.06372805927094
            ],
            [
              -68.15674785604415,
              -39.06380358266505
            ],
            [
              -68.15805539760635,
              -39.06387023455967
            ],
            [
              -68.15936364071086,
              -39.063928009853875
            ],
            [
              -68.16067248523859,
              -39.06397690412602
            ],
            [
              -68.1619818310237,
              -39.0640169136342
            ],
            [
              -68.16329157786134,
              -39.06404803531641
            ],
            [
              -68.16460162551579,
              -39.06407026679084
            ],
            [
              -68.16591187372768,
              -39.064083606356114
            ],
            [
              -68.16722222222222,
              -39.0640880529913
            ],
            [
              -68.1685325707167,
              -39.064083606356114
            ],
            [
              -68.16984281892866,
              -39.06407026679084
            ],
            [
              -68.17115286658304,
              -39.06404803531641
            ],
            [
              -68.17246261342075,
              -39.0640169136342
            ],
            [
              -68.17377195920585,
              -39.06397690412602
            ],
            [
              -68.17508080373358,
              -39.063928009853875
            ],
            [
              -68.1763890468381,
              -39.06387023455967
            ],
            [
              -68.1776965884003,
              -39.06380358266505
            ],
            [
              -68.17900332835558,
              -39.06372805927094
            ],
            [
              -68.18030916670159,
              -39.063643670157205
            ],
            [
              -68.18161400350596,
              -39.063550421782175
            ],
            [
              -68.18291773891411,
              -39.06344832128218
            ],
            [
              -68.18422027315705,
              -39.06333737647094
            ],
            [
              -68.18552150655898,
              -39.06321759583903
            ],
            [
              -68.18682133954519,
              -39.063088988553154
            ],
            [
              -68.18811967264969,
              -39.06295156445545
            ],
            [
              -68.18941640652304,
              -39.06280533406277
            ],
            [
              -68.19071144193987,
              -39.06265030856581
            ],
            [
              -68.1920046798067,
              -39.062486499828246
            ],
            [
              -68.19329602116977,
              -39.062313920385854
            ],
            [
              -68.19458536722243,
              -39.0621325834455
            ],
            [
              -68.19587261931292,
              -39.06194250288411
            ],
            [
              -68.19715767895224,
              -39.06174369324762
            ],
            [
              -68.1984404478215,
              -39.061536169749836
            ],
            [
              -68.19972082777969,
              -39.06131994827123
            ],
            [
              -68.20099872087116,
              -39.06109504535776
            ],
            [
              -68.20227402933347,
              -39.06086147821953
            ],
            [
              -68.20354665560467,
              -39.060619264729446
            ],
            [
              -68.20481650233114,
              -39.060368423421934
            ],
            [
              -68.20608347237498,
              -39.06010897349135
            ],
            [
              -68.20734746882158,
              -39.05984093479062
            ],
            [
              -68.20860839498698,
              -39.05956432782962
            ],
            [
              -68.20986615442581,
              -39.05927917377359
            ],
            [
              -68.21112065093814,
              -39.058985494441565
            ],
            [
              -68.21237178857746,
              -39.05868331230457
            ],
            [
              -68.21361947165792,
              -39.058372650483975
            ],
            [
              -68.21486360476149,
              -39.05805353274962
            ],
            [
              -68.21610409274592,
              -39.05772598351804
            ],
            [
              -68.2173408407516,
              -39.05739002785053
            ],
            [
              -68.21857375420905,
              -39.057045691451215
            ],
            [
              -68.21980273884628,
              -39.056693000665035
            ],
            [
              -68.22102770069625,
              -39.056331982475726
            ],
            [
              -68.2222485461038,
              -39.055962664503724
            ],
            [
              -68.22346518173305,
              -39.05558507500401
            ],
            [
              -68.22467751457475,
              -39.05519924286392
            ],
            [
              -68.22588545195322,
              -39.05480519760091
            ],
            [
              -68.22708890153376,
              -39.05440296936029
            ],
            [
              -68.22828777132969,
              -39.05399258891282
            ],
            [
              -68.2294819697093,
              -39.05357408765239
            ],
            [
              -68.23067140540326,
              -39.05314749759357
            ],
            [
              -68.23185598751132,
              -39.05271285136909
            ],
            [
              -68.23303562550961,
              -39.05227018222736
            ],
            [
              -68.23421022925754,
              -39.05181952402987
            ],
            [
              -68.23537970900452,
              -39.051360911248565
            ],
            [
              -68.23654397539747,
              -39.050894378963164
            ],
            [
              -68.2377029394869,
              -39.05041996285846
            ],
            [
              -68.23885651273463,
              -39.049937699221566
            ],
            [
              -68.24000460701996,
              -39.04944762493905
            ],
            [
              -68.24114713464678,
              -39.04894977749412
            ],
            [
              -68.24228400835023,
              -39.04844419496372
            ],
            [
              -68.2434151413035,
              -39.04793091601555
            ],
            [
              -68.2445404471244,
              -39.04740997990512
            ],
            [
              -68.24565983988214,
              -39.046881426472645
            ],
            [
              -68.24677323410378,
              -39.04634529614002
            ],
            [
              -68.24788054478108,
              -39.04580162990764
            ],
            [
              -68.24898168737678,
              -39.04525046935128
            ],
            [
              -68.25007657783118,
              -39.04469185661881
            ],
            [
              -68.25116513256864,
              -39.04412583442699
            ],
            [
              -68.25224726850405,
              -39.0435524460581
            ],
            [
              -68.25332290304902,
              -39.04297173535668
            ],
            [
              -68.25439195411843,
              -39.042383746726046
            ],
            [
              -68.25545434013657,
              -39.04178852512491
            ],
            [
              -68.25650998004369,
              -39.04118611606386
            ],
            [
              -68.25755879330188,
              -39.04057656560189
            ],
            [
              -68.25860069990125,
              -39.039959920342774
            ],
            [
              -68.2596356203664,
              -39.03933622743152
            ],
            [
              -68.26066347576227,
              -39.03870553455069
            ],
            [
              -68.26168418770021,
              -39.0380678899167
            ],
            [
              -68.26269767834395,
              -39.03742334227612
            ],
            [
              -68.26370387041572,
              -39.0367719409019
            ],
            [
              -68.26470268720186,
              -39.03611373558955
            ],
            [
              -68.26569405255918,
              -39.03544877665329
            ],
            [
              -68.26667789092016,
              -39.03477711492215
            ],
            [
              -68.26765412729935,
              -39.034098801736086
            ],
            [
              -68.26862268729855,
              -39.03341388894195
            ],
            [
              -68.26958349711288,
              -39.03272242888952
            ],
            [
              -68.27053648353626,
              -39.03202447442747
            ],
            [
              -68.27148157396704,
              -39.03132007889924
            ],
            [
              -68.27241869641335,
              -39.030609296138955
            ],
            [
              -68.27334777949892,
              -39.02989218046724
            ],
            [
              -68.27426875246829,
              -39.02916878668706
            ],
            [
              -68.2751815451922,
              -39.02843917007943
            ],
            [
              -68.27608608817303,
              -39.0277033863992
            ],
            [
              -68.27698231255005,
              -39.02696149187075
            ],
            [
              -68.27787015010455,
              -39.026213543183594
            ],
            [
              -68.27874953326528,
              -39.02545959748807
            ],
            [
              -68.27962039511323,
              -39.024699712390884
            ],
            [
              -68.28048266938708,
              -39.023933945950695
            ],
            [
              -68.28133629048784,
              -39.0231623566736
            ],
            [
              -68.28218119348423,
              -39.02238500350868
            ],
            [
              -68.28301731411727,
              -39.02160194584337
            ],
            [
              -68.28384458880538,
              -39.020813243498964
            ],
            [
              -68.28466295464898,
              -39.02001895672594
            ],
            [
              -68.2854723494354,
              -39.019219146199326
            ],
            [
              -68.28627271164362,
              -39.01841387301406
            ],
            [
              -68.2870639804488,
              -39.01760319868025
            ],
            [
              -68.28784609572682,
              -39.016787185118396
            ],
            [
              -68.28861899805901,
              -39.015965894654705
            ],
            [
              -68.28938262873652,
              -39.01513939001622
            ],
            [
              -68.29013692976469,
              -39.01430773432602
            ],
            [
              -68.29088184386762,
              -39.01347099109833
            ],
            [
              -68.29161731449221,
              -39.012629224233656
            ],
            [
              -68.29234328581259,
              -39.01178249801385
            ],
            [
              -68.2930597027343,
              -39.01093087709718
            ],
            [
              -68.29376651089831,
              -39.010074426513306
            ],
            [
              -68.29446365668531,
              -39.00921321165833
            ],
            [
              -68.29515108721944,
              -39.00834729828973
            ],
            [
              -68.2958287503726,
              -39.00747675252129
            ],
            [
              -68.29649659476797,
              -39.00660164081806
            ],
            [
              -68.2971545697842,
              -39.005722029991205
            ],
            [
              -68.29780262555903,
              -39.004837987192836
            ],
            [
              -68.29844071299283,
              -39.00394957991093
            ],
            [
              -68.29906878375272,
              -39.00305687596409
            ],
            [
              -68.2996867902757,
              -39.002159943496295
            ],
            [
              -68.30029468577243,
              -39.00125885097174
            ],
            [
              -68.30089242423071,
              -39.00035366716951
            ],
            [
              -68.30147996041893,
              -38.999444461178335
            ],
            [
              -68.30205724988912,
              -38.99853130239126
            ],
            [
              -68.30262424898064,
              -38.997614260500306
            ],
            [
              -68.30318091482326,
              -38.99669340549116
            ],
            [
              -68.30372720534024,
              -38.99576880763772
            ],
            [
              -68.3042630792516,
              -38.9948405374968
            ],
            [
              -68.30478849607692,
              -38.99390866590262
            ],
            [
              -68.30530341613866,
              -38.99297326396144
            ],
            [
              -68.30580780056482,
              -38.99203440304604
            ],
            [
              -68.30630161129176,
              -38.991092154790316
            ],
            [
              -68.30678481106736,
              -38.990146591083686
            ],
            [
              -68.30725736345323,
              -38.98919778406569
            ],
            [
              -68.30771923282782,
              -38.98824580612034
            ],
            [
              -68.30817038438875,
              -38.987290729870665
            ],
            [
              -68.30861078415546,
              -38.98633262817308
            ],
            [
              -68.3090403989716,
              -38.98537157411183
            ],
            [
              -68.30945919650759,
              -38.9844076409934
            ],
            [
              -68.30986714526279,
              -38.98344090234084
            ],
            [
              -68.31026421456795,
              -38.98247143188818
            ],
            [
              -68.31065037458711,
              -38.98149930357479
            ],
            [
              -68.31102559632029,
              -38.98052459153968
            ],
            [
              -68.31138985160499,
              -38.97954737011581
            ],
            [
              -68.31174311311861,
              -38.97856771382447
            ],
            [
              -68.31208535438014,
              -38.977585697369484
            ],
            [
              -68.31241654975224,
              -38.976601395631576
            ],
            [
              -68.31273667444304,
              -38.975614883662566
            ],
            [
              -68.31304570450783,
              -38.97462623667964
            ],
            [
              -68.31334361685066,
              -38.97363553005967
            ],
            [
              -68.3136303892262,
              -38.97264283933333
            ],
            [
              -68.3139060002411,
              -38.97164824017943
            ],
            [
              -68.3141704293555,
              -38.970651808419014
            ],
            [
              -68.31442365688474,
              -38.96965362000969
            ],
            [
              -68.31466566400019,
              -38.9686537510397
            ],
            [
              -68.31489643273108,
              -38.96765227772221
            ],
            [
              -68.31511594596537,
              -38.9666492763894
            ],
            [
              -68.3153241874511,
              -38.965644823486656
            ],
            [
              -68.31552114179738,
              -38.9646389955668
            ],
            [
              -68.31570679447543,
              -38.96363186928413
            ],
            [
              -68.31588113181971,
              -38.96262352138863
            ],
            [
              -68.31604414102856,
              -38.96161402872011
            ],
            [
              -68.31619581016508,
              -38.96060346820232
            ],
            [
              -68.31633612815818,
              -38.95959191683708
            ],
            [
              -68.31646508480287,
              -38.95857945169842
            ],
            [
              -68.31658267076119,
              -38.95756614992666
            ],
            [
              -68.31668887756263,
              -38.9565520887226
            ],
            [
              -68.31678369760459,
              -38.95553734534153
            ],
            [
              -68.31686712415302,
              -38.95452199708743
            ],
            [
              -68.31693915134252,
              -38.953506121307015
            ],
            [
              -68.31699977417685,
              -38.95248979538384
            ],
            [
              -68.317048988529,
              -38.95147309673246
            ],
            [
              -68.31708679114155,
              -38.950456102792465
            ],
            [
              -68.31711317962646,
              -38.94943889102258
            ],
            [
              -68.3171281524655,
              -38.94842153889484
            ],
            [
              -68.31713170900986,
              -38.947404123888596
            ],
            [
              -68.31712384948031,
              -38.94638672348464
            ],
            [
              -68.31710457496672,
              -38.94536941515936
            ],
            [
              -68.31707388742831,
              -38.94435227637876
            ],
            [
              -68.31703178969286,
              -38.94333538459261
            ],
            [
              -68.31697828545657,
              -38.94231881722854
            ],
            [
              -68.31691337928373,
              -38.94130265168615
            ],
            [
              -68.31683707660602,
              -38.94028696533114
            ],
            [
              -68.31674938372208,
              -38.93927183548936
            ],
            [
              -68.31665030779675,
              -38.93825733944101
            ],
            [
              -68.31653985686052,
              -38.937243554414714
            ],
            [
              -68.31641803980875,
              -38.936230557581666
            ],
            [
              -68.31628486640074,
              -38.93521842604974
            ],
            [
              -68.31614034725897,
              -38.93420723685766
            ],
            [
              -68.31598449386797,
              -38.93319706696914
            ],
            [
              -68.31581731857364,
              -38.93218799326701
            ],
            [
              -68.3156388345817,
              -38.9311800925474
            ],
            [
              -68.31544905595695,
              -38.930173441513894
            ],
            [
              -68.31524799762167,
              -38.92916811677174
            ],
            [
              -68.3150356753548,
              -38.92816419482196
            ],
            [
              -68.31481210579028,
              -38.92716175205561
            ],
            [
              -68.31457730641557,
              -38.92616086474798
            ],
            [
              -68.31433129557053,
              -38.925161609052736
            ],
            [
              -68.31407409244554,
              -38.924164060996226
            ],
            [
              -68.31380571708007,
              -38.923168296471665
            ],
            [
              -68.31352619036096,
              -38.922174391233376
            ],
            [
              -68.3132355340208,
              -38.92118242089106
            ],
            [
              -68.312933770636,
              -38.92019246090409
            ],
            [
              -68.31262092362493,
              -38.919204586575724
            ],
            [
              -68.31229701724618,
              -38.91821887304746
            ],
            [
              -68.31196207659644,
              -38.917235395293275
            ],
            [
              -68.31161612760843,
              -38.916254228114035
            ],
            [
              -68.31125919704897,
              -38.91527544613172
            ],
            [
              -68.3108913125165,
              -38.91429912378388
            ],
            [
              -68.31051250243922,
              -38.91332533531791
            ],
            [
              -68.31012279607262,
              -38.912354154785454
            ],
            [
              -68.30972222349703,
              -38.91138565603685
            ],
            [
              -68.30931081561539,
              -38.91041991271544
            ],
            [
              -68.3088886041507,
              -38.9094569982521
            ],
            [
              -68.30845562164353,
              -38.908496985859585
            ],
            [
              -68.30801190144928,
              -38.90753994852709
            ],
            [
              -68.30755747773577,
              -38.90658595901463
            ],
            [
              -68.30709238548019,
              -38.90563508984761
            ],
            [
              -68.3066166604666,
              -38.9046874133113
            ],
            [
              -68.30613033928319,
              -38.90374300144539
            ],
            [
              -68.30563345931887,
              -38.90280192603855
            ],
            [
              -68.30512605876095,
              -38.901864258622936
            ],
            [
              -68.30460817659167,
              -38.9009300704689
            ],
            [
              -68.30407985258523,
              -38.899999432579506
            ],
            [
              -68.30354112730498,
              -38.899072415685204
            ],
            [
              -68.30299204209967,
              -38.89814909023849
            ],
            [
              -68.30243263910063,
              -38.89722952640856
            ],
            [
              -68.30186296121838,
              -38.89631379407604
            ],
            [
              -68.30128305213918,
              -38.89540196282772
            ],
            [
              -68.30069295632165,
              -38.89449410195123
            ],
            [
              -68.30009271899337,
              -38.8935902804299
            ],
            [
              -68.29948238614713,
              -38.89269056693747
            ],
            [
              -68.29886200453768,
              -38.891795029833
            ],
            [
              -68.29823162167781,
              -38.89090373715561
            ],
            [
              -68.29759128583464,
              -38.89001675661944
            ],
            [
              -68.29694104602629,
              -38.889134155608474
            ],
            [
              -68.29628095201736,
              -38.888256001171506
            ],
            [
              -68.29561105431566,
              -38.88738236001703
            ],
            [
              -68.29493140416815,
              -38.88651329850827
            ],
            [
              -68.29424205355673,
              -38.88564888265816
            ],
            [
              -68.29354305519456,
              -38.88478917812432
            ],
            [
              -68.29283446252168,
              -38.8839342502042
            ],
            [
              -68.29211632970112,
              -38.883084163830056
            ],
            [
              -68.2913887116145,
              -38.882238983564136
            ],
            [
              -68.29065166385794,
              -38.88139877359379
            ],
            [
              -68.28990524273775,
              -38.88056359772663
            ],
            [
              -68.28914950526604,
              -38.87973351938573
            ],
            [
              -68.28838450915634,
              -38.87890860160484
            ],
            [
              -68.28761031281925,
              -38.87808890702368
            ],
            [
              -68.28682697535783,
              -38.877274497883185
            ],
            [
              -68.28603455656298,
              -38.8764654360208
            ],
            [
              -68.28523311690918,
              -38.8756617828659
            ],
            [
              -68.28442271754943,
              -38.87486359943509
            ],
            [
              -68.28360342031084,
              -38.87407094632768
            ],
            [
              -68.28277528768979,
              -38.87328388372109
            ],
            [
              -68.28193838284716,
              -38.87250247136631
            ],
            [
              -68.2810927696035,
              -38.87172676858344
            ],
            [
              -68.2802385124341,
              -38.870956834257235
            ],
            [
              -68.2793756764641,
              -38.87019272683263
            ],
            [
              -68.27850432746351,
              -38.86943450431037
            ],
            [
              -68.2776245318421,
              -38.868682224242704
            ],
            [
              -68.27673635664445,
              -38.86793594372895
            ],
            [
              -68.27583986954482,
              -38.86719571941131
            ],
            [
              -68.2749351388419,
              -38.86646160747055
            ],
            [
              -68.27402223345359,
              -38.86573366362181
            ],
            [
              -68.27310122291192,
              -38.86501194311039
            ],
            [
              -68.27217217735762,
              -38.864296500707646
            ],
            [
              -68.2712351675346,
              -38.86358739070681
            ],
            [
              -68.27029026478499,
              -38.86288466691899
            ],
            [
              -68.26933754104346,
              -38.86218838266908
            ],
            [
              -68.26837706883163,
              -38.861498590791754
            ],
            [
              -68.26740892125275,
              -38.860815343627536
            ],
            [
              -68.2664331719862,
              -38.860138693018854
            ],
            [
              -68.26544989528168,
              -38.85946869030611
            ],
            [
              -68.26445916595372,
              -38.858805386323894
            ],
            [
              -68.26346105937597,
              -38.85814883139714
            ],
            [
              -68.26245565147542,
              -38.85749907533734
            ],
            [
              -68.26144301872677,
              -38.85685616743882
            ],
            [
              -68.26042323814659,
              -38.85622015647503
            ],
            [
              -68.25939638728744,
              -38.85559109069493
            ],
            [
              -68.25836254423189,
              -38.8549690178193
            ],
            [
              -68.25732178758699,
              -38.854353985037214
            ],
            [
              -68.25627419647782,
              -38.85374603900249
            ],
            [
              -68.25521985054189,
              -38.85314522583021
            ],
            [
              -68.25415882992303,
              -38.852551591093196
            ],
            [
              -68.25309121526521,
              -38.8519651798187
            ],
            [
              -68.25201708770652,
              -38.85138603648493
            ],
            [
              -68.25093652887301,
              -38.85081420501777
            ],
            [
              -68.24984962087274,
              -38.8502497287875
            ],
            [
              -68.24875644628924,
              -38.849692650605505
            ],
            [
              -68.2476570881754,
              -38.84914301272108
            ],
            [
              -68.2465516300474,
              -38.84860085681828
            ],
            [
              -68.24544015587827,
              -38.84806622401281
            ],
            [
              -68.24432275009138,
              -38.84753915484892
            ],
            [
              -68.24319949755437,
              -38.84701968929633
            ],
            [
              -68.24207048357266,
              -38.846507866747366
            ],
            [
              -68.2409357938829,
              -38.846003726013855
            ],
            [
              -68.23979551464669,
              -38.845507305324325
            ],
            [
              -68.23864973244406,
              -38.84501864232111
            ],
            [
              -68.2374985342667,
              -38.844537774057514
            ],
            [
              -68.23634200751201,
              -38.844064736995094
            ],
            [
              -68.2351802399757,
              -38.843599567000844
            ],
            [
              -68.23401331984604,
              -38.843142299344606
            ],
            [
              -68.23284133569649,
              -38.84269296869634
            ],
            [
              -68.23166437647967,
              -38.84225160912363
            ],
            [
              -68.23048253152012,
              -38.84181825408903
            ],
            [
              -68.22929589050807,
              -38.84139293644764
            ],
            [
              -68.2281045434924,
              -38.84097568844461
            ],
            [
              -68.22690858087401,
              -38.840566541712725
            ],
            [
              -68.22570809339885,
              -38.84016552727009
            ],
            [
              -68.22450317215146,
              -38.83977267551773
            ],
            [
              -68.22329390854782,
              -38.83938801623737
            ],
            [
              -68.2220803943286,
              -38.839011578589215
            ],
            [
              -68.22086272155224,
              -38.83864339110972
            ],
            [
              -68.21964098258832,
              -38.83828348170952
            ],
            [
              -68.21841527011009,
              -38.837931877671274
            ],
            [
              -68.21718567708803,
              -38.83758860564769
            ],
            [
              -68.21595229678263,
              -38.8372536916595
            ],
            [
              -68.21471522273748,
              -38.83692716109349
            ],
            [
              -68.2134745487723,
              -38.83660903870068
            ],
            [
              -68.21223036897578,
              -38.83629934859439
            ],
            [
              -68.21098277769858,
              -38.83599811424847
            ],
            [
              -68.20973186954643,
              -38.835705358495574
            ],
            [
              -68.20847773937271,
              -38.835421103525405
            ],
            [
              -68.20722048227185,
              -38.835145370883104
            ],
            [
              -68.20596019357168,
              -38.83487818146761
            ],
            [
              -68.20469696882662,
              -38.83461955553006
            ],
            [
              -68.20343090381039,
              -38.834369512672396
            ],
            [
              -68.20216209450905,
              -38.83412807184576
            ],
            [
              -68.2008906371135,
              -38.8338952513492
            ],
            [
              -68.1996166280125,
              -38.83367106882818
            ],
            [
              -68.19834016378547,
              -38.833455541273395
            ],
            [
              -68.19706134119531,
              -38.833248685019385
            ],
            [
              -68.19578025718084,
              -38.833050515743395
            ],
            [
              -68.19449700884996,
              -38.83286104846414
            ],
            [
              -68.19321169347216,
              -38.83268029754077
            ],
            [
              -68.19192440847132,
              -38.83250827667168
            ],
            [
              -68.19063525141837,
              -38.83234499889361
            ],
            [
              -68.18934432002425,
              -38.83219047658057
            ],
            [
              -68.18805171213205,
              -38.832044721442976
            ],
            [
              -68.18675752571045,
              -38.83190774452675
            ],
            [
              -68.18546185884571,
              -38.83177955621252
            ],
            [
              -68.18416480973474,
              -38.8316601662148
            ],
            [
              -68.18286647667776,
              -38.831549583581314
            ],
            [
              -68.18156695807079,
              -38.831447816692304
            ],
            [
              -68.18026635239823,
              -38.83135487325986
            ],
            [
              -68.1789647582259,
              -38.83127076032743
            ],
            [
              -68.17766227419327,
              -38.8311954842692
            ],
            [
              -68.17635899900631,
              -38.83112905078972
            ],
            [
              -68.17505503143002,
              -38.83107146492337
            ],
            [
              -68.17375047028116,
              -38.831022731034075
            ],
            [
              -68.17244541442074,
              -38.830982852814905
            ],
            [
              -68.17113996274679,
              -38.83095183328787
            ],
            [
              -68.16983421418678,
              -38.83092967480365
            ],
            [
              -68.16852826769042,
              -38.8309163790414
            ],
            [
              -68.16722222222222,
              -38.8309119470087
            ]
          ]
        ]
      }
    },
    {
      "type": "Feature",
      "properties": {
        "id": "anac_ctr_sazb",
        "name": "CTR BARILOCHE",
        "categoryId": "controlled_airspace",
        "latitude": -41.31339735033336,
        "longitude": -71.41722222222215,
        "radiusMeters": 12987.76911400102,
        "allowedPermissionIds": [
          "authorized_commercial",
          "special_permit"
        ],
        "details": "CTR Aeropuerto Bariloche (SAZB). Clase D.",
        "source": "ANAC AIP",
        "lowerLimitMetersAgl": 0.0,
        "upperLimitMetersMsl": 2286.0
      },
      "geometry": {
        "type": "Polygon",
        "coordinates": [
          [
            [
              -71.41722222222222,
              -41.1970230581198
            ],
            [
              -71.41587009208195,
              -41.19702748951628
            ],
            [
              -71.41451806436169,
              -41.197040783370035
            ],
            [
              -71.41316624147373,
              -41.19706293867407
            ],
            [
              -71.41181472581525,
              -41.197093953750205
            ],
            [
              -71.41046361976032,
              -41.1971338262491
            ],
            [
              -71.40911302565263,
              -41.19718255315048
            ],
            [
              -71.40776304579771,
              -41.1972401307634
            ],
            [
              -71.40641378245527,
              -41.197306554726424
            ],
            [
              -71.40506533783162,
              -41.19738182000805
            ],
            [
              -71.40371781407202,
              -41.197465920907014
            ],
            [
              -71.40237131325313,
              -41.19755885105277
            ],
            [
              -71.40102593737538,
              -41.19766060340589
            ],
            [
              -71.39968178835534,
              -41.19777117025869
            ],
            [
              -71.39833896801804,
              -41.197890543235715
            ],
            [
              -71.39699757808961,
              -41.19801871329441
            ],
            [
              -71.39565772018943,
              -41.198155670725775
            ],
            [
              -71.3943194958228,
              -41.19830140515509
            ],
            [
              -71.39298300637313,
              -41.198455905542716
            ],
            [
              -71.39164835309458,
              -41.19861916018489
            ],
            [
              -71.39031563710432,
              -41.19879115671459
            ],
            [
              -71.3889849593752,
              -41.19897188210248
            ],
            [
              -71.38765642072804,
              -41.199161322657865
            ],
            [
              -71.38633012182419,
              -41.19935946402974
            ],
            [
              -71.38500616315804,
              -41.19956629120783
            ],
            [
              -71.38368464504941,
              -41.1997817885237
            ],
            [
              -71.38236566763624,
              -41.200005939651966
            ],
            [
              -71.38104933086686,
              -41.20023872761148
            ],
            [
              -71.3797357344929,
              -41.20048013476659
            ],
            [
              -71.37842497806139,
              -41.2007301428285
            ],
            [
              -71.37711716090769,
              -41.20098873285659
            ],
            [
              -71.37581238214796,
              -41.201255885259826
            ],
            [
              -71.37451074067172,
              -41.20153157979827
            ],
            [
              -71.37321233513444,
              -41.20181579558454
            ],
            [
              -71.37191726395025,
              -41.20210851108537
            ],
            [
              -71.37062562528456,
              -41.20240970412326
            ],
            [
              -71.36933751704663,
              -41.202719351878095
            ],
            [
              -71.36805303688243,
              -41.20303743088884
            ],
            [
              -71.36677228216718,
              -41.203363917055334
            ],
            [
              -71.36549534999818,
              -41.203698785640036
            ],
            [
              -71.36422233718747,
              -41.2040420112699
            ],
            [
              -71.36295334025465,
              -41.20439356793826
            ],
            [
              -71.3616884554196,
              -41.204753429006814
            ],
            [
              -71.36042777859524,
              -41.2051215672075
            ],
            [
              -71.3591714053805,
              -41.20549795464465
            ],
            [
              -71.35791943105306,
              -41.20588256279702
            ],
            [
              -71.35667195056232,
              -41.206275362519946
            ],
            [
              -71.35542905852196,
              -41.20667632404745
            ],
            [
              -71.3541908492034,
              -41.207085416994545
            ],
            [
              -71.35295741652817,
              -41.207502610359455
            ],
            [
              -71.35172885406132,
              -41.20792787252596
            ],
            [
              -71.35050525500412,
              -41.20836117126573
            ],
            [
              -71.34928671218722,
              -41.20880247374075
            ],
            [
              -71.3480733180636,
              -41.20925174650575
            ],
            [
              -71.34686516470157,
              -41.20970895551075
            ],
            [
              -71.34566234377826,
              -41.210174066103534
            ],
            [
              -71.34446494657209,
              -41.21064704303232
            ],
            [
              -71.34327306395647,
              -41.21112785044831
            ],
            [
              -71.34208678639277,
              -41.21161645190843
            ],
            [
              -71.34090620392345,
              -41.21211281037803
            ],
            [
              -71.33973140616536,
              -41.21261688823367
            ],
            [
              -71.33856248230313,
              -41.2131286472659
            ],
            [
              -71.3373995210822,
              -41.21364804868211
            ],
            [
              -71.33624261080234,
              -41.2141750531095
            ],
            [
              -71.33509183931102,
              -41.21470962059795
            ],
            [
              -71.33394729399663,
              -41.215251710623036
            ],
            [
              -71.33280906178209,
              -41.215801282089046
            ],
            [
              -71.3316772291181,
              -41.216358293332085
            ],
            [
              -71.33055188197699,
              -41.21692270212317
            ],
            [
              -71.32943310584562,
              -41.217494465671344
            ],
            [
              -71.32832098571976,
              -41.218073540626975
            ],
            [
              -71.32721560609673,
              -41.21865988308493
            ],
            [
              -71.32611705096997,
              -41.21925344858788
            ],
            [
              -71.325025403822,
              -41.21985419212958
            ],
            [
              -71.3239407476184,
              -41.220462068158334
            ],
            [
              -71.32286316480162,
              -41.22107703058034
            ],
            [
              -71.32179273728451,
              -41.221699032763105
            ],
            [
              -71.3207295464444,
              -41.22232802753903
            ],
            [
              -71.31967367311665,
              -41.222963967208884
            ],
            [
              -71.31862519758886,
              -41.22360680354536
            ],
            [
              -71.31758419959453,
              -41.22425648779672
            ],
            [
              -71.31655075830707,
              -41.22491297069045
            ],
            [
              -71.31552495233393,
              -41.225576202436926
            ],
            [
              -71.31450685971066,
              -41.22624613273316
            ],
            [
              -71.31349655789467,
              -41.22692271076653
            ],
            [
              -71.31249412375973,
              -41.227605885218686
            ],
            [
              -71.3114996335899,
              -41.22829560426927
            ],
            [
              -71.310513163074,
              -41.2289918155999
            ],
            [
              -71.30953478729953,
              -41.22969446639802
            ],
            [
              -71.30856458074709,
              -41.23040350336092
            ],
            [
              -71.30760261728494,
              -41.231118872699696
            ],
            [
              -71.306648970163,
              -41.23184052014327
            ],
            [
              -71.30570371200747,
              -41.23256839094252
            ],
            [
              -71.3047669148155,
              -41.23330242987432
            ],
            [
              -71.30383864994928,
              -41.23404258124571
            ],
            [
              -71.30291898813084,
              -41.234788788898086
            ],
            [
              -71.30200799943674,
              -41.235540996211405
            ],
            [
              -71.30110575329252,
              -41.23629914610843
            ],
            [
              -71.30021231846763,
              -41.237063181059014
            ],
            [
              -71.29932776306981,
              -41.2378330430844
            ],
            [
              -71.29845215454031,
              -41.238608673761654
            ],
            [
              -71.2975855596485,
              -41.23939001422793
            ],
            [
              -71.29672804448671,
              -41.240177005185
            ],
            [
              -71.29587967446531,
              -41.2409695869036
            ],
            [
              -71.29504051430763,
              -41.241767699228056
            ],
            [
              -71.29421062804505,
              -41.24257128158068
            ],
            [
              -71.29339007901194,
              -41.24338027296638
            ],
            [
              -71.29257892984106,
              -41.24419461197721
            ],
            [
              -71.29177724245835,
              -41.24501423679705
            ],
            [
              -71.29098507807862,
              -41.24583908520617
            ],
            [
              -71.29020249720054,
              -41.246669094585975
            ],
            [
              -71.28942955960207,
              -41.247504201923675
            ],
            [
              -71.28866632433585,
              -41.24834434381703
            ],
            [
              -71.28791284972465,
              -41.24918945647916
            ],
            [
              -71.28716919335682,
              -41.250039475743264
            ],
            [
              -71.28643541208203,
              -41.25089433706753
            ],
            [
              -71.28571156200655,
              -41.251753975539934
            ],
            [
              -71.28499769848918,
              -41.252618325883155
            ],
            [
              -71.28429387613693,
              -41.25348732245949
            ],
            [
              -71.28360014880064,
              -41.25436089927579
            ],
            [
              -71.28291656957094,
              -41.2552389899884
            ],
            [
              -71.28224319077412,
              -41.25612152790821
            ],
            [
              -71.28158006396791,
              -41.25700844600566
            ],
            [
              -71.2809272399378,
              -41.25789967691575
            ],
            [
              -71.2802847686927,
              -41.258795152943165
            ],
            [
              -71.27965269946128,
              -41.25969480606736
            ],
            [
              -71.27903108068813,
              -41.260598567947696
            ],
            [
              -71.27841996002974,
              -41.26150636992856
            ],
            [
              -71.27781938435129,
              -41.26241814304459
            ],
            [
              -71.27722939972227,
              -41.26333381802584
            ],
            [
              -71.27665005141353,
              -41.264253325303
            ],
            [
              -71.27608138389331,
              -41.2651765950127
            ],
            [
              -71.27552344082392,
              -41.26610355700269
            ],
            [
              -71.27497626505829,
              -41.26703414083722
            ],
            [
              -71.27443989863661,
              -41.26796827580232
            ],
            [
              -71.27391438278295,
              -41.26890589091112
            ],
            [
              -71.27339975790204,
              -41.269846914909266
            ],
            [
              -71.27289606357613,
              -41.270791276280214
            ],
            [
              -71.27240333856173,
              -41.27173890325072
            ],
            [
              -71.27192162078677,
              -41.27268972379622
            ],
            [
              -71.27145094734726,
              -41.27364366564625
            ],
            [
              -71.27099135450464,
              -41.27460065628997
            ],
            [
              -71.27054287768283,
              -41.27556062298158
            ],
            [
              -71.27010555146512,
              -41.276523492745866
            ],
            [
              -71.26967940959184,
              -41.27748919238368
            ],
            [
              -71.26926448495743,
              -41.2784576484775
            ],
            [
              -71.2688608096077,
              -41.279428787396995
            ],
            [
              -71.26846841473758,
              -41.28040253530454
            ],
            [
              -71.26808733068822,
              -41.28137881816089
            ],
            [
              -71.26771758694474,
              -41.28235756173067
            ],
            [
              -71.26735921213401,
              -41.28333869158812
            ],
            [
              -71.26701223402199,
              -41.28432213312262
            ],
            [
              -71.26667667951159,
              -41.28530781154442
            ],
            [
              -71.26635257464068,
              -41.28629565189023
            ],
            [
              -71.26603994457975,
              -41.28728557902895
            ],
            [
              -71.26573881362981,
              -41.288277517667375
            ],
            [
              -71.26544920522048,
              -41.28927139235586
            ],
            [
              -71.26517114190813,
              -41.29026712749401
            ],
            [
              -71.26490464537392,
              -41.29126464733653
            ],
            [
              -71.26464973642192,
              -41.29226387599882
            ],
            [
              -71.26440643497756,
              -41.29326473746283
            ],
            [
              -71.26417476008578,
              -41.29426715558279
            ],
            [
              -71.26395472990953,
              -41.29527105409098
            ],
            [
              -71.26374636172818,
              -41.296276356603556
            ],
            [
              -71.263549671936,
              -41.29728298662629
            ],
            [
              -71.26336467604096,
              -41.29829086756039
            ],
            [
              -71.26319138866313,
              -41.29929992270835
            ],
            [
              -71.26302982353354,
              -41.300310075279754
            ],
            [
              -71.2628799934929,
              -41.30132124839708
            ],
            [
              -71.26274191049066,
              -41.30233336510157
            ],
            [
              -71.2626155855836,
              -41.30334634835909
            ],
            [
              -71.26250102893516,
              -41.30436012106594
            ],
            [
              -71.26239824981411,
              -41.305374606054734
            ],
            [
              -71.26230725659423,
              -41.30638972610027
            ],
            [
              -71.26222805675297,
              -41.3074054039254
            ],
            [
              -71.26216065687106,
              -41.3084215622069
            ],
            [
              -71.26210506263158,
              -41.30943812358138
            ],
            [
              -71.2620612788196,
              -41.3104550106511
            ],
            [
              -71.26202930932163,
              -41.311472145989924
            ],
            [
              -71.2620091571248,
              -41.31248945214917
            ],
            [
              -71.262000824317,
              -41.31350685166358
            ],
            [
              -71.26200431208616,
              -41.314524267057095
            ],
            [
              -71.26201962072014,
              -41.31554162084883
            ],
            [
              -71.2620467496065,
              -41.316558835559
            ],
            [
              -71.26208569723252,
              -41.317575833714756
            ],
            [
              -71.26213646118481,
              -41.31859253785612
            ],
            [
              -71.26219903814967,
              -41.319608870541884
            ],
            [
              -71.26227342391309,
              -41.320624754355514
            ],
            [
              -71.26235961336079,
              -41.32164011191104
            ],
            [
              -71.2624576004784,
              -41.32265486585897
            ],
            [
              -71.262567378352,
              -41.32366893889218
            ],
            [
              -71.26268893916836,
              -41.32468225375182
            ],
            [
              -71.2628222742153,
              -41.325694733233156
            ],
            [
              -71.26296737388208,
              -41.32670630019156
            ],
            [
              -71.26312422766034,
              -41.32771687754831
            ],
            [
              -71.26329282414446,
              -41.328726388296495
            ],
            [
              -71.2634731510322,
              -41.32973475550692
            ],
            [
              -71.26366519512572,
              -41.33074190233395
            ],
            [
              -71.26386894233224,
              -41.33174775202139
            ],
            [
              -71.26408437766497,
              -41.33275222790834
            ],
            [
              -71.26431148524415,
              -41.33375525343506
            ],
            [
              -71.26455024829806,
              -41.33475675214883
            ],
            [
              -71.26480064916427,
              -41.335756647709765
            ],
            [
              -71.26506266929044,
              -41.33675486389667
            ],
            [
              -71.26533628923607,
              -41.33775132461287
            ],
            [
              -71.2656214886735,
              -41.33874595389201
            ],
            [
              -71.26591824638939,
              -41.33973867590387
            ],
            [
              -71.2662265402862,
              -41.34072941496019
            ],
            [
              -71.26654634738367,
              -41.34171809552043
            ],
            [
              -71.26687764382052,
              -41.34270464219755
            ],
            [
              -71.26722040485595,
              -41.34368897976385
            ],
            [
              -71.26757460487147,
              -41.34467103315658
            ],
            [
              -71.26794021737288,
              -41.345650727483836
            ],
            [
              -71.26831721499178,
              -41.34662798803023
            ],
            [
              -71.26870556948774,
              -41.3476027402626
            ],
            [
              -71.26910525175026,
              -41.348574909835776
            ],
            [
              -71.26951623180088,
              -41.3495444225982
            ],
            [
              -71.26993847879521,
              -41.35051120459765
            ],
            [
              -71.27037196102532,
              -41.35147518208693
            ],
            [
              -71.2708166459218,
              -41.352436281529464
            ],
            [
              -71.27127250005628,
              -41.35339442960502
            ],
            [
              -71.27173948914378,
              -41.3543495532152
            ],
            [
              -71.27221757804517,
              -41.35530157948922
            ],
            [
              -71.27270673076976,
              -41.35625043578935
            ],
            [
              -71.27320691047782,
              -41.357196049716556
            ],
            [
              -71.27371807948339,
              -41.35813834911606
            ],
            [
              -71.2742401992569,
              -41.35907726208283
            ],
            [
              -71.27477323042814,
              -41.36001271696716
            ],
            [
              -71.27531713278898,
              -41.36094464238014
            ],
            [
              -71.27587186529638,
              -41.361872967199155
            ],
            [
              -71.27643738607532,
              -41.3627976205733
            ],
            [
              -71.27701365242206,
              -41.3637185319289
            ],
            [
              -71.27760062080705,
              -41.36463563097487
            ],
            [
              -71.27819824687845,
              -41.3655488477081
            ],
            [
              -71.278806485465,
              -41.36645811241895
            ],
            [
              -71.27942529057964,
              -41.367363355696476
            ],
            [
              -71.28005461542284,
              -41.36826450843383
            ],
            [
              -71.28069441238608,
              -41.36916150183358
            ],
            [
              -71.28134463305514,
              -41.370054267412975
            ],
            [
              -71.2820052282143,
              -41.370942737009244
            ],
            [
              -71.2826761478492,
              -41.37182684278479
            ],
            [
              -71.28335734115115,
              -41.37270651723246
            ],
            [
              -71.28404875652063,
              -41.373581693180725
            ],
            [
              -71.28475034157145,
              -41.374452303798854
            ],
            [
              -71.28546204313409,
              -41.37531828260203
            ],
            [
              -71.28618380726016,
              -41.376179563456496
            ],
            [
              -71.28691557922633,
              -41.37703608058467
            ],
            [
              -71.28765730353837,
              -41.37788776857016
            ],
            [
              -71.2884089239351,
              -41.37873456236283
            ],
            [
              -71.28917038339307,
              -41.37957639728382
            ],
            [
              -71.28994162413039,
              -41.38041320903053
            ],
            [
              -71.29072258761141,
              -41.381244933681536
            ],
            [
              -71.29151321455083,
              -41.38207150770157
            ],
            [
              -71.2923134449182,
              -41.3828928679464
            ],
            [
              -71.29312321794276,
              -41.38370895166769
            ],
            [
              -71.29394247211758,
              -41.38451969651784
            ],
            [
              -71.29477114520444,
              -41.385325040554804
            ],
            [
              -71.2956091742385,
              -41.38612492224686
            ],
            [
              -71.29645649553305,
              -41.386919280477365
            ],
            [
              -71.29731304468413,
              -41.38770805454948
            ],
            [
              -71.29817875657568,
              -41.38849118419081
            ],
            [
              -71.29905356538433,
              -41.38926860955812
            ],
            [
              -71.2999374045844,
              -41.39004027124191
            ],
            [
              -71.30083020695275,
              -41.39080611027102
            ],
            [
              -71.30173190457435,
              -41.39156606811717
            ],
            [
              -71.30264242884687,
              -41.392320086699506
            ],
            [
              -71.30356171048629,
              -41.393068108389045
            ],
            [
              -71.30448967953186,
              -41.39381007601318
            ],
            [
              -71.30542626535163,
              -41.394545932860055
            ],
            [
              -71.30637139664776,
              -41.39527562268295
            ],
            [
              -71.307325001462,
              -41.395999089704674
            ],
            [
              -71.30828700718087,
              -41.39671627862181
            ],
            [
              -71.30925734054159,
              -41.39742713460904
            ],
            [
              -71.31023592763745,
              -41.39813160332337
            ],
            [
              -71.31122269392336,
              -41.39882963090831
            ],
            [
              -71.31221756422178,
              -41.39952116399809
            ],
            [
              -71.31322046272817,
              -41.40020614972171
            ],
            [
              -71.31423131301699,
              -41.40088453570713
            ],
            [
              -71.31525003804751,
              -41.40155627008523
            ],
            [
              -71.31627656016951,
              -41.402221301493874
            ],
            [
              -71.31731080112957,
              -41.40287957908187
            ],
            [
              -71.31835268207652,
              -41.40353105251294
            ],
            [
              -71.31940212356801,
              -41.40417567196951
            ],
            [
              -71.3204590455764,
              -41.40481338815672
            ],
            [
              -71.32152336749459,
              -41.40544415230612
            ],
            [
              -71.32259500814274,
              -41.40606791617949
            ],
            [
              -71.32367388577404,
              -41.4066846320726
            ],
            [
              -71.32475991808116,
              -41.40729425281884
            ],
            [
              -71.32585302220264,
              -41.40789673179297
            ],
            [
              -71.32695311472895,
              -41.408492022914594
            ],
            [
              -71.3280601117093,
              -41.40908008065189
            ],
            [
              -71.32917392865784,
              -41.409660860025014
            ],
            [
              -71.3302944805601,
              -41.41023431660964
            ],
            [
              -71.33142168187959,
              -41.4108004065404
            ],
            [
              -71.33255544656453,
              -41.41135908651428
            ],
            [
              -71.3336956880542,
              -41.41191031379395
            ],
            [
              -71.33484231928583,
              -41.41245404621115
            ],
            [
              -71.3359952527012,
              -41.412990242169876
            ],
            [
              -71.33715440025321,
              -41.41351886064964
            ],
            [
              -71.33831967341308,
              -41.41403986120867
            ],
            [
              -71.3394909831768,
              -41.41455320398704
            ],
            [
              -71.34066824007209,
              -41.41505884970971
            ],
            [
              -71.34185135416527,
              -41.41555675968966
            ],
            [
              -71.34304023506843,
              -41.4160468958308
            ],
            [
              -71.34423479194595,
              -41.41652922063103
            ],
            [
              -71.34543493352203,
              -41.41700369718503
            ],
            [
              -71.34664056808731,
              -41.41747028918723
            ],
            [
              -71.34785160350611,
              -41.41792896093456
            ],
            [
              -71.34906794722372,
              -41.41837967732927
            ],
            [
              -71.3502895062731,
              -41.41882240388159
            ],
            [
              -71.35151618728253,
              -41.41925710671248
            ],
            [
              -71.3527478964827,
              -41.41968375255621
            ],
            [
              -71.35398453971368,
              -41.42010230876297
            ],
            [
              -71.35522602243259,
              -41.4205127433014
            ],
            [
              -71.3564722497207,
              -41.420915024761044
            ],
            [
              -71.3577231262907,
              -41.421309122354856
            ],
            [
              -71.35897855649432,
              -41.42169500592151
            ],
            [
              -71.36023844432964,
              -41.42207264592783
            ],
            [
              -71.36150269344824,
              -41.42244201347101
            ],
            [
              -71.36277120716318,
              -41.42280308028091
            ],
            [
              -71.36404388845597,
              -41.4231558187222
            ],
            [
              -71.36532063998453,
              -41.42350020179658
            ],
            [
              -71.36660136409034,
              -41.4238362031448
            ],
            [
              -71.36788596280644,
              -41.42416379704878
            ],
            [
              -71.36917433786448,
              -41.42448295843352
            ],
            [
              -71.37046639070286,
              -41.42479366286917
            ],
            [
              -71.37176202247406,
              -41.42509588657282
            ],
            [
              -71.37306113405236,
              -41.42538960641038
            ],
            [
              -71.37436362604171,
              -41.42567479989841
            ],
            [
              -71.3756693987832,
              -41.42595144520584
            ],
            [
              -71.37697835236281,
              -41.426219521155666
            ],
            [
              -71.37829038661943,
              -41.42647900722661
            ],
            [
              -71.37960540115228,
              -41.42672988355471
            ],
            [
              -71.38092329532896,
              -41.42697213093484
            ],
            [
              -71.38224396829321,
              -41.42720573082227
            ],
            [
              -71.38356731897261,
              -41.42743066533401
            ],
            [
              -71.38489324608662,
              -41.4276469172503
            ],
            [
              -71.38622164815428,
              -41.42785447001588
            ],
            [
              -71.38755242350226,
              -41.42805330774129
            ],
            [
              -71.38888547027256,
              -41.42824341520414
            ],
            [
              -71.39022068643067,
              -41.42842477785027
            ],
            [
              -71.39155796977315,
              -41.428597381794866
            ],
            [
              -71.39289721793602,
              -41.42876121382357
            ],
            [
              -71.39423832840242,
              -41.42891626139347
            ],
            [
              -71.39558119851051,
              -41.42906251263413
            ],
            [
              -71.3969257254617,
              -41.42919995634848
            ],
            [
              -71.39827180632852,
              -41.42932858201366
            ],
            [
              -71.39961933806262,
              -41.4294483797819
            ],
            [
              -71.40096821750274,
              -41.42955934048125
            ],
            [
              -71.40231834138285,
              -41.42966145561626
            ],
            [
              -71.40366960634009,
              -41.42975471736875
            ],
            [
              -71.40502190892283,
              -41.4298391185983
            ],
            [
              -71.4063751455987,
              -41.42991465284285
            ],
            [
              -71.40772921276272,
              -41.42998131431921
            ],
            [
              -71.40908400674522,
              -41.430039097923526
            ],
            [
              -71.41043942382004,
              -41.43008799923163
            ],
            [
              -71.41179536021258,
              -41.43012801449943
            ],
            [
              -71.41315171210772,
              -41.43015914066318
            ],
            [
              -71.41450837565816,
              -41.4301813753397
            ],
            [
              -71.41586524699227,
              -41.43019471682661
            ],
            [
              -71.41722222222222,
              -41.43019916410241
            ],
            [
              -71.41857919745217,
              -41.43019471682661
            ],
            [
              -71.41993606878623,
              -41.4301813753397
            ],
            [
              -71.42129273233672,
              -41.43015914066318
            ],
            [
              -71.42264908423186,
              -41.43012801449943
            ],
            [
              -71.4240050206244,
              -41.43008799923163
            ],
            [
              -71.42536043769923,
              -41.430039097923526
            ],
            [
              -71.42671523168173,
              -41.42998131431921
            ],
            [
              -71.42806929884574,
              -41.42991465284285
            ],
            [
              -71.42942253552161,
              -41.4298391185983
            ],
            [
              -71.43077483810436,
              -41.42975471736875
            ],
            [
              -71.43212610306159,
              -41.42966145561626
            ],
            [
              -71.4334762269417,
              -41.42955934048125
            ],
            [
              -71.43482510638182,
              -41.4294483797819
            ],
            [
              -71.43617263811592,
              -41.42932858201366
            ],
            [
              -71.43751871898274,
              -41.42919995634848
            ],
            [
              -71.43886324593393,
              -41.42906251263413
            ],
            [
              -71.44020611604202,
              -41.42891626139347
            ],
            [
              -71.44154722650842,
              -41.42876121382357
            ],
            [
              -71.4428864746713,
              -41.428597381794866
            ],
            [
              -71.44422375801378,
              -41.42842477785027
            ],
            [
              -71.44555897417183,
              -41.42824341520414
            ],
            [
              -71.44689202094219,
              -41.42805330774129
            ],
            [
              -71.44822279629017,
              -41.42785447001588
            ],
            [
              -71.44955119835782,
              -41.4276469172503
            ],
            [
              -71.45087712547183,
              -41.42743066533401
            ],
            [
              -71.45220047615123,
              -41.42720573082227
            ],
            [
              -71.45352114911549,
              -41.42697213093484
            ],
            [
              -71.45483904329217,
              -41.42672988355471
            ],
            [
              -71.45615405782502,
              -41.42647900722661
            ],
            [
              -71.45746609208163,
              -41.426219521155666
            ],
            [
              -71.45877504566124,
              -41.42595144520584
            ],
            [
              -71.46008081840273,
              -41.42567479989841
            ],
            [
              -71.46138331039208,
              -41.42538960641038
            ],
            [
              -71.46268242197038,
              -41.42509588657282
            ],
            [
              -71.46397805374158,
              -41.42479366286917
            ],
            [
              -71.46527010657996,
              -41.42448295843352
            ],
            [
              -71.466558481638,
              -41.42416379704878
            ],
            [
              -71.4678430803541,
              -41.4238362031448
            ],
            [
              -71.46912380445991,
              -41.42350020179658
            ],
            [
              -71.47040055598848,
              -41.4231558187222
            ],
            [
              -71.47167323728127,
              -41.42280308028091
            ],
            [
              -71.4729417509962,
              -41.42244201347101
            ],
            [
              -71.4742060001148,
              -41.42207264592783
            ],
            [
              -71.47546588795007,
              -41.42169500592151
            ],
            [
              -71.47672131815375,
              -41.421309122354856
            ],
            [
              -71.47797219472375,
              -41.420915024761044
            ],
            [
              -71.47921842201185,
              -41.4205127433014
            ],
            [
              -71.48045990473076,
              -41.42010230876297
            ],
            [
              -71.48169654796175,
              -41.41968375255621
            ],
            [
              -71.48292825716192,
              -41.41925710671248
            ],
            [
              -71.48415493817134,
              -41.41882240388159
            ],
            [
              -71.48537649722073,
              -41.41837967732927
            ],
            [
              -71.48659284093833,
              -41.41792896093456
            ],
            [
              -71.48780387635713,
              -41.41747028918723
            ],
            [
              -71.48900951092241,
              -41.41700369718503
            ],
            [
              -71.49020965249849,
              -41.41652922063103
            ],
            [
              -71.49140420937601,
              -41.4160468958308
            ],
            [
              -71.49259309027917,
              -41.41555675968966
            ],
            [
              -71.49377620437235,
              -41.41505884970971
            ],
            [
              -71.49495346126764,
              -41.41455320398704
            ],
            [
              -71.4961247710313,
              -41.41403986120867
            ],
            [
              -71.49729004419123,
              -41.41351886064964
            ],
            [
              -71.49844919174325,
              -41.412990242169876
            ],
            [
              -71.49960212515862,
              -41.41245404621115
            ],
            [
              -71.50074875639024,
              -41.41191031379395
            ],
            [
              -71.50188899787992,
              -41.41135908651428
            ],
            [
              -71.50302276256485,
              -41.4108004065404
            ],
            [
              -71.50414996388434,
              -41.41023431660964
            ],
            [
              -71.5052705157866,
              -41.409660860025014
            ],
            [
              -71.50638433273508,
              -41.40908008065189
            ],
            [
              -71.50749132971549,
              -41.408492022914594
            ],
            [
              -71.5085914222418,
              -41.40789673179297
            ],
            [
              -71.50968452636329,
              -41.40729425281884
            ],
            [
              -71.5107705586704,
              -41.4066846320726
            ],
            [
              -71.5118494363017,
              -41.40606791617949
            ],
            [
              -71.51292107694985,
              -41.40544415230612
            ],
            [
              -71.51398539886804,
              -41.40481338815672
            ],
            [
              -71.51504232087643,
              -41.40417567196951
            ],
            [
              -71.51609176236792,
              -41.40353105251294
            ],
            [
              -71.51713364331488,
              -41.40287957908187
            ],
            [
              -71.51816788427487,
              -41.402221301493874
            ],
            [
              -71.51919440639693,
              -41.40155627008523
            ],
            [
              -71.52021313142745,
              -41.40088453570713
            ],
            [
              -71.52122398171628,
              -41.40020614972171
            ],
            [
              -71.52222688022266,
              -41.39952116399809
            ],
            [
              -71.52322175052109,
              -41.39882963090831
            ],
            [
              -71.524208516807,
              -41.39813160332337
            ],
            [
              -71.52518710390285,
              -41.39742713460904
            ],
            [
              -71.52615743726358,
              -41.39671627862181
            ],
            [
              -71.52711944298244,
              -41.395999089704674
            ],
            [
              -71.52807304779662,
              -41.39527562268295
            ],
            [
              -71.52901817909282,
              -41.394545932860055
            ],
            [
              -71.52995476491259,
              -41.39381007601318
            ],
            [
              -71.53088273395815,
              -41.393068108389045
            ],
            [
              -71.53180201559758,
              -41.392320086699506
            ],
            [
              -71.53271253987009,
              -41.39156606811717
            ],
            [
              -71.53361423749163,
              -41.39080611027102
            ],
            [
              -71.53450703986005,
              -41.39004027124191
            ],
            [
              -71.53539087906012,
              -41.38926860955812
            ],
            [
              -71.53626568786876,
              -41.38849118419081
            ],
            [
              -71.53713139976031,
              -41.38770805454948
            ],
            [
              -71.5379879489114,
              -41.386919280477365
            ],
            [
              -71.53883527020588,
              -41.38612492224686
            ],
            [
              -71.53967329924001,
              -41.385325040554804
            ],
            [
              -71.54050197232687,
              -41.38451969651784
            ],
            [
              -71.54132122650168,
              -41.38370895166769
            ],
            [
              -71.54213099952625,
              -41.3828928679464
            ],
            [
              -71.54293122989361,
              -41.38207150770157
            ],
            [
              -71.54372185683303,
              -41.381244933681536
            ],
            [
              -71.544502820314,
              -41.38041320903053
            ],
            [
              -71.54527406105137,
              -41.37957639728382
            ],
            [
              -71.54603552050935,
              -41.37873456236283
            ],
            [
              -71.54678714090608,
              -41.37788776857016
            ],
            [
              -71.54752886521811,
              -41.37703608058467
            ],
            [
              -71.54826063718428,
              -41.376179563456496
            ],
            [
              -71.54898240131035,
              -41.37531828260203
            ],
            [
              -71.54969410287299,
              -41.374452303798854
            ],
            [
              -71.55039568792375,
              -41.373581693180725
            ],
            [
              -71.5510871032933,
              -41.37270651723246
            ],
            [
              -71.55176829659524,
              -41.37182684278479
            ],
            [
              -71.55243921623014,
              -41.370942737009244
            ],
            [
              -71.55309981138925,
              -41.370054267412975
            ],
            [
              -71.55375003205836,
              -41.36916150183358
            ],
            [
              -71.5543898290216,
              -41.36826450843383
            ],
            [
              -71.5550191538648,
              -41.367363355696476
            ],
            [
              -71.55563795897945,
              -41.36645811241895
            ],
            [
              -71.556246197566,
              -41.3655488477081
            ],
            [
              -71.55684382363734,
              -41.36463563097487
            ],
            [
              -71.55743079202239,
              -41.3637185319289
            ],
            [
              -71.55800705836913,
              -41.3627976205733
            ],
            [
              -71.55857257914806,
              -41.361872967199155
            ],
            [
              -71.55912731165546,
              -41.36094464238014
            ],
            [
              -71.55967121401625,
              -41.36001271696716
            ],
            [
              -71.56020424518755,
              -41.35907726208283
            ],
            [
              -71.56072636496106,
              -41.35813834911606
            ],
            [
              -71.56123753396662,
              -41.357196049716556
            ],
            [
              -71.56173771367469,
              -41.35625043578935
            ],
            [
              -71.56222686639927,
              -41.35530157948922
            ],
            [
              -71.56270495530066,
              -41.3543495532152
            ],
            [
              -71.56317194438816,
              -41.35339442960502
            ],
            [
              -71.56362779852265,
              -41.352436281529464
            ],
            [
              -71.56407248341912,
              -41.35147518208693
            ],
            [
              -71.56450596564923,
              -41.35051120459765
            ],
            [
              -71.56492821264357,
              -41.3495444225982
            ],
            [
              -71.56533919269418,
              -41.348574909835776
            ],
            [
              -71.56573887495665,
              -41.3476027402626
            ],
            [
              -71.5661272294526,
              -41.34662798803023
            ],
            [
              -71.5665042270715,
              -41.345650727483836
            ],
            [
              -71.56686983957297,
              -41.34467103315658
            ],
            [
              -71.5672240395885,
              -41.34368897976385
            ],
            [
              -71.56756680062392,
              -41.34270464219757
            ],
            [
              -71.56789809706078,
              -41.34171809552043
            ],
            [
              -71.56821790415825,
              -41.34072941496019
            ],
            [
              -71.56852619805505,
              -41.33973867590387
            ],
            [
              -71.56882295577088,
              -41.33874595389201
            ],
            [
              -71.56910815520837,
              -41.33775132461287
            ],
            [
              -71.569381775154,
              -41.33675486389667
            ],
            [
              -71.56964379528017,
              -41.335756647709765
            ],
            [
              -71.56989419614638,
              -41.33475675214883
            ],
            [
              -71.5701329592003,
              -41.33375525343506
            ],
            [
              -71.57036006677947,
              -41.33275222790834
            ],
            [
              -71.5705755021122,
              -41.33174775202139
            ],
            [
              -71.57077924931872,
              -41.33074190233395
            ],
            [
              -71.57097129341224,
              -41.32973475550692
            ],
            [
              -71.57115162029999,
              -41.328726388296495
            ],
            [
              -71.5713202167841,
              -41.32771687754831
            ],
            [
              -71.57147707056237,
              -41.32670630019156
            ],
            [
              -71.57162217022915,
              -41.325694733233156
            ],
            [
              -71.57175550527609,
              -41.32468225375182
            ],
            [
              -71.57187706609238,
              -41.32366893889218
            ],
            [
              -71.57198684396604,
              -41.32265486585897
            ],
            [
              -71.57208483108366,
              -41.32164011191104
            ],
            [
              -71.5721710205313,
              -41.320624754355514
            ],
            [
              -71.57224540629477,
              -41.319608870541884
            ],
            [
              -71.57230798325963,
              -41.31859253785612
            ],
            [
              -71.57235874721192,
              -41.317575833714756
            ],
            [
              -71.57239769483795,
              -41.316558835559
            ],
            [
              -71.5724248237243,
              -41.31554162084883
            ],
            [
              -71.57244013235828,
              -41.31452426705709
            ],
            [
              -71.57244362012744,
              -41.31350685166358
            ],
            [
              -71.57243528731965,
              -41.31248945214917
            ],
            [
              -71.57241513512281,
              -41.311472145989924
            ],
            [
              -71.57238316562484,
              -41.3104550106511
            ],
            [
              -71.57233938181287,
              -41.30943812358138
            ],
            [
              -71.57228378757338,
              -41.3084215622069
            ],
            [
              -71.57221638769147,
              -41.3074054039254
            ],
            [
              -71.57213718785022,
              -41.30638972610027
            ],
            [
              -71.57204619463033,
              -41.305374606054734
            ],
            [
              -71.57194341550928,
              -41.30436012106594
            ],
            [
              -71.57182885886084,
              -41.30334634835909
            ],
            [
              -71.57170253395373,
              -41.30233336510157
            ],
            [
              -71.57156445095148,
              -41.30132124839708
            ],
            [
              -71.5714146209109,
              -41.300310075279754
            ],
            [
              -71.57125305578131,
              -41.29929992270835
            ],
            [
              -71.57107976840348,
              -41.29829086756039
            ],
            [
              -71.57089477250844,
              -41.29728298662629
            ],
            [
              -71.57069808271626,
              -41.296276356603556
            ],
            [
              -71.57048971453492,
              -41.29527105409098
            ],
            [
              -71.57026968435866,
              -41.29426715558279
            ],
            [
              -71.57003800946688,
              -41.29326473746283
            ],
            [
              -71.56979470802253,
              -41.29226387599882
            ],
            [
              -71.56953979907053,
              -41.29126464733653
            ],
            [
              -71.56927330253632,
              -41.29026712749401
            ],
            [
              -71.56899523922397,
              -41.28927139235586
            ],
            [
              -71.56870563081463,
              -41.288277517667375
            ],
            [
              -71.5684044998647,
              -41.28728557902895
            ],
            [
              -71.56809186980371,
              -41.28629565189023
            ],
            [
              -71.56776776493285,
              -41.28530781154442
            ],
            [
              -71.56743221042245,
              -41.28432213312263
            ],
            [
              -71.56708523231043,
              -41.28333869158812
            ],
            [
              -71.5667268574997,
              -41.28235756173067
            ],
            [
              -71.56635711375623,
              -41.28137881816089
            ],
            [
              -71.56597602970686,
              -41.28040253530454
            ],
            [
              -71.56558363483674,
              -41.279428787396995
            ],
            [
              -71.56517995948701,
              -41.2784576484775
            ],
            [
              -71.5647650348526,
              -41.27748919238368
            ],
            [
              -71.56433889297932,
              -41.276523492745866
            ],
            [
              -71.56390156676161,
              -41.27556062298158
            ],
            [
              -71.5634530899398,
              -41.27460065628997
            ],
            [
              -71.56299349709718,
              -41.27364366564625
            ],
            [
              -71.56252282365767,
              -41.27268972379622
            ],
            [
              -71.56204110588271,
              -41.27173890325072
            ],
            [
              -71.56154838086832,
              -41.270791276280214
            ],
            [
              -71.5610446865424,
              -41.269846914909266
            ],
            [
              -71.5605300616615,
              -41.26890589091112
            ],
            [
              -71.56000454580783,
              -41.26796827580232
            ],
            [
              -71.55946817938616,
              -41.26703414083722
            ],
            [
              -71.55892100362053,
              -41.26610355700269
            ],
            [
              -71.55836306055113,
              -41.2651765950127
            ],
            [
              -71.55779439303092,
              -41.264253325303
            ],
            [
              -71.55721504472217,
              -41.26333381802584
            ],
            [
              -71.55662506009315,
              -41.26241814304459
            ],
            [
              -71.55602448441465,
              -41.26150636992856
            ],
            [
              -71.55541336375632,
              -41.260598567947696
            ],
            [
              -71.55479174498316,
              -41.25969480606736
            ],
            [
              -71.55415967575175,
              -41.258795152943165
            ],
            [
              -71.55351720450665,
              -41.25789967691575
            ],
            [
              -71.55286438047654,
              -41.25700844600566
            ],
            [
              -71.55220125367032,
              -41.25612152790821
            ],
            [
              -71.5515278748735,
              -41.2552389899884
            ],
            [
              -71.5508442956438,
              -41.25436089927579
            ],
            [
              -71.55015056830752,
              -41.25348732245949
            ],
            [
              -71.54944674595527,
              -41.252618325883155
            ],
            [
              -71.54873288243789,
              -41.251753975539934
            ],
            [
              -71.54800903236242,
              -41.25089433706753
            ],
            [
              -71.54727525108763,
              -41.250039475743264
            ],
            [
              -71.5465315947198,
              -41.24918945647916
            ],
            [
              -71.5457781201086,
              -41.24834434381703
            ],
            [
              -71.54501488484237,
              -41.247504201923675
            ],
            [
              -71.5442419472439,
              -41.246669094585975
            ],
            [
              -71.54345936636582,
              -41.24583908520617
            ],
            [
              -71.54266720198609,
              -41.24501423679705
            ],
            [
              -71.54186551460339,
              -41.24419461197721
            ],
            [
              -71.54105436543244,
              -41.24338027296638
            ],
            [
              -71.5402338163994,
              -41.24257128158068
            ],
            [
              -71.53940393013681,
              -41.241767699228056
            ],
            [
              -71.53856476997913,
              -41.2409695869036
            ],
            [
              -71.53771639995773,
              -41.240177005185
            ],
            [
              -71.53685888479595,
              -41.23939001422793
            ],
            [
              -71.53599228990413,
              -41.238608673761654
            ],
            [
              -71.53511668137463,
              -41.2378330430844
            ],
            [
              -71.53423212597681,
              -41.237063181059014
            ],
            [
              -71.53333869115193,
              -41.23629914610843
            ],
            [
              -71.5324364450077,
              -41.235540996211405
            ],
            [
              -71.5315254563136,
              -41.234788788898086
            ],
            [
              -71.53060579449516,
              -41.23404258124571
            ],
            [
              -71.52967752962894,
              -41.23330242987432
            ],
            [
              -71.52874073243692,
              -41.23256839094252
            ],
            [
              -71.52779547428145,
              -41.23184052014327
            ],
            [
              -71.5268418271595,
              -41.231118872699696
            ],
            [
              -71.5258798636973,
              -41.23040350336092
            ],
            [
              -71.52490965714492,
              -41.22969446639802
            ],
            [
              -71.52393128137044,
              -41.2289918155999
            ],
            [
              -71.52294481085454,
              -41.22829560426927
            ],
            [
              -71.52195032068471,
              -41.227605885218686
            ],
            [
              -71.52094788654978,
              -41.22692271076653
            ],
            [
              -71.51993758473378,
              -41.22624613273316
            ],
            [
              -71.51891949211046,
              -41.225576202436926
            ],
            [
              -71.51789368613737,
              -41.22491297069045
            ],
            [
              -71.51686024484991,
              -41.22425648779672
            ],
            [
              -71.51581924685559,
              -41.22360680354536
            ],
            [
              -71.51477077132779,
              -41.222963967208884
            ],
            [
              -71.51371489800005,
              -41.22232802753903
            ],
            [
              -71.51265170715993,
              -41.221699032763105
            ],
            [
              -71.51158127964283,
              -41.22107703058034
            ],
            [
              -71.51050369682605,
              -41.220462068158334
            ],
            [
              -71.50941904062245,
              -41.21985419212958
            ],
            [
              -71.50832739347447,
              -41.21925344858788
            ],
            [
              -71.50722883834771,
              -41.21865988308493
            ],
            [
              -71.50612345872469,
              -41.218073540626975
            ],
            [
              -71.50501133859876,
              -41.217494465671344
            ],
            [
              -71.50389256246746,
              -41.21692270212317
            ],
            [
              -71.50276721532629,
              -41.216358293332085
            ],
            [
              -71.50163538266236,
              -41.215801282089046
            ],
            [
              -71.50049715044781,
              -41.215251710623036
            ],
            [
              -71.49935260513342,
              -41.21470962059795
            ],
            [
              -71.4982018336421,
              -41.2141750531095
            ],
            [
              -71.49704492336224,
              -41.21364804868211
            ],
            [
              -71.49588196214131,
              -41.2131286472659
            ],
            [
              -71.49471303827903,
              -41.21261688823367
            ],
            [
              -71.49353824052099,
              -41.21211281037803
            ],
            [
              -71.49235765805167,
              -41.21161645190843
            ],
            [
              -71.49117138048797,
              -41.21112785044831
            ],
            [
              -71.48997949787235,
              -41.21064704303232
            ],
            [
              -71.48878210066619,
              -41.210174066103534
            ],
            [
              -71.48757927974282,
              -41.20970895551075
            ],
            [
              -71.48637112638085,
              -41.20925174650575
            ],
            [
              -71.48515773225722,
              -41.20880247374075
            ],
            [
              -71.48393918944032,
              -41.20836117126573
            ],
            [
              -71.48271559038312,
              -41.20792787252596
            ],
            [
              -71.48148702791627,
              -41.207502610359455
            ],
            [
              -71.48025359524104,
              -41.207085416994545
            ],
            [
              -71.47901538592248,
              -41.20667632404745
            ],
            [
              -71.47777249388213,
              -41.206275362519946
            ],
            [
              -71.47652501339138,
              -41.20588256279702
            ],
            [
              -71.47527303906395,
              -41.20549795464465
            ],
            [
              -71.4740166658492,
              -41.2051215672075
            ],
            [
              -71.47275598902485,
              -41.204753429006814
            ],
            [
              -71.4714911041898,
              -41.20439356793826
            ],
            [
              -71.47022210725692,
              -41.2040420112699
            ],
            [
              -71.46894909444626,
              -41.203698785640036
            ],
            [
              -71.46767216227727,
              -41.203363917055334
            ],
            [
              -71.46639140756201,
              -41.20303743088884
            ],
            [
              -71.46510692739781,
              -41.202719351878095
            ],
            [
              -71.46381881915988,
              -41.20240970412326
            ],
            [
              -71.46252718049419,
              -41.20210851108537
            ],
            [
              -71.46123210931,
              -41.20181579558454
            ],
            [
              -71.45993370377266,
              -41.20153157979827
            ],
            [
              -71.45863206229643,
              -41.201255885259826
            ],
            [
              -71.45732728353676,
              -41.20098873285659
            ],
            [
              -71.45601946638305,
              -41.2007301428285
            ],
            [
              -71.45470870995155,
              -41.20048013476659
            ],
            [
              -71.45339511357759,
              -41.20023872761148
            ],
            [
              -71.45207877680821,
              -41.200005939651966
            ],
            [
              -71.45075979939503,
              -41.1997817885237
            ],
            [
              -71.4494382812864,
              -41.19956629120783
            ],
            [
              -71.4481143226202,
              -41.19935946402974
            ],
            [
              -71.44678802371641,
              -41.199161322657865
            ],
            [
              -71.44545948506925,
              -41.19897188210248
            ],
            [
              -71.44412880734012,
              -41.19879115671459
            ],
            [
              -71.44279609134986,
              -41.19861916018489
            ],
            [
              -71.44146143807131,
              -41.198455905542716
            ],
            [
              -71.44012494862159,
              -41.19830140515509
            ],
            [
              -71.43878672425501,
              -41.198155670725775
            ],
            [
              -71.43744686635483,
              -41.19801871329441
            ],
            [
              -71.4361054764264,
              -41.197890543235715
            ],
            [
              -71.4347626560891,
              -41.19777117025869
            ],
            [
              -71.43341850706906,
              -41.19766060340589
            ],
            [
              -71.43207313119132,
              -41.19755885105277
            ],
            [
              -71.43072663037242,
              -41.197465920907014
            ],
            [
              -71.42937910661283,
              -41.19738182000805
            ],
            [
              -71.42803066198917,
              -41.197306554726424
            ],
            [
              -71.42668139864674,
              -41.1972401307634
            ],
            [
              -71.42533141879181,
              -41.19718255315048
            ],
            [
              -71.42398082468412,
              -41.1971338262491
            ],
            [
              -71.4226297186292,
              -41.197093953750205
            ],
            [
              -71.42127820297071,
              -41.19706293867407
            ],
            [
              -71.41992638008276,
              -41.197040783370035
            ],
            [
              -71.4185743523625,
              -41.19702748951628
            ],
            [
              -71.41722222222222,
              -41.1970230581198
            ]
          ]
        ]
      }
    },
    {
      "type": "Feature",
      "properties": {
        "id": "anac_ctr_sant",
        "name": "CTR TUCUMÁN",
        "categoryId": "controlled_airspace",
        "latitude": -26.8267527882826,
        "longitude": -65.09805555555549,
        "radiusMeters": 12985.311192857376,
        "allowedPermissionIds": [
          "authorized_commercial",
          "special_permit"
        ],
        "details": "CTR Aeropuerto Tucumán (SANT). Clase D.",
        "source": "ANAC AIP",
        "lowerLimitMetersAgl": 0.0,
        "upperLimitMetersMsl": 1676.4
      },
      "geometry": {
        "type": "Polygon",
        "coordinates": [
          [
            [
              -65.09805555555556,
              -26.710356391453143
            ],
            [
              -65.09691660970276,
              -26.71036082621146
            ],
            [
              -65.09577775031852,
              -26.710374130149724
            ],
            [
              -65.09463906386492,
              -26.710396302257895
            ],
            [
              -65.09350063679096,
              -26.710427340852664
            ],
            [
              -65.09236255552617,
              -26.710467243577572
            ],
            [
              -65.09122490647411,
              -26.71051600740318
            ],
            [
              -65.09008777600582,
              -26.71057362862733
            ],
            [
              -65.08895125045319,
              -26.710640102875374
            ],
            [
              -65.08781541610279,
              -26.710715425100545
            ],
            [
              -65.08668035918907,
              -26.710799589584315
            ],
            [
              -65.0855461658881,
              -26.710892589936833
            ],
            [
              -65.084412922311,
              -26.710994419097407
            ],
            [
              -65.08328071449722,
              -26.711105069335023
            ],
            [
              -65.08214962840862,
              -26.711224532248945
            ],
            [
              -65.08101974992235,
              -26.71135279876933
            ],
            [
              -65.07989116482503,
              -26.71148985915792
            ],
            [
              -65.07876395880572,
              -26.711635703008774
            ],
            [
              -65.07763821744993,
              -26.71179031924905
            ],
            [
              -65.07651402623281,
              -26.711953696139833
            ],
            [
              -65.07539147051295,
              -26.71212582127703
            ],
            [
              -65.07427063552603,
              -26.71230668159229
            ],
            [
              -65.07315160637808,
              -26.712496263353987
            ],
            [
              -65.0720344680393,
              -26.71269455216827
            ],
            [
              -65.07091930533772,
              -26.712901532980137
            ],
            [
              -65.06980620295275,
              -26.713117190074556
            ],
            [
              -65.06869524540855,
              -26.71334150707766
            ],
            [
              -65.06758651706815,
              -26.71357446695798
            ],
            [
              -65.06648010212666,
              -26.71381605202772
            ],
            [
              -65.0653760846053,
              -26.714066243944092
            ],
            [
              -65.06427454834477,
              -26.714325023710696
            ],
            [
              -65.06317557699901,
              -26.714592371678947
            ],
            [
              -65.06207925402907,
              -26.714868267549562
            ],
            [
              -65.06098566269657,
              -26.715152690374065
            ],
            [
              -65.05989488605763,
              -26.715445618556398
            ],
            [
              -65.05880700695656,
              -26.715747029854523
            ],
            [
              -65.05772210801956,
              -26.716056901382093
            ],
            [
              -65.05664027164858,
              -26.716375209610185
            ],
            [
              -65.05556158001491,
              -26.716701930369076
            ],
            [
              -65.0544861150533,
              -26.71703703885005
            ],
            [
              -65.05341395845562,
              -26.717380509607274
            ],
            [
              -65.05234519166464,
              -26.717732316559704
            ],
            [
              -65.05127989586794,
              -26.718092432993053
            ],
            [
              -65.05021815199188,
              -26.71846083156181
            ],
            [
              -65.04916004069543,
              -26.71883748429128
            ],
            [
              -65.04810564236396,
              -26.719222362579725
            ],
            [
              -65.04705503710346,
              -26.71961543720047
            ],
            [
              -65.04600830473419,
              -26.720016678304134
            ],
            [
              -65.04496552478486,
              -26.720426055420884
            ],
            [
              -65.04392677648667,
              -26.7208435374627
            ],
            [
              -65.04289213876706,
              -26.721269092725738
            ],
            [
              -65.0418616902441,
              -26.721702688892723
            ],
            [
              -65.04083550922019,
              -26.722144293035356
            ],
            [
              -65.03981367367658,
              -26.722593871616816
            ],
            [
              -65.03879626126701,
              -26.723051390494287
            ],
            [
              -65.03778334931224,
              -26.72351681492151
            ],
            [
              -65.03677501479393,
              -26.723990109551416
            ],
            [
              -65.03577133434908,
              -26.72447123843879
            ],
            [
              -65.03477238426404,
              -26.72496016504297
            ],
            [
              -65.03377824046879,
              -26.725456852230604
            ],
            [
              -65.03278897853124,
              -26.725961262278446
            ],
            [
              -65.03180467365144,
              -26.7264733568762
            ],
            [
              -65.03082540065606,
              -26.726993097129398
            ],
            [
              -65.02985123399259,
              -26.72752044356235
            ],
            [
              -65.02888224772374,
              -26.728055356121107
            ],
            [
              -65.02791851552178,
              -26.728597794176466
            ],
            [
              -65.02696011066314,
              -26.729147716527056
            ],
            [
              -65.02600710602269,
              -26.729705081402425
            ],
            [
              -65.02505957406828,
              -26.730269846466197
            ],
            [
              -65.02411758685531,
              -26.730841968819266
            ],
            [
              -65.02318121602116,
              -26.731421405003022
            ],
            [
              -65.02225053277994,
              -26.73200811100263
            ],
            [
              -65.02132560791676,
              -26.732602042250342
            ],
            [
              -65.02040651178294,
              -26.733203153628878
            ],
            [
              -65.01949331429006,
              -26.733811399474796
            ],
            [
              -65.018586084905,
              -26.734426733581962
            ],
            [
              -65.0176848926447,
              -26.73504910920502
            ],
            [
              -65.01678980607062,
              -26.735678479062926
            ],
            [
              -65.01590089328403,
              -26.736314795342498
            ],
            [
              -65.01501822192034,
              -26.73695800970205
            ],
            [
              -65.01414185914433,
              -26.73760807327501
            ],
            [
              -65.01327187164486,
              -26.738264936673612
            ],
            [
              -65.01240832562979,
              -26.738928549992643
            ],
            [
              -65.01155128682126,
              -26.739598862813168
            ],
            [
              -65.0107008204501,
              -26.74027582420639
            ],
            [
              -65.00985699125158,
              -26.74095938273743
            ],
            [
              -65.00901986346003,
              -26.741649486469253
            ],
            [
              -65.00818950080395,
              -26.742346082966574
            ],
            [
              -65.00736596650137,
              -26.743049119299805
            ],
            [
              -65.00654932325506,
              -26.74375854204906
            ],
            [
              -65.00573963324752,
              -26.744474297308198
            ],
            [
              -65.0049369581364,
              -26.745196330688863
            ],
            [
              -65.00414135904987,
              -26.745924587324616
            ],
            [
              -65.00335289658182,
              -26.74665901187506
            ],
            [
              -65.00257163078732,
              -26.747399548530037
            ],
            [
              -65.00179762117801,
              -26.748146141013812
            ],
            [
              -65.00103092671759,
              -26.748898732589364
            ],
            [
              -65.00027160581749,
              -26.749657266062634
            ],
            [
              -64.99951971633186,
              -26.750421683786854
            ],
            [
              -64.99877531555398,
              -26.75119192766692
            ],
            [
              -64.99803846021115,
              -26.751967939163755
            ],
            [
              -64.99730920646078,
              -26.75274965929874
            ],
            [
              -64.99658760988592,
              -26.75353702865818
            ],
            [
              -64.9958737254911,
              -26.75432998739778
            ],
            [
              -64.99516760769814,
              -26.75512847524717
            ],
            [
              -64.99446931034186,
              -26.75593243151446
            ],
            [
              -64.99377888666606,
              -26.756741795090832
            ],
            [
              -64.99309638931948,
              -26.757556504455152
            ],
            [
              -64.99242187035173,
              -26.758376497678622
            ],
            [
              -64.99175538120926,
              -26.759201712429455
            ],
            [
              -64.9910969727315,
              -26.760032085977606
            ],
            [
              -64.99044669514672,
              -26.76086755519949
            ],
            [
              -64.98980459806876,
              -26.761708056582776
            ],
            [
              -64.98917073049245,
              -26.76255352623118
            ],
            [
              -64.9885451407905,
              -26.763403899869285
            ],
            [
              -64.98792787670942,
              -26.76425911284744
            ],
            [
              -64.98731898536596,
              -26.765119100146602
            ],
            [
              -64.98671851324355,
              -26.76598379638328
            ],
            [
              -64.98612650618855,
              -26.766853135814493
            ],
            [
              -64.98554300940697,
              -26.767727052342728
            ],
            [
              -64.98496806746073,
              -26.768605479520925
            ],
            [
              -64.98440172426444,
              -26.769488350557545
            ],
            [
              -64.98384402308199,
              -26.770375598321586
            ],
            [
              -64.98329500652301,
              -26.77126715534769
            ],
            [
              -64.98275471653983,
              -26.77216295384125
            ],
            [
              -64.98222319442408,
              -26.773062925683508
            ],
            [
              -64.98170048080368,
              -26.773967002436756
            ],
            [
              -64.98118661563944,
              -26.7748751153495
            ],
            [
              -64.98068163822222,
              -26.775787195361648
            ],
            [
              -64.98018558716967,
              -26.776703173109773
            ],
            [
              -64.97969850042364,
              -26.777622978932342
            ],
            [
              -64.97922041524652,
              -26.778546542875002
            ],
            [
              -64.97875136821915,
              -26.77947379469588
            ],
            [
              -64.97829139523753,
              -26.78040466387089
            ],
            [
              -64.97784053151003,
              -26.781339079599103
            ],
            [
              -64.97739881155479,
              -26.782276970808088
            ],
            [
              -64.97696626919708,
              -26.78321826615931
            ],
            [
              -64.97654293756648,
              -26.78416289405353
            ],
            [
              -64.97612884909438,
              -26.78511078263624
            ],
            [
              -64.97572403551169,
              -26.786061859803098
            ],
            [
              -64.97532852784587,
              -26.787016053205402
            ],
            [
              -64.97494235641898,
              -26.787973290255586
            ],
            [
              -64.97456555084494,
              -26.788933498132693
            ],
            [
              -64.97419814002762,
              -26.789896603787938
            ],
            [
              -64.97384015215812,
              -26.790862533950204
            ],
            [
              -64.97349161471294,
              -26.79183121513164
            ],
            [
              -64.97315255445159,
              -26.792802573633217
            ],
            [
              -64.97282299741454,
              -26.7937765355503
            ],
            [
              -64.97250296892128,
              -26.794753026778295
            ],
            [
              -64.97219249356812,
              -26.795731973018245
            ],
            [
              -64.97189159522651,
              -26.79671329978248
            ],
            [
              -64.97160029704088,
              -26.797696932400253
            ],
            [
              -64.97131862142697,
              -26.79868279602344
            ],
            [
              -64.9710465900701,
              -26.79967081563218
            ],
            [
              -64.97078422392326,
              -26.800660916040606
            ],
            [
              -64.97053154320565,
              -26.80165302190254
            ],
            [
              -64.97028856740081,
              -26.802647057717206
            ],
            [
              -64.97005531525542,
              -26.803642947834984
            ],
            [
              -64.96983180477741,
              -26.804640616463132
            ],
            [
              -64.96961805323485,
              -26.80563998767155
            ],
            [
              -64.9694140771544,
              -26.80664098539858
            ],
            [
              -64.96921989231987,
              -26.807643533456726
            ],
            [
              -64.96903551377113,
              -26.80864755553849
            ],
            [
              -64.96886095580288,
              -26.809652975222154
            ],
            [
              -64.96869623196335,
              -26.81065971597759
            ],
            [
              -64.96854135505328,
              -26.811667701172066
            ],
            [
              -64.96839633712489,
              -26.812676854076095
            ],
            [
              -64.96826118948081,
              -26.81368709786924
            ],
            [
              -64.96813592267313,
              -26.814698355645977
            ],
            [
              -64.96802054650266,
              -26.81571055042153
            ],
            [
              -64.96791507001797,
              -26.816723605137746
            ],
            [
              -64.96781950151467,
              -26.81773744266891
            ],
            [
              -64.96773384853458,
              -26.818751985827667
            ],
            [
              -64.96765811786543,
              -26.819767157370848
            ],
            [
              -64.96759231553972,
              -26.820782880005382
            ],
            [
              -64.96753644683469,
              -26.821799076394154
            ],
            [
              -64.96749051627154,
              -26.822815669161898
            ],
            [
              -64.96745452761513,
              -26.823832580901087
            ],
            [
              -64.96742848387345,
              -26.82484973417781
            ],
            [
              -64.9674123872976,
              -26.825867051537703
            ],
            [
              -64.96740623938126,
              -26.826884455511802
            ],
            [
              -64.96741004086061,
              -26.827901868622465
            ],
            [
              -64.96742379171417,
              -26.828919213389266
            ],
            [
              -64.96744749116283,
              -26.829936412334902
            ],
            [
              -64.96748113766961,
              -26.830953387991084
            ],
            [
              -64.9675247289399,
              -26.831970062904443
            ],
            [
              -64.9675782619214,
              -26.832986359642423
            ],
            [
              -64.96764173280445,
              -26.834002200799187
            ],
            [
              -64.96771513702197,
              -26.83501750900153
            ],
            [
              -64.96779846924994,
              -26.836032206914748
            ],
            [
              -64.96789172340783,
              -26.83704621724853
            ],
            [
              -64.96799489265857,
              -26.838059462762885
            ],
            [
              -64.96810796940946,
              -26.83907186627399
            ],
            [
              -64.96823094531231,
              -26.840083350660098
            ],
            [
              -64.96836381126423,
              -26.841093838867412
            ],
            [
              -64.96850655740798,
              -26.842103253915948
            ],
            [
              -64.968659173133,
              -26.843111518905435
            ],
            [
              -64.96882164707586,
              -26.844118557021144
            ],
            [
              -64.96899396712115,
              -26.845124291539776
            ],
            [
              -64.96917612040232,
              -26.846128645835297
            ],
            [
              -64.96936809330259,
              -26.847131543384794
            ],
            [
              -64.96956987145575,
              -26.84813290777431
            ],
            [
              -64.96978143974746,
              -26.849132662704672
            ],
            [
              -64.97000278231621,
              -26.850130731997332
            ],
            [
              -64.97023388255423,
              -26.851127039600136
            ],
            [
              -64.97047472310913,
              -26.852121509593186
            ],
            [
              -64.97072528588455,
              -26.853114066194607
            ],
            [
              -64.97098555204218,
              -26.85410463376632
            ],
            [
              -64.97125550200246,
              -26.855093136819853
            ],
            [
              -64.97153511544639,
              -26.856079500022066
            ],
            [
              -64.97182437131681,
              -26.857063648200942
            ],
            [
              -64.97212324782015,
              -26.858045506351292
            ],
            [
              -64.97243172242776,
              -26.859024999640525
            ],
            [
              -64.97274977187766,
              -26.86000205341433
            ],
            [
              -64.97307737217642,
              -26.86097659320239
            ],
            [
              -64.9734144986005,
              -26.86194854472409
            ],
            [
              -64.97376112569862,
              -26.86291783389416
            ],
            [
              -64.97411722729305,
              -26.863884386828374
            ],
            [
              -64.97448277648192,
              -26.864848129849175
            ],
            [
              -64.9748577456412,
              -26.86580898949131
            ],
            [
              -64.97524210642644,
              -26.866766892507453
            ],
            [
              -64.97563582977517,
              -26.867721765873796
            ],
            [
              -64.97603888590896,
              -26.868673536795644
            ],
            [
              -64.97645124433552,
              -26.869622132712976
            ],
            [
              -64.97687287385111,
              -26.870567481306
            ],
            [
              -64.97730374254274,
              -26.871509510500665
            ],
            [
              -64.97774381779061,
              -26.872448148474206
            ],
            [
              -64.97819306627059,
              -26.873383323660615
            ],
            [
              -64.97865145395639,
              -26.874314964756127
            ],
            [
              -64.97911894612258,
              -26.875243000724673
            ],
            [
              -64.97959550734674,
              -26.876167360803322
            ],
            [
              -64.9800811015125,
              -26.87708797450769
            ],
            [
              -64.98057569181174,
              -26.87800477163733
            ],
            [
              -64.98107924074787,
              -26.878917682281127
            ],
            [
              -64.98159171013828,
              -26.87982663682263
            ],
            [
              -64.98211306111727,
              -26.88073156594539
            ],
            [
              -64.98264325413902,
              -26.881632400638267
            ],
            [
              -64.9831822489806,
              -26.882529072200725
            ],
            [
              -64.98373000474487,
              -26.883421512248066
            ],
            [
              -64.9842864798635,
              -26.88430965271671
            ],
            [
              -64.98485163210034,
              -26.88519342586936
            ],
            [
              -64.98542541855431,
              -26.886072764300238
            ],
            [
              -64.98600779566277,
              -26.88694760094022
            ],
            [
              -64.98659871920489,
              -26.887817869061987
            ],
            [
              -64.98719814430473,
              -26.88868350228513
            ],
            [
              -64.98780602543474,
              -26.889544434581246
            ],
            [
              -64.98842231641936,
              -26.890400600279
            ],
            [
              -64.98904697043815,
              -26.891251934069153
            ],
            [
              -64.9896799400297,
              -26.89209837100956
            ],
            [
              -64.99032117709487,
              -26.89293984653018
            ],
            [
              -64.9909706329006,
              -26.89377629643799
            ],
            [
              -64.99162825808367,
              -26.894607656921934
            ],
            [
              -64.99229400265415,
              -26.895433864557802
            ],
            [
              -64.99296781599963,
              -26.896254856313096
            ],
            [
              -64.99364964688846,
              -26.897070569551886
            ],
            [
              -64.99433944347408,
              -26.897880942039574
            ],
            [
              -64.99503715329882,
              -26.8986859119477
            ],
            [
              -64.9957427232979,
              -26.899485417858692
            ],
            [
              -64.99645609980314,
              -26.900279398770543
            ],
            [
              -64.99717722854768,
              -26.90106779410152
            ],
            [
              -64.99790605466944,
              -26.901850543694813
            ],
            [
              -64.99864252271556,
              -26.90262758782314
            ],
            [
              -64.99938657664666,
              -26.903398867193335
            ],
            [
              -65.00013815984101,
              -26.904164322950905
            ],
            [
              -65.00089721509892,
              -26.904923896684544
            ],
            [
              -65.00166368464676,
              -26.90567753043061
            ],
            [
              -65.00243751014193,
              -26.906425166677604
            ],
            [
              -65.00321863267669,
              -26.907166748370546
            ],
            [
              -65.00400699278305,
              -26.907902218915385
            ],
            [
              -65.00480253043719,
              -26.908631522183338
            ],
            [
              -65.00560518506381,
              -26.909354602515197
            ],
            [
              -65.00641489554113,
              -26.91007140472561
            ],
            [
              -65.00723160020522,
              -26.91078187410731
            ],
            [
              -65.00805523685483,
              -26.91148595643534
            ],
            [
              -65.00888574275609,
              -26.912183597971193
            ],
            [
              -65.00972305464734,
              -26.912874745466954
            ],
            [
              -65.01056710874389,
              -26.9135593461694
            ],
            [
              -65.01141784074298,
              -26.91423734782403
            ],
            [
              -65.01227518582863,
              -26.914908698679106
            ],
            [
              -65.01313907867643,
              -26.915573347489623
            ],
            [
              -65.0140094534587,
              -26.916231243521228
            ],
            [
              -65.01488624384967,
              -26.916882336554153
            ],
            [
              -65.01576938303015,
              -26.91752657688706
            ],
            [
              -65.01665880369296,
              -26.91816391534084
            ],
            [
              -65.01755443804791,
              -26.91879430326245
            ],
            [
              -65.01845621782695,
              -26.919417692528597
            ],
            [
              -65.01936407428951,
              -26.920034035549467
            ],
            [
              -65.02027793822782,
              -26.920643285272373
            ],
            [
              -65.02119773997197,
              -26.921245395185398
            ],
            [
              -65.02212340939525,
              -26.921840319320935
            ],
            [
              -65.02305487591985,
              -26.922428012259257
            ],
            [
              -65.02399206852186,
              -26.92300842913198
            ],
            [
              -65.02493491573694,
              -26.923581525625544
            ],
            [
              -65.02588334566576,
              -26.924147257984604
            ],
            [
              -65.02683728597935,
              -26.924705583015406
            ],
            [
              -65.02779666392485,
              -26.925256458089095
            ],
            [
              -65.02876140633094,
              -26.925799841145018
            ],
            [
              -65.02973143961356,
              -26.926335690693936
            ],
            [
              -65.03070668978154,
              -26.926863965821237
            ],
            [
              -65.03168708244198,
              -26.927384626190076
            ],
            [
              -65.03267254280644,
              -26.927897632044484
            ],
            [
              -65.03366299569632,
              -26.928402944212415
            ],
            [
              -65.03465836554875,
              -26.92890052410878
            ],
            [
              -65.03565857642235,
              -26.9293903337384
            ],
            [
              -65.03666355200306,
              -26.929872335698946
            ],
            [
              -65.03767321561003,
              -26.9303464931838
            ],
            [
              -65.03868749020148,
              -26.930812769984914
            ],
            [
              -65.03970629838057,
              -26.931271130495585
            ],
            [
              -65.04072956240157,
              -26.93172153971317
            ],
            [
              -65.04175720417533,
              -26.932163963241837
            ],
            [
              -65.04278914527589,
              -26.93259836729517
            ],
            [
              -65.04382530694608,
              -26.93302471869878
            ],
            [
              -65.04486561010367,
              -26.93344298489287
            ],
            [
              -65.04590997534751,
              -26.93385313393474
            ],
            [
              -65.04695832296358,
              -26.93425513450123
            ],
            [
              -65.04801057293116,
              -26.934648955891166
            ],
            [
              -65.04906664492898,
              -26.935034568027685
            ],
            [
              -65.05012645834125,
              -26.935411941460593
            ],
            [
              -65.05118993226404,
              -26.935781047368593
            ],
            [
              -65.05225698551146,
              -26.936141857561537
            ],
            [
              -65.05332753662185,
              -26.936494344482583
            ],
            [
              -65.05440150386397,
              -26.936838481210316
            ],
            [
              -65.05547880524364,
              -26.937174241460834
            ],
            [
              -65.05655935850956,
              -26.937501599589766
            ],
            [
              -65.05764308115994,
              -26.93782053059424
            ],
            [
              -65.05872989044883,
              -26.938131010114827
            ],
            [
              -65.0598197033924,
              -26.938433014437408
            ],
            [
              -65.06091243677537,
              -26.938726520494985
            ],
            [
              -65.06200800715737,
              -26.939011505869498
            ],
            [
              -65.06310633087958,
              -26.939287948793524
            ],
            [
              -65.06420732407076,
              -26.939555828151956
            ],
            [
              -65.06531090265406,
              -26.93981512348363
            ],
            [
              -65.06641698235342,
              -26.940065814982923
            ],
            [
              -65.06752547869985,
              -26.94030788350125
            ],
            [
              -65.06863630703833,
              -26.94054131054856
            ],
            [
              -65.06974938253393,
              -26.940766078294754
            ],
            [
              -65.07086462017855,
              -26.940982169571058
            ],
            [
              -65.07198193479746,
              -26.941189567871348
            ],
            [
              -65.07310124105584,
              -26.941388257353417
            ],
            [
              -65.07422245346538,
              -26.94157822284022
            ],
            [
              -65.07534548639069,
              -26.94175944982101
            ],
            [
              -65.07647025405629,
              -26.94193192445248
            ],
            [
              -65.07759667055268,
              -26.942095633559806
            ],
            [
              -65.07872464984348,
              -26.94225056463771
            ],
            [
              -65.07985410577169,
              -26.94239670585137
            ],
            [
              -65.08098495206667,
              -26.942534046037352
            ],
            [
              -65.08211710235037,
              -26.942662574704496
            ],
            [
              -65.08325047014432,
              -26.94278228203469
            ],
            [
              -65.08438496887618,
              -26.94289315888363
            ],
            [
              -65.08552051188644,
              -26.942995196781567
            ],
            [
              -65.08665701243501,
              -26.943088387933887
            ],
            [
              -65.08779438370806,
              -26.94317272522179
            ],
            [
              -65.08893253882457,
              -26.943248202202778
            ],
            [
              -65.09007139084304,
              -26.94331481311118
            ],
            [
              -65.09121085276837,
              -26.943372552858612
            ],
            [
              -65.09235083755834,
              -26.943421417034315
            ],
            [
              -65.09349125813048,
              -26.943461401905555
            ],
            [
              -65.09463202736868,
              -26.943492504417886
            ],
            [
              -65.09577305812991,
              -26.94351472219537
            ],
            [
              -65.09691426325105,
              -26.94352805354079
            ],
            [
              -65.09805555555556,
              -26.94353249743575
            ],
            [
              -65.09919684786001,
              -26.94352805354079
            ],
            [
              -65.10033805298116,
              -26.94351472219537
            ],
            [
              -65.10147908374239,
              -26.943492504417886
            ],
            [
              -65.10261985298058,
              -26.943461401905555
            ],
            [
              -65.10376027355272,
              -26.943421417034315
            ],
            [
              -65.1049002583427,
              -26.943372552858612
            ],
            [
              -65.10603972026809,
              -26.94331481311118
            ],
            [
              -65.10717857228656,
              -26.943248202202778
            ],
            [
              -65.10831672740301,
              -26.94317272522179
            ],
            [
              -65.10945409867605,
              -26.943088387933887
            ],
            [
              -65.11059059922462,
              -26.942995196781567
            ],
            [
              -65.11172614223489,
              -26.94289315888363
            ],
            [
              -65.11286064096674,
              -26.94278228203469
            ],
            [
              -65.1139940087607,
              -26.942662574704496
            ],
            [
              -65.1151261590444,
              -26.942534046037352
            ],
            [
              -65.11625700533938,
              -26.94239670585137
            ],
            [
              -65.11738646126764,
              -26.94225056463771
            ],
            [
              -65.11851444055844,
              -26.942095633559806
            ],
            [
              -65.11964085705483,
              -26.94193192445248
            ],
            [
              -65.12076562472038,
              -26.94175944982101
            ],
            [
              -65.12188865764574,
              -26.94157822284022
            ],
            [
              -65.12300987005523,
              -26.941388257353417
            ],
            [
              -65.12412917631366,
              -26.941189567871348
            ],
            [
              -65.12524649093257,
              -26.940982169571058
            ],
            [
              -65.1263617285772,
              -26.940766078294754
            ],
            [
              -65.12747480407279,
              -26.94054131054856
            ],
            [
              -65.12858563241122,
              -26.94030788350125
            ],
            [
              -65.1296941287577,
              -26.940065814982923
            ],
            [
              -65.130800208457,
              -26.93981512348363
            ],
            [
              -65.1319037870403,
              -26.939555828151956
            ],
            [
              -65.13300478023149,
              -26.939287948793524
            ],
            [
              -65.13410310395369,
              -26.939011505869498
            ],
            [
              -65.13519867433575,
              -26.938726520494985
            ],
            [
              -65.13629140771872,
              -26.938433014437408
            ],
            [
              -65.13738122066229,
              -26.938131010114827
            ],
            [
              -65.13846802995113,
              -26.93782053059424
            ],
            [
              -65.1395517526015,
              -26.937501599589766
            ],
            [
              -65.14063230586743,
              -26.937174241460834
            ],
            [
              -65.1417096072471,
              -26.936838481210316
            ],
            [
              -65.14278357448927,
              -26.936494344482583
            ],
            [
              -65.14385412559966,
              -26.936141857561537
            ],
            [
              -65.14492117884703,
              -26.935781047368593
            ],
            [
              -65.14598465276981,
              -26.935411941460593
            ],
            [
              -65.14704446618208,
              -26.935034568027685
            ],
            [
              -65.1481005381799,
              -26.934648955891166
            ],
            [
              -65.14915278814749,
              -26.93425513450123
            ],
            [
              -65.15020113576361,
              -26.93385313393474
            ],
            [
              -65.15124550100745,
              -26.93344298489287
            ],
            [
              -65.15228580416499,
              -26.93302471869878
            ],
            [
              -65.15332196583518,
              -26.93259836729517
            ],
            [
              -65.15435390693574,
              -26.932163963241837
            ],
            [
              -65.15538154870956,
              -26.93172153971317
            ],
            [
              -65.1564048127305,
              -26.931271130495585
            ],
            [
              -65.15742362090964,
              -26.930812769984914
            ],
            [
              -65.15843789550104,
              -26.9303464931838
            ],
            [
              -65.159447559108,
              -26.929872335698946
            ],
            [
              -65.16045253468872,
              -26.9293903337384
            ],
            [
              -65.16145274556231,
              -26.92890052410878
            ],
            [
              -65.16244811541475,
              -26.928402944212415
            ],
            [
              -65.16343856830463,
              -26.927897632044484
            ],
            [
              -65.16442402866909,
              -26.927384626190076
            ],
            [
              -65.16540442132958,
              -26.926863965821237
            ],
            [
              -65.16637967149751,
              -26.926335690693936
            ],
            [
              -65.16734970478018,
              -26.925799841145018
            ],
            [
              -65.16831444718628,
              -26.925256458089095
            ],
            [
              -65.16927382513177,
              -26.924705583015406
            ],
            [
              -65.17022776544536,
              -26.924147257984604
            ],
            [
              -65.17117619537413,
              -26.923581525625544
            ],
            [
              -65.1721190425892,
              -26.92300842913198
            ],
            [
              -65.17305623519121,
              -26.922428012259257
            ],
            [
              -65.17398770171582,
              -26.921840319320935
            ],
            [
              -65.17491337113916,
              -26.921245395185398
            ],
            [
              -65.17583317288324,
              -26.920643285272373
            ],
            [
              -65.17674703682155,
              -26.920034035549467
            ],
            [
              -65.17765489328417,
              -26.919417692528597
            ],
            [
              -65.17855667306321,
              -26.91879430326245
            ],
            [
              -65.1794523074181,
              -26.91816391534084
            ],
            [
              -65.18034172808092,
              -26.91752657688706
            ],
            [
              -65.18122486726139,
              -26.916882336554153
            ],
            [
              -65.18210165765237,
              -26.916231243521228
            ],
            [
              -65.18297203243469,
              -26.915573347489623
            ],
            [
              -65.18383592528244,
              -26.914908698679106
            ],
            [
              -65.18469327036809,
              -26.91423734782403
            ],
            [
              -65.18554400236718,
              -26.9135593461694
            ],
            [
              -65.18638805646378,
              -26.912874745466954
            ],
            [
              -65.18722536835503,
              -26.912183597971193
            ],
            [
              -65.18805587425629,
              -26.91148595643534
            ],
            [
              -65.18887951090585,
              -26.91078187410731
            ],
            [
              -65.18969621556994,
              -26.91007140472561
            ],
            [
              -65.19050592604731,
              -26.909354602515197
            ],
            [
              -65.19130858067393,
              -26.908631522183338
            ],
            [
              -65.19210411832802,
              -26.907902218915385
            ],
            [
              -65.19289247843437,
              -26.907166748370546
            ],
            [
              -65.19367360096919,
              -26.906425166677604
            ],
            [
              -65.19444742646431,
              -26.90567753043061
            ],
            [
              -65.1952138960122,
              -26.904923896684544
            ],
            [
              -65.19597295127005,
              -26.904164322950905
            ],
            [
              -65.19672453446441,
              -26.903398867193335
            ],
            [
              -65.19746858839551,
              -26.90262758782314
            ],
            [
              -65.19820505644168,
              -26.901850543694813
            ],
            [
              -65.19893388256338,
              -26.90106779410152
            ],
            [
              -65.19965501130793,
              -26.900279398770543
            ],
            [
              -65.20036838781323,
              -26.899485417858692
            ],
            [
              -65.20107395781224,
              -26.8986859119477
            ],
            [
              -65.20177166763699,
              -26.897880942039574
            ],
            [
              -65.20246146422267,
              -26.897070569551886
            ],
            [
              -65.20314329511149,
              -26.896254856313096
            ],
            [
              -65.20381710845692,
              -26.895433864557802
            ],
            [
              -65.20448285302746,
              -26.894607656921934
            ],
            [
              -65.20514047821052,
              -26.89377629643799
            ],
            [
              -65.20578993401625,
              -26.89293984653018
            ],
            [
              -65.20643117108142,
              -26.89209837100956
            ],
            [
              -65.20706414067291,
              -26.891251934069153
            ],
            [
              -65.20768879469176,
              -26.890400600279
            ],
            [
              -65.20830508567633,
              -26.889544434581246
            ],
            [
              -65.2089129668064,
              -26.88868350228513
            ],
            [
              -65.20951239190617,
              -26.887817869061987
            ],
            [
              -65.2101033154483,
              -26.88694760094022
            ],
            [
              -65.21068569255681,
              -26.886072764300238
            ],
            [
              -65.21125947901078,
              -26.88519342586936
            ],
            [
              -65.21182463124762,
              -26.88430965271671
            ],
            [
              -65.21238110636625,
              -26.883421512248066
            ],
            [
              -65.21292886213047,
              -26.882529072200725
            ],
            [
              -65.21346785697204,
              -26.881632400638267
            ],
            [
              -65.21399804999385,
              -26.88073156594539
            ],
            [
              -65.21451940097279,
              -26.87982663682263
            ],
            [
              -65.21503187036319,
              -26.878917682281127
            ],
            [
              -65.21553541929933,
              -26.87800477163733
            ],
            [
              -65.21603000959857,
              -26.87708797450769
            ],
            [
              -65.21651560376432,
              -26.876167360803322
            ],
            [
              -65.21699216498848,
              -26.875243000724673
            ],
            [
              -65.21745965715468,
              -26.874314964756127
            ],
            [
              -65.21791804484053,
              -26.873383323660615
            ],
            [
              -65.21836729332045,
              -26.872448148474206
            ],
            [
              -65.21880736856832,
              -26.871509510500665
            ],
            [
              -65.21923823725996,
              -26.870567481306
            ],
            [
              -65.21965986677554,
              -26.869622132712976
            ],
            [
              -65.2200722252021,
              -26.868673536795644
            ],
            [
              -65.2204752813359,
              -26.867721765873796
            ],
            [
              -65.22086900468469,
              -26.866766892507453
            ],
            [
              -65.22125336546992,
              -26.86580898949131
            ],
            [
              -65.22162833462914,
              -26.864848129849175
            ],
            [
              -65.22199388381807,
              -26.863884386828374
            ],
            [
              -65.22234998541245,
              -26.86291783389416
            ],
            [
              -65.22269661251056,
              -26.86194854472409
            ],
            [
              -65.22303373893465,
              -26.86097659320239
            ],
            [
              -65.2233613392334,
              -26.86000205341433
            ],
            [
              -65.22367938868331,
              -26.859024999640525
            ],
            [
              -65.22398786329097,
              -26.858045506351292
            ],
            [
              -65.22428673979425,
              -26.857063648200942
            ],
            [
              -65.22457599566474,
              -26.856079500022066
            ],
            [
              -65.2248556091086,
              -26.855093136819853
            ],
            [
              -65.22512555906889,
              -26.85410463376632
            ],
            [
              -65.22538582522651,
              -26.853114066194607
            ],
            [
              -65.22563638800199,
              -26.852121509593186
            ],
            [
              -65.22587722855684,
              -26.851127039600136
            ],
            [
              -65.22610832879491,
              -26.850130731997332
            ],
            [
              -65.2263296713636,
              -26.849132662704672
            ],
            [
              -65.22654123965538,
              -26.84813290777431
            ],
            [
              -65.22674301780853,
              -26.847131543384794
            ],
            [
              -65.22693499070874,
              -26.846128645835297
            ],
            [
              -65.22711714398991,
              -26.845124291539776
            ],
            [
              -65.22728946403527,
              -26.844118557021144
            ],
            [
              -65.22745193797812,
              -26.843111518905435
            ],
            [
              -65.22760455370315,
              -26.842103253915948
            ],
            [
              -65.2277472998469,
              -26.841093838867412
            ],
            [
              -65.22788016579875,
              -26.840083350660098
            ],
            [
              -65.2280031417016,
              -26.83907186627399
            ],
            [
              -65.2281162184525,
              -26.838059462762885
            ],
            [
              -65.22821938770323,
              -26.83704621724853
            ],
            [
              -65.22831264186112,
              -26.836032206914748
            ],
            [
              -65.22839597408915,
              -26.83501750900153
            ],
            [
              -65.22846937830667,
              -26.834002200799187
            ],
            [
              -65.22853284918966,
              -26.832986359642423
            ],
            [
              -65.22858638217116,
              -26.831970062904443
            ],
            [
              -65.22862997344146,
              -26.830953387991084
            ],
            [
              -65.22866361994824,
              -26.829936412334902
            ],
            [
              -65.2286873193969,
              -26.828919213389266
            ],
            [
              -65.22870107025051,
              -26.827901868622465
            ],
            [
              -65.22870487172986,
              -26.826884455511802
            ],
            [
              -65.22869872381352,
              -26.825867051537703
            ],
            [
              -65.22868262723762,
              -26.82484973417781
            ],
            [
              -65.22865658349599,
              -26.823832580901087
            ],
            [
              -65.22862059483953,
              -26.822815669161898
            ],
            [
              -65.22857466427638,
              -26.821799076394154
            ],
            [
              -65.2285187955714,
              -26.820782880005382
            ],
            [
              -65.2284529932457,
              -26.819767157370848
            ],
            [
              -65.22837726257649,
              -26.818751985827667
            ],
            [
              -65.22829160959645,
              -26.81773744266891
            ],
            [
              -65.22819604109316,
              -26.816723605137746
            ],
            [
              -65.22809056460846,
              -26.81571055042153
            ],
            [
              -65.227975188438,
              -26.814698355645977
            ],
            [
              -65.22784992163031,
              -26.81368709786924
            ],
            [
              -65.22771477398618,
              -26.812676854076095
            ],
            [
              -65.22756975605779,
              -26.811667701172066
            ],
            [
              -65.22741487914772,
              -26.81065971597759
            ],
            [
              -65.22725015530818,
              -26.809652975222154
            ],
            [
              -65.22707559733993,
              -26.80864755553849
            ],
            [
              -65.22689121879125,
              -26.807643533456726
            ],
            [
              -65.22669703395673,
              -26.80664098539858
            ],
            [
              -65.22649305787621,
              -26.80563998767155
            ],
            [
              -65.22627930633365,
              -26.80464061646313
            ],
            [
              -65.2260557958557,
              -26.803642947834984
            ],
            [
              -65.22582254371025,
              -26.802647057717206
            ],
            [
              -65.22557956790541,
              -26.80165302190254
            ],
            [
              -65.2253268871878,
              -26.800660916040606
            ],
            [
              -65.22506452104096,
              -26.79967081563218
            ],
            [
              -65.22479248968409,
              -26.79868279602344
            ],
            [
              -65.22451081407019,
              -26.797696932400253
            ],
            [
              -65.22421951588456,
              -26.79671329978248
            ],
            [
              -65.22391861754295,
              -26.795731973018245
            ],
            [
              -65.22360814218985,
              -26.794753026778295
            ],
            [
              -65.22328811369653,
              -26.7937765355503
            ],
            [
              -65.22295855665953,
              -26.792802573633217
            ],
            [
              -65.22261949639812,
              -26.79183121513164
            ],
            [
              -65.22227095895295,
              -26.790862533950204
            ],
            [
              -65.2219129710835,
              -26.789896603787938
            ],
            [
              -65.22154556026612,
              -26.788933498132693
            ],
            [
              -65.22116875469214,
              -26.787973290255586
            ],
            [
              -65.22078258326519,
              -26.787016053205402
            ],
            [
              -65.22038707559938,
              -26.786061859803098
            ],
            [
              -65.21998226201669,
              -26.78511078263624
            ],
            [
              -65.21956817354464,
              -26.78416289405353
            ],
            [
              -65.21914484191399,
              -26.78321826615931
            ],
            [
              -65.21871229955627,
              -26.782276970808088
            ],
            [
              -65.21827057960104,
              -26.781339079599103
            ],
            [
              -65.21781971587353,
              -26.78040466387089
            ],
            [
              -65.21735974289192,
              -26.77947379469588
            ],
            [
              -65.21689069586455,
              -26.778546542875002
            ],
            [
              -65.21641261068748,
              -26.777622978932342
            ],
            [
              -65.2159255239414,
              -26.776703173109773
            ],
            [
              -65.2154294728889,
              -26.775787195361648
            ],
            [
              -65.21492449547168,
              -26.7748751153495
            ],
            [
              -65.21441063030738,
              -26.773967002436756
            ],
            [
              -65.21388791668699,
              -26.773062925683508
            ],
            [
              -65.21335639457129,
              -26.77216295384125
            ],
            [
              -65.21281610458806,
              -26.77126715534769
            ],
            [
              -65.21226708802908,
              -26.770375598321586
            ],
            [
              -65.21170938684662,
              -26.769488350557545
            ],
            [
              -65.2111430436504,
              -26.768605479520925
            ],
            [
              -65.21056810170415,
              -26.767727052342728
            ],
            [
              -65.20998460492251,
              -26.766853135814493
            ],
            [
              -65.20939259786758,
              -26.76598379638328
            ],
            [
              -65.2087921257451,
              -26.765119100146602
            ],
            [
              -65.20818323440164,
              -26.76425911284744
            ],
            [
              -65.20756597032056,
              -26.763403899869285
            ],
            [
              -65.20694038061862,
              -26.76255352623118
            ],
            [
              -65.2063065130423,
              -26.761708056582776
            ],
            [
              -65.20566441596435,
              -26.76086755519949
            ],
            [
              -65.20501413837962,
              -26.760032085977606
            ],
            [
              -65.2043557299018,
              -26.759201712429455
            ],
            [
              -65.20368924075933,
              -26.758376497678622
            ],
            [
              -65.20301472179159,
              -26.757556504455152
            ],
            [
              -65.20233222444506,
              -26.756741795090832
            ],
            [
              -65.20164180076927,
              -26.75593243151446
            ],
            [
              -65.20094350341299,
              -26.75512847524717
            ],
            [
              -65.20023738561997,
              -26.75432998739778
            ],
            [
              -65.19952350122514,
              -26.75353702865818
            ],
            [
              -65.19880190465028,
              -26.75274965929874
            ],
            [
              -65.19807265089992,
              -26.751967939163755
            ],
            [
              -65.19733579555708,
              -26.75119192766692
            ],
            [
              -65.1965913947792,
              -26.750421683786854
            ],
            [
              -65.19583950529363,
              -26.749657266062634
            ],
            [
              -65.19508018439348,
              -26.748898732589364
            ],
            [
              -65.19431348993305,
              -26.748146141013812
            ],
            [
              -65.1935394803238,
              -26.747399548530037
            ],
            [
              -65.19275821452925,
              -26.74665901187506
            ],
            [
              -65.1919697520612,
              -26.745924587324616
            ],
            [
              -65.19117415297467,
              -26.745196330688863
            ],
            [
              -65.19037147786355,
              -26.744474297308198
            ],
            [
              -65.18956178785601,
              -26.74375854204906
            ],
            [
              -65.1887451446097,
              -26.743049119299805
            ],
            [
              -65.18792161030717,
              -26.742346082966574
            ],
            [
              -65.1870912476511,
              -26.741649486469253
            ],
            [
              -65.18625411985948,
              -26.74095938273743
            ],
            [
              -65.18541029066097,
              -26.74027582420639
            ],
            [
              -65.18455982428986,
              -26.739598862813168
            ],
            [
              -65.18370278548127,
              -26.738928549992643
            ],
            [
              -65.18283923946626,
              -26.738264936673612
            ],
            [
              -65.18196925196673,
              -26.73760807327501
            ],
            [
              -65.18109288919072,
              -26.73695800970205
            ],
            [
              -65.18021021782704,
              -26.736314795342498
            ],
            [
              -65.17932130504045,
              -26.735678479062926
            ],
            [
              -65.17842621846637,
              -26.73504910920502
            ],
            [
              -65.17752502620607,
              -26.734426733581962
            ],
            [
              -65.176617796821,
              -26.733811399474796
            ],
            [
              -65.17570459932813,
              -26.733203153628878
            ],
            [
              -65.1747855031943,
              -26.732602042250342
            ],
            [
              -65.17386057833119,
              -26.73200811100263
            ],
            [
              -65.17292989508991,
              -26.731421405003022
            ],
            [
              -65.17199352425575,
              -26.730841968819266
            ],
            [
              -65.17105153704279,
              -26.730269846466197
            ],
            [
              -65.17010400508838,
              -26.729705081402425
            ],
            [
              -65.16915100044793,
              -26.729147716527056
            ],
            [
              -65.16819259558929,
              -26.728597794176466
            ],
            [
              -65.16722886338732,
              -26.728055356121107
            ],
            [
              -65.16625987711848,
              -26.72752044356235
            ],
            [
              -65.16528571045501,
              -26.726993097129398
            ],
            [
              -65.16430643745963,
              -26.7264733568762
            ],
            [
              -65.16332213257988,
              -26.725961262278446
            ],
            [
              -65.16233287064227,
              -26.725456852230604
            ],
            [
              -65.16133872684702,
              -26.72496016504297
            ],
            [
              -65.16033977676199,
              -26.72447123843879
            ],
            [
              -65.15933609631713,
              -26.723990109551416
            ],
            [
              -65.15832776179889,
              -26.72351681492151
            ],
            [
              -65.15731484984411,
              -26.723051390494287
            ],
            [
              -65.15629743743455,
              -26.722593871616816
            ],
            [
              -65.15527560189088,
              -26.722144293035356
            ],
            [
              -65.15424942086702,
              -26.721702688892723
            ],
            [
              -65.153218972344,
              -26.721269092725738
            ],
            [
              -65.1521843346244,
              -26.7208435374627
            ],
            [
              -65.15114558632621,
              -26.720426055420884
            ],
            [
              -65.15010280637694,
              -26.720016678304134
            ],
            [
              -65.14905607400766,
              -26.71961543720047
            ],
            [
              -65.1480054687471,
              -26.719222362579725
            ],
            [
              -65.14695107041564,
              -26.71883748429128
            ],
            [
              -65.14589295911918,
              -26.71846083156181
            ],
            [
              -65.14483121524313,
              -26.718092432993053
            ],
            [
              -65.14376591944648,
              -26.717732316559704
            ],
            [
              -65.14269715265544,
              -26.717380509607274
            ],
            [
              -65.14162499605777,
              -26.71703703885005
            ],
            [
              -65.14054953109621,
              -26.716701930369076
            ],
            [
              -65.13947083946255,
              -26.716375209610185
            ],
            [
              -65.1383890030915,
              -26.716056901382093
            ],
            [
              -65.13730410415451,
              -26.715747029854523
            ],
            [
              -65.13621622505343,
              -26.715445618556398
            ],
            [
              -65.13512544841456,
              -26.715152690374065
            ],
            [
              -65.13403185708205,
              -26.714868267549562
            ],
            [
              -65.13293553411205,
              -26.714592371678947
            ],
            [
              -65.1318365627663,
              -26.714325023710696
            ],
            [
              -65.13073502650576,
              -26.714066243944092
            ],
            [
              -65.1296310089844,
              -26.71381605202772
            ],
            [
              -65.12852459404291,
              -26.71357446695798
            ],
            [
              -65.12741586570252,
              -26.71334150707766
            ],
            [
              -65.12630490815837,
              -26.713117190074556
            ],
            [
              -65.12519180577334,
              -26.712901532980137
            ],
            [
              -65.12407664307176,
              -26.71269455216827
            ],
            [
              -65.12295950473299,
              -26.712496263353987
            ],
            [
              -65.12184047558503,
              -26.71230668159229
            ],
            [
              -65.12071964059811,
              -26.71212582127703
            ],
            [
              -65.11959708487825,
              -26.711953696139833
            ],
            [
              -65.11847289366119,
              -26.71179031924905
            ],
            [
              -65.11734715230534,
              -26.711635703008774
            ],
            [
              -65.11621994628604,
              -26.71148985915792
            ],
            [
              -65.11509136118872,
              -26.71135279876933
            ],
            [
              -65.1139614827025,
              -26.711224532248945
            ],
            [
              -65.11283039661384,
              -26.711105069335023
            ],
            [
              -65.11169818880012,
              -26.710994419097407
            ],
            [
              -65.11056494522296,
              -26.710892589936833
            ],
            [
              -65.10943075192199,
              -26.710799589584315
            ],
            [
              -65.10829569500834,
              -26.710715425100545
            ],
            [
              -65.10715986065793,
              -26.710640102875374
            ],
            [
              -65.1060233351053,
              -26.71057362862733
            ],
            [
              -65.10488620463695,
              -26.71051600740318
            ],
            [
              -65.1037485555849,
              -26.710467243577572
            ],
            [
              -65.10261047432016,
              -26.710427340852664
            ],
            [
              -65.10147204724615,
              -26.710396302257895
            ],
            [
              -65.10033336079255,
              -26.710374130149724
            ],
            [
              -65.0991945014083,
              -26.71036082621146
            ],
            [
              -65.09805555555556,
              -26.710356391453143
            ]
          ]
        ]
      }
    },
    {
      "type": "Feature",
      "properties": {
        "id": "anac_sar_01",
        "name": "SAR 01 Capital Federal",
        "categoryId": "restricted",
        "latitude": -34.36,
        "longitude": -58.40999999999999,
        "radiusMeters": 17765.699192153512,
        "allowedPermissionIds": [
          "special_permit"
        ],
        "details": "Zona Restringida SAR 01 Capital Federal. ENR 5.1. Restricción de vuelo sobre área urbana densamente poblada.",
        "source": "ANAC AIP",
        "lowerLimitMetersAgl": 0.0,
        "upperLimitMetersMsl": 182.88
      },
      "geometry": {
        "type": "Polygon",
        "coordinates": [
          [
            [
              -58.516666666666666,
              -34.3
            ],
            [
              -58.25,
              -34.3
            ],
            [
              -58.25,
              -34.45
            ],
            [
              -58.516666666666666,
              -34.45
            ],
            [
              -58.516666666666666,
              -34.3
            ]
          ]
        ]
      }
    }
  ]
}