{
  "type": "FeatureCollection",
  "name": "argentina_drone_zones",
  "version": "2026-06-03T03:58:17.454602Z",
  "features": [
    {
      "type": "Feature",
      "properties": {
        "id": "madhel_ACB",
        "name": "CORONEL BOGADO / AGROSERVICIOS - (ACB) - DRCE - PRIVADO NO CONTROLADO [** USO AGROAÉREO **]",
        "categoryId": "restricted",
        "radiusMeters": 2500.0,
        "allowedPermissionIds": [
          "authorized_commercial",
          "special_permit"
        ],
        "details": "Aeródromo registrado en MADHEL (ANAC), no controlado. Verifique NOTAMs/AIP y coordine según RAAC 100 antes de volar."
      },
      "geometry": {
        "type": "Point",
        "coordinates": [
          -60.57066,
          -33.27226
        ]
      }
    },
    {
      "type": "Feature",
      "properties": {
        "id": "madhel_ACH",
        "name": "GENERAL ACHA - (ACH / SAEA) - DRCE - PÚBLICO NO CONTROLADO",
        "categoryId": "restricted",
        "radiusMeters": 2500.0,
        "allowedPermissionIds": [
          "authorized_commercial",
          "special_permit"
        ],
        "details": "Aeródromo registrado en MADHEL (ANAC), no controlado. Verifique NOTAMs/AIP y coordine según RAAC 100 antes de volar."
      },
      "geometry": {
        "type": "Point",
        "coordinates": [
          -64.61351,
          -37.40164
        ]
      }
    },
    {
      "type": "Feature",
      "properties": {
        "id": "madhel_ACM",
        "name": "ARRECIFES / LA CURA MALAL - (ACM) - DRCE - PRIVADO NO CONTROLADO",
        "categoryId": "restricted",
        "radiusMeters": 2500.0,
        "allowedPermissionIds": [
          "authorized_commercial",
          "special_permit"
        ],
        "details": "Aeródromo registrado en MADHEL (ANAC), no controlado. Verifique NOTAMs/AIP y coordine según RAAC 100 antes de volar."
      },
      "geometry": {
        "type": "Point",
        "coordinates": [
          -60.1417,
          -34.07574
        ]
      }
    },
    {
      "type": "Feature",
      "properties": {
        "id": "madhel_ADN",
        "name": "LA BANDA / ALAS DEL NORTE - (ADN) - DRNO – PRIVADO NO CONTROLADO",
        "categoryId": "restricted",
        "radiusMeters": 2500.0,
        "allowedPermissionIds": [
          "authorized_commercial",
          "special_permit"
        ],
        "details": "Aeródromo registrado en MADHEL (ANAC), no controlado. Verifique NOTAMs/AIP y coordine según RAAC 100 antes de volar."
      },
      "geometry": {
        "type": "Point",
        "coordinates": [
          -64.16786111,
          -27.68927778
        ]
      }
    },
    {
      "type": "Feature",
      "properties": {
        "id": "madhel_ADO",
        "name": "PUERTO DESEADO - (ADO / SAWD) - DRSU - PÚBLICO NO CONTROLADO",
        "categoryId": "restricted",
        "radiusMeters": 2500.0,
        "allowedPermissionIds": [
          "authorized_commercial",
          "special_permit"
        ],
        "details": "Aeródromo registrado en MADHEL (ANAC), no controlado. Verifique NOTAMs/AIP y coordine según RAAC 100 antes de volar."
      },
      "geometry": {
        "type": "Point",
        "coordinates": [
          -65.9041,
          -47.73511
        ]
      }
    },
    {
      "type": "Feature",
      "properties": {
        "id": "madhel_ADT",
        "name": "BANDERA / AGROSERVICIO D.ª TERESA - (ADT) - DRNO - PRIVADO NO CONTROLADO [** USO AGROAÉREO **]",
        "categoryId": "restricted",
        "radiusMeters": 2500.0,
        "allowedPermissionIds": [
          "authorized_commercial",
          "special_permit"
        ],
        "details": "Aeródromo registrado en MADHEL (ANAC), no controlado. Verifique NOTAMs/AIP y coordine según RAAC 100 antes de volar."
      },
      "geometry": {
        "type": "Point",
        "coordinates": [
          -62.26462,
          -28.85541
        ]
      }
    },
    {
      "type": "Feature",
      "properties": {
        "id": "madhel_ADU",
        "name": "BANDERA / DUTTO - (ADU) - DRNO - PRIVADO NO CONTROLADO [** USO AGROAÉREO **]",
        "categoryId": "restricted",
        "radiusMeters": 2500.0,
        "allowedPermissionIds": [
          "authorized_commercial",
          "special_permit"
        ],
        "details": "Aeródromo registrado en MADHEL (ANAC), no controlado. Verifique NOTAMs/AIP y coordine según RAAC 100 antes de volar."
      },
      "geometry": {
        "type": "Point",
        "coordinates": [
          -62.23812,
          -28.86691
        ]
      }
    },
    {
      "type": "Feature",
      "properties": {
        "id": "madhel_AER",
        "name": "BUENOS AIRES / AEROPARQUE J. NEWBERY - (AER / SABE) - DRCE - PÚBLICO CONTROLADO INTERNACIONAL",
        "categoryId": "controlled_airspace",
        "radiusMeters": 9000.0,
        "allowedPermissionIds": [
          "authorized_commercial",
          "special_permit"
        ],
        "details": "Espacio aéreo controlado de aeródromo (MADHEL/ANAC). Requiere coordinación con la torre de control (ATC)."
      },
      "geometry": {
        "type": "Point",
        "coordinates": [
          -58.4163888888889,
          -34.5588888888889
        ]
      }
    },
    {
      "type": "Feature",
      "properties": {
        "id": "madhel_AGI",
        "name": "PIEDRA DEL ÁGUILA - (AGI / SAVA) - DRCE - PRIVADO NO CONTROLADO",
        "categoryId": "restricted",
        "radiusMeters": 2500.0,
        "allowedPermissionIds": [
          "authorized_commercial",
          "special_permit"
        ],
        "details": "Aeródromo registrado en MADHEL (ANAC), no controlado. Verifique NOTAMs/AIP y coordine según RAAC 100 antes de volar."
      },
      "geometry": {
        "type": "Point",
        "coordinates": [
          -70.01075,
          -40.19232
        ]
      }
    },
    {
      "type": "Feature",
      "properties": {
        "id": "madhel_AGR",
        "name": "ALTA GRACIA / COMANDANTE EDMUNDO OSVALDO WEISS - (AGR) - DRNO - PÚBLICO NO CONTROLADO",
        "categoryId": "restricted",
        "radiusMeters": 2500.0,
        "allowedPermissionIds": [
          "authorized_commercial",
          "special_permit"
        ],
        "details": "Aeródromo registrado en MADHEL (ANAC), no controlado. Verifique NOTAMs/AIP y coordine según RAAC 100 antes de volar."
      },
      "geometry": {
        "type": "Point",
        "coordinates": [
          -64.3938888888889,
          -31.6511111111111
        ]
      }
    },
    {
      "type": "Feature",
      "properties": {
        "id": "madhel_AII",
        "name": "CHACABUCO / LAS 2 A - (AII) - DRCE - PRIVADO NO CONTROLADO [** USO AGROAÉREO **]",
        "categoryId": "restricted",
        "radiusMeters": 2500.0,
        "allowedPermissionIds": [
          "authorized_commercial",
          "special_permit"
        ],
        "details": "Aeródromo registrado en MADHEL (ANAC), no controlado. Verifique NOTAMs/AIP y coordine según RAAC 100 antes de volar."
      },
      "geometry": {
        "type": "Point",
        "coordinates": [
          -60.51661,
          -34.81116
        ]
      }
    },
    {
      "type": "Feature",
      "properties": {
        "id": "madhel_ALC",
        "name": "AMEGHINO / LA CHACRA - (ALC) - DRCE - PRIVADO NO CONTROLADO",
        "categoryId": "restricted",
        "radiusMeters": 2500.0,
        "allowedPermissionIds": [
          "authorized_commercial",
          "special_permit"
        ],
        "details": "Aeródromo registrado en MADHEL (ANAC), no controlado. Verifique NOTAMs/AIP y coordine según RAAC 100 antes de volar."
      },
      "geometry": {
        "type": "Point",
        "coordinates": [
          -62.52293,
          -34.80942
        ]
      }
    },
    {
      "type": "Feature",
      "properties": {
        "id": "madhel_ALL",
        "name": "AEROCLUB ALLEN - (ALL) - DRCE - PRIVADO NO CONTROLADO",
        "categoryId": "restricted",
        "radiusMeters": 2500.0,
        "allowedPermissionIds": [
          "authorized_commercial",
          "special_permit"
        ],
        "details": "Aeródromo registrado en MADHEL (ANAC), no controlado. Verifique NOTAMs/AIP y coordine según RAAC 100 antes de volar."
      },
      "geometry": {
        "type": "Point",
        "coordinates": [
          -67.8027777777778,
          -38.9583333333333
        ]
      }
    },
    {
      "type": "Feature",
      "properties": {
        "id": "madhel_ALR",
        "name": "AEROCLUB ﻿ALEJANDRO ROCA - (ALR) - DRNO - PRIVADO NO CONTROLADO",
        "categoryId": "restricted",
        "radiusMeters": 2500.0,
        "allowedPermissionIds": [
          "authorized_commercial",
          "special_permit"
        ],
        "details": "Aeródromo registrado en MADHEL (ANAC), no controlado. Verifique NOTAMs/AIP y coordine según RAAC 100 antes de volar."
      },
      "geometry": {
        "type": "Point",
        "coordinates": [
          -63.73,
          -33.3486111111111
        ]
      }
    },
    {
      "type": "Feature",
      "properties": {
        "id": "madhel_ALT",
        "name": "CRUZ ALTA - (ALT) - DRCE - PÚBLICO NO CONTROLADO",
        "categoryId": "restricted",
        "radiusMeters": 2500.0,
        "allowedPermissionIds": [
          "authorized_commercial",
          "special_permit"
        ],
        "details": "Aeródromo registrado en MADHEL (ANAC), no controlado. Verifique NOTAMs/AIP y coordine según RAAC 100 antes de volar."
      },
      "geometry": {
        "type": "Point",
        "coordinates": [
          -61.8369444444444,
          -33.0077777777778
        ]
      }
    },
    {
      "type": "Feature",
      "properties": {
        "id": "madhel_ALV",
        "name": "ALVEAR / AGROALVEAR S.R.L. - (ALV) - DRCE - PRIVADO NO CONTROLADO [** USO AGROAÉREO **]",
        "categoryId": "restricted",
        "radiusMeters": 2500.0,
        "allowedPermissionIds": [
          "authorized_commercial",
          "special_permit"
        ],
        "details": "Aeródromo registrado en MADHEL (ANAC), no controlado. Verifique NOTAMs/AIP y coordine según RAAC 100 antes de volar."
      },
      "geometry": {
        "type": "Point",
        "coordinates": [
          -60.66682,
          -33.06853
        ]
      }
    },
    {
      "type": "Feature",
      "properties": {
        "id": "madhel_AMA",
        "name": "ROBERTS / LA AMALIA - (AMA) - DRCE - PRIVADO NO CONTROLADO [** USO AGROAÉREO **]",
        "categoryId": "restricted",
        "radiusMeters": 2500.0,
        "allowedPermissionIds": [
          "authorized_commercial",
          "special_permit"
        ],
        "details": "Aeródromo registrado en MADHEL (ANAC), no controlado. Verifique NOTAMs/AIP y coordine según RAAC 100 antes de volar."
      },
      "geometry": {
        "type": "Point",
        "coordinates": [
          -62.01657,
          -35.10043
        ]
      }
    },
    {
      "type": "Feature",
      "properties": {
        "id": "madhel_AME",
        "name": "AMEGHINO / SIGFRIDO ROHR AVIAGRO S.R.L. - (AME) - DRCE - PRIVADO NO CONTROLADO [** USO AGROAÉREO **]",
        "categoryId": "restricted",
        "radiusMeters": 2500.0,
        "allowedPermissionIds": [
          "authorized_commercial",
          "special_permit"
        ],
        "details": "Aeródromo registrado en MADHEL (ANAC), no controlado. Verifique NOTAMs/AIP y coordine según RAAC 100 antes de volar."
      },
      "geometry": {
        "type": "Point",
        "coordinates": [
          -62.46787,
          -34.83057
        ]
      }
    },
    {
      "type": "Feature",
      "properties": {
        "id": "madhel_AMG",
        "name": "AMEGHINO - (AMG) - DRCE - PRIVADO NO CONTROLADO",
        "categoryId": "restricted",
        "radiusMeters": 2500.0,
        "allowedPermissionIds": [
          "authorized_commercial",
          "special_permit"
        ],
        "details": "Aeródromo registrado en MADHEL (ANAC), no controlado. Verifique NOTAMs/AIP y coordine según RAAC 100 antes de volar."
      },
      "geometry": {
        "type": "Point",
        "coordinates": [
          -62.48266,
          -34.84541
        ]
      }
    },
    {
      "type": "Feature",
      "properties": {
        "id": "madhel_ANA",
        "name": "﻿PARANÁ / AEROCLUB - (ANA) - DRCE - PÚBLICO NO CONTROLADO",
        "categoryId": "restricted",
        "radiusMeters": 2500.0,
        "allowedPermissionIds": [
          "authorized_commercial",
          "special_permit"
        ],
        "details": "Aeródromo registrado en MADHEL (ANAC), no controlado. Verifique NOTAMs/AIP y coordine según RAAC 100 antes de volar."
      },
      "geometry": {
        "type": "Point",
        "coordinates": [
          -60.3738888888889,
          -31.7577777777778
        ]
      }
    },
    {
      "type": "Feature",
      "properties": {
        "id": "madhel_APO",
        "name": "APÓSTOLES - (APO) - DRNE - PRIVADO NO CONTROLADO",
        "categoryId": "restricted",
        "radiusMeters": 2500.0,
        "allowedPermissionIds": [
          "authorized_commercial",
          "special_permit"
        ],
        "details": "Aeródromo registrado en MADHEL (ANAC), no controlado. Verifique NOTAMs/AIP y coordine según RAAC 100 antes de volar."
      },
      "geometry": {
        "type": "Point",
        "coordinates": [
          -55.7655555555556,
          -27.9033333333333
        ]
      }
    },
    {
      "type": "Feature",
      "properties": {
        "id": "madhel_ARB",
        "name": "ARRIBEÑOS - (ARB) - DRCE - PÚBLICO NO CONTROLADO",
        "categoryId": "restricted",
        "radiusMeters": 2500.0,
        "allowedPermissionIds": [
          "authorized_commercial",
          "special_permit"
        ],
        "details": "Aeródromo registrado en MADHEL (ANAC), no controlado. Verifique NOTAMs/AIP y coordine según RAAC 100 antes de volar."
      },
      "geometry": {
        "type": "Point",
        "coordinates": [
          -61.3866666666667,
          -34.2219444444444
        ]
      }
    },
    {
      "type": "Feature",
      "properties": {
        "id": "madhel_ARY",
        "name": "ARROYITO / ARCOR - (ARY) - DRNO - PÚBLICO NO CONTROLADO",
        "categoryId": "restricted",
        "radiusMeters": 2500.0,
        "allowedPermissionIds": [
          "authorized_commercial",
          "special_permit"
        ],
        "details": "Aeródromo registrado en MADHEL (ANAC), no controlado. Verifique NOTAMs/AIP y coordine según RAAC 100 antes de volar."
      },
      "geometry": {
        "type": "Point",
        "coordinates": [
          -63.005,
          -31.4222222222222
        ]
      }
    },
    {
      "type": "Feature",
      "properties": {
        "id": "madhel_ATE",
        "name": "ZÁRATE - (ATE) - DRCE - PÚBLICO NO CONTROLADO",
        "categoryId": "restricted",
        "radiusMeters": 2500.0,
        "allowedPermissionIds": [
          "authorized_commercial",
          "special_permit"
        ],
        "details": "Aeródromo registrado en MADHEL (ANAC), no controlado. Verifique NOTAMs/AIP y coordine según RAAC 100 antes de volar."
      },
      "geometry": {
        "type": "Point",
        "coordinates": [
          -59.08266,
          -34.11829
        ]
      }
    },
    {
      "type": "Feature",
      "properties": {
        "id": "madhel_ATN",
        "name": "TRENQUE LAUQUEN / LA ARGENTINA - (ATN) - DRCE - PRIVADO NO CONTROLADO [** USO AGROAÉREO **]",
        "categoryId": "restricted",
        "radiusMeters": 2500.0,
        "allowedPermissionIds": [
          "authorized_commercial",
          "special_permit"
        ],
        "details": "Aeródromo registrado en MADHEL (ANAC), no controlado. Verifique NOTAMs/AIP y coordine según RAAC 100 antes de volar."
      },
      "geometry": {
        "type": "Point",
        "coordinates": [
          -62.70635,
          -35.99773
        ]
      }
    },
    {
      "type": "Feature",
      "properties": {
        "id": "madhel_AUL",
        "name": "AMEGHINO / AEROCLUB - (AUL) - DRCE - PRIVADO NO CONTROLADO [** USO AGROAÉREO **]",
        "categoryId": "restricted",
        "radiusMeters": 2500.0,
        "allowedPermissionIds": [
          "authorized_commercial",
          "special_permit"
        ],
        "details": "Aeródromo registrado en MADHEL (ANAC), no controlado. Verifique NOTAMs/AIP y coordine según RAAC 100 antes de volar."
      },
      "geometry": {
        "type": "Point",
        "coordinates": [
          -62.47709,
          -34.81797
        ]
      }
    },
    {
      "type": "Feature",
      "properties": {
        "id": "madhel_AVA",
        "name": "ALVEAR / AEROPARQUE ROSARIO - (AVA) - DRCE - PÚBLICO NO CONTROLADO",
        "categoryId": "restricted",
        "radiusMeters": 2500.0,
        "allowedPermissionIds": [
          "authorized_commercial",
          "special_permit"
        ],
        "details": "Aeródromo registrado en MADHEL (ANAC), no controlado. Verifique NOTAMs/AIP y coordine según RAAC 100 antes de volar."
      },
      "geometry": {
        "type": "Point",
        "coordinates": [
          -60.59756,
          -33.04691
        ]
      }
    },
    {
      "type": "Feature",
      "properties": {
        "id": "madhel_AVL",
        "name": "AVELLANEDA / PTE. AVELLANEDA - (AVL) - DRNE - PÚBLICO NO CONTROLADO",
        "categoryId": "restricted",
        "radiusMeters": 2500.0,
        "allowedPermissionIds": [
          "authorized_commercial",
          "special_permit"
        ],
        "details": "Aeródromo registrado en MADHEL (ANAC), no controlado. Verifique NOTAMs/AIP y coordine según RAAC 100 antes de volar."
      },
      "geometry": {
        "type": "Point",
        "coordinates": [
          -59.6575,
          -29.1061111111111
        ]
      }
    },
    {
      "type": "Feature",
      "properties": {
        "id": "madhel_AYA",
        "name": "AYACUCHO - (AYA) - DRCE - PÚBLICO NO CONTROLADO",
        "categoryId": "restricted",
        "radiusMeters": 2500.0,
        "allowedPermissionIds": [
          "authorized_commercial",
          "special_permit"
        ],
        "details": "Aeródromo registrado en MADHEL (ANAC), no controlado. Verifique NOTAMs/AIP y coordine según RAAC 100 antes de volar."
      },
      "geometry": {
        "type": "Point",
        "coordinates": [
          -58.4730555555556,
          -37.1625
        ]
      }
    },
    {
      "type": "Feature",
      "properties": {
        "id": "madhel_BAD",
        "name": "BERÓN DE ASTRADA / DINALUCA S.A. - (BAD) - DRNE - PRIVADO NO CONTROLADO",
        "categoryId": "restricted",
        "radiusMeters": 2500.0,
        "allowedPermissionIds": [
          "authorized_commercial",
          "special_permit"
        ],
        "details": "Aeródromo registrado en MADHEL (ANAC), no controlado. Verifique NOTAMs/AIP y coordine según RAAC 100 antes de volar."
      },
      "geometry": {
        "type": "Point",
        "coordinates": [
          -57.6441666666667,
          -27.3827777777778
        ]
      }
    },
    {
      "type": "Feature",
      "properties": {
        "id": "madhel_BAI",
        "name": "LAGO BUENOS AIRES - (BAI) - DRSU - PRIVADO NO CONTROLADO",
        "categoryId": "restricted",
        "radiusMeters": 2500.0,
        "allowedPermissionIds": [
          "authorized_commercial",
          "special_permit"
        ],
        "details": "Aeródromo registrado en MADHEL (ANAC), no controlado. Verifique NOTAMs/AIP y coordine según RAAC 100 antes de volar."
      },
      "geometry": {
        "type": "Point",
        "coordinates": [
          -70.9480555555556,
          -46.5761111111111
        ]
      }
    },
    {
      "type": "Feature",
      "properties": {
        "id": "madhel_BAL",
        "name": "BALCARCE - (BAL) - DRCE - PÚBLICO NO CONTROLADO",
        "categoryId": "restricted",
        "radiusMeters": 2500.0,
        "allowedPermissionIds": [
          "authorized_commercial",
          "special_permit"
        ],
        "details": "Aeródromo registrado en MADHEL (ANAC), no controlado. Verifique NOTAMs/AIP y coordine según RAAC 100 antes de volar."
      },
      "geometry": {
        "type": "Point",
        "coordinates": [
          -58.3436111111111,
          -37.9152777777778
        ]
      }
    },
    {
      "type": "Feature",
      "properties": {
        "id": "madhel_BAR",
        "name": "SAN CARLOS DE BARILOCHE - (BAR / SAZS) - DRCE - PÚBLICO CONTROLADO INTERNACIONAL",
        "categoryId": "controlled_airspace",
        "radiusMeters": 9000.0,
        "allowedPermissionIds": [
          "authorized_commercial",
          "special_permit"
        ],
        "details": "Espacio aéreo controlado de aeródromo (MADHEL/ANAC). Requiere coordinación con la torre de control (ATC)."
      },
      "geometry": {
        "type": "Point",
        "coordinates": [
          -71.1577777777778,
          -41.1511111111111
        ]
      }
    },
    {
      "type": "Feature",
      "properties": {
        "id": "madhel_BCA",
        "name": "BAHÍA BLANCA / CTE. ESPORA - (BCA / SAZB) - DRCE - PÚBLICO CONTROLADO",
        "categoryId": "controlled_airspace",
        "radiusMeters": 9000.0,
        "allowedPermissionIds": [
          "authorized_commercial",
          "special_permit"
        ],
        "details": "Espacio aéreo controlado de aeródromo (MADHEL/ANAC). Requiere coordinación con la torre de control (ATC)."
      },
      "geometry": {
        "type": "Point",
        "coordinates": [
          -62.1533333333333,
          -38.7275
        ]
      }
    },
    {
      "type": "Feature",
      "properties": {
        "id": "madhel_BDO",
        "name": "BARADERO - (BDO) - DRCE - PÚBLICO NO CONTROLADO",
        "categoryId": "restricted",
        "radiusMeters": 2500.0,
        "allowedPermissionIds": [
          "authorized_commercial",
          "special_permit"
        ],
        "details": "Aeródromo registrado en MADHEL (ANAC), no controlado. Verifique NOTAMs/AIP y coordine según RAAC 100 antes de volar."
      },
      "geometry": {
        "type": "Point",
        "coordinates": [
          -59.49279,
          -33.82122
        ]
      }
    },
    {
      "type": "Feature",
      "properties": {
        "id": "madhel_BDR",
        "name": "BAHÍA DORADA - (BDR) - DRSU - PRIVADO NO CONTROLADO",
        "categoryId": "restricted",
        "radiusMeters": 2500.0,
        "allowedPermissionIds": [
          "authorized_commercial",
          "special_permit"
        ],
        "details": "Aeródromo registrado en MADHEL (ANAC), no controlado. Verifique NOTAMs/AIP y coordine según RAAC 100 antes de volar."
      },
      "geometry": {
        "type": "Point",
        "coordinates": [
          -65.0822222222222,
          -41.8427777777778
        ]
      }
    },
    {
      "type": "Feature",
      "properties": {
        "id": "madhel_BEL",
        "name": "BELL VILLE - (BEL) - DRNO - PÚBLICO NO CONTROLADO",
        "categoryId": "restricted",
        "radiusMeters": 2500.0,
        "allowedPermissionIds": [
          "authorized_commercial",
          "special_permit"
        ],
        "details": "Aeródromo registrado en MADHEL (ANAC), no controlado. Verifique NOTAMs/AIP y coordine según RAAC 100 antes de volar."
      },
      "geometry": {
        "type": "Point",
        "coordinates": [
          -62.7019444444444,
          -32.6583333333333
        ]
      }
    },
    {
      "type": "Feature",
      "properties": {
        "id": "madhel_BEX",
        "name": "BARADERO / BUENOS AIRES - (BEX) - DRCE - PRIVADO NO CONTROLADO",
        "categoryId": "restricted",
        "radiusMeters": 2500.0,
        "allowedPermissionIds": [
          "authorized_commercial",
          "special_permit"
        ],
        "details": "Aeródromo registrado en MADHEL (ANAC), no controlado. Verifique NOTAMs/AIP y coordine según RAAC 100 antes de volar."
      },
      "geometry": {
        "type": "Point",
        "coordinates": [
          -59.46911,
          -33.85864
        ]
      }
    },
    {
      "type": "Feature",
      "properties": {
        "id": "madhel_BGI",
        "name": "BERAZATEGUI / ALAS DE MALVINAS - (BGI / SRDB) - DRCE - PÚBLICO NO CONTROLADO (Ex AD EZPELETA)",
        "categoryId": "restricted",
        "radiusMeters": 2500.0,
        "allowedPermissionIds": [
          "authorized_commercial",
          "special_permit"
        ],
        "details": "Aeródromo registrado en MADHEL (ANAC), no controlado. Verifique NOTAMs/AIP y coordine según RAAC 100 antes de volar."
      },
      "geometry": {
        "type": "Point",
        "coordinates": [
          -58.2033333333333,
          -34.7463888888889
        ]
      }
    },
    {
      "type": "Feature",
      "properties": {
        "id": "madhel_BHB",
        "name": "﻿BAHÍA BLANCA / AEROCLUB - (BHB) - DRCE - PRIVADO NO CONTROLADO",
        "categoryId": "restricted",
        "radiusMeters": 2500.0,
        "allowedPermissionIds": [
          "authorized_commercial",
          "special_permit"
        ],
        "details": "Aeródromo registrado en MADHEL (ANAC), no controlado. Verifique NOTAMs/AIP y coordine según RAAC 100 antes de volar."
      },
      "geometry": {
        "type": "Point",
        "coordinates": [
          -62.3525,
          -38.6719444444444
        ]
      }
    },
    {
      "type": "Feature",
      "properties": {
        "id": "madhel_BIO",
        "name": "EL TURBIO / 28 DE NOVIEMBRE - (BIO / SAWT) - DRSU - PÚBLICO NO CONTROLADO",
        "categoryId": "restricted",
        "radiusMeters": 2500.0,
        "allowedPermissionIds": [
          "authorized_commercial",
          "special_permit"
        ],
        "details": "Aeródromo registrado en MADHEL (ANAC), no controlado. Verifique NOTAMs/AIP y coordine según RAAC 100 antes de volar."
      },
      "geometry": {
        "type": "Point",
        "coordinates": [
          -72.22034,
          -51.60502
        ]
      }
    },
    {
      "type": "Feature",
      "properties": {
        "id": "madhel_BLA",
        "name": "BALCARCE / EA. LA ALBORADA - (BLA) - DRCE - PRIVADO NO CONTROLADO",
        "categoryId": "restricted",
        "radiusMeters": 2500.0,
        "allowedPermissionIds": [
          "authorized_commercial",
          "special_permit"
        ],
        "details": "Aeródromo registrado en MADHEL (ANAC), no controlado. Verifique NOTAMs/AIP y coordine según RAAC 100 antes de volar."
      },
      "geometry": {
        "type": "Point",
        "coordinates": [
          -58.1883333333333,
          -37.4627777777778
        ]
      }
    },
    {
      "type": "Feature",
      "properties": {
        "id": "madhel_BLC",
        "name": "BALCARCE / EST. LOS CARDOS - (BLC) - DRCE - PRIVADO NO CONTROLADO",
        "categoryId": "restricted",
        "radiusMeters": 2500.0,
        "allowedPermissionIds": [
          "authorized_commercial",
          "special_permit"
        ],
        "details": "Aeródromo registrado en MADHEL (ANAC), no controlado. Verifique NOTAMs/AIP y coordine según RAAC 100 antes de volar."
      },
      "geometry": {
        "type": "Point",
        "coordinates": [
          -58.03821,
          -37.73529
        ]
      }
    },
    {
      "type": "Feature",
      "properties": {
        "id": "madhel_BLE",
        "name": "BALCARCE / EA. LA ESTRELLA - (BLE) - DRCE - PRIVADO NO CONTROLADO",
        "categoryId": "restricted",
        "radiusMeters": 2500.0,
        "allowedPermissionIds": [
          "authorized_commercial",
          "special_permit"
        ],
        "details": "Aeródromo registrado en MADHEL (ANAC), no controlado. Verifique NOTAMs/AIP y coordine según RAAC 100 antes de volar."
      },
      "geometry": {
        "type": "Point",
        "coordinates": [
          -58.6661111111111,
          -37.5594444444444
        ]
      }
    },
    {
      "type": "Feature",
      "properties": {
        "id": "madhel_BLL",
        "name": "MIRAMAR / LAS CORTADERAS - (BLL) - DRCE - PRIVADO NO CONTROLADO",
        "categoryId": "restricted",
        "radiusMeters": 2500.0,
        "allowedPermissionIds": [
          "authorized_commercial",
          "special_permit"
        ],
        "details": "Aeródromo registrado en MADHEL (ANAC), no controlado. Verifique NOTAMs/AIP y coordine según RAAC 100 antes de volar."
      },
      "geometry": {
        "type": "Point",
        "coordinates": [
          -58.1086111111111,
          -38.3547222222222
        ]
      }
    },
    {
      "type": "Feature",
      "properties": {
        "id": "madhel_BLN",
        "name": "LONDRES / BELÉN - (BLN) - DRNO - PRIVADO NO CONTROLADO",
        "categoryId": "restricted",
        "radiusMeters": 2500.0,
        "allowedPermissionIds": [
          "authorized_commercial",
          "special_permit"
        ],
        "details": "Aeródromo registrado en MADHEL (ANAC), no controlado. Verifique NOTAMs/AIP y coordine según RAAC 100 antes de volar."
      },
      "geometry": {
        "type": "Point",
        "coordinates": [
          -67.095,
          -27.7080555555556
        ]
      }
    },
    {
      "type": "Feature",
      "properties": {
        "id": "madhel_BLO",
        "name": "BELL VILLE / LA OLGUITA - (BLO) - DRNO – PRIVADO NO CONTROLADO",
        "categoryId": "restricted",
        "radiusMeters": 2500.0,
        "allowedPermissionIds": [
          "authorized_commercial",
          "special_permit"
        ],
        "details": "Aeródromo registrado en MADHEL (ANAC), no controlado. Verifique NOTAMs/AIP y coordine según RAAC 100 antes de volar."
      },
      "geometry": {
        "type": "Point",
        "coordinates": [
          -62.6479014106337,
          -32.4929594248736
        ]
      }
    },
    {
      "type": "Feature",
      "properties": {
        "id": "madhel_BLR",
        "name": "BOLÍVAR  - (BLR / SAZI) - DRCE - PÚBLICO NO CONTROLADO",
        "categoryId": "restricted",
        "radiusMeters": 2500.0,
        "allowedPermissionIds": [
          "authorized_commercial",
          "special_permit"
        ],
        "details": "Aeródromo registrado en MADHEL (ANAC), no controlado. Verifique NOTAMs/AIP y coordine según RAAC 100 antes de volar."
      },
      "geometry": {
        "type": "Point",
        "coordinates": [
          -61.0758333333333,
          -36.1866666666667
        ]
      }
    },
    {
      "type": "Feature",
      "properties": {
        "id": "madhel_BMO",
        "name": "BRAGADO / MALFATO - (BMO) - DRCE - PRIVADO NO CONTROLADO",
        "categoryId": "restricted",
        "radiusMeters": 2500.0,
        "allowedPermissionIds": [
          "authorized_commercial",
          "special_permit"
        ],
        "details": "Aeródromo registrado en MADHEL (ANAC), no controlado. Verifique NOTAMs/AIP y coordine según RAAC 100 antes de volar."
      },
      "geometry": {
        "type": "Point",
        "coordinates": [
          -60.5055555555556,
          -35.1516666666667
        ]
      }
    },
    {
      "type": "Feature",
      "properties": {
        "id": "madhel_BOG",
        "name": "CORONEL BOGADO / FUMIGACIONES CAMPAGNUCCI - (BOG) - DRCE - PRIVADO NO CONTROLADO",
        "categoryId": "restricted",
        "radiusMeters": 2500.0,
        "allowedPermissionIds": [
          "authorized_commercial",
          "special_permit"
        ],
        "details": "Aeródromo registrado en MADHEL (ANAC), no controlado. Verifique NOTAMs/AIP y coordine según RAAC 100 antes de volar."
      },
      "geometry": {
        "type": "Point",
        "coordinates": [
          -60.66617,
          -33.32404
        ]
      }
    },
    {
      "type": "Feature",
      "properties": {
        "id": "madhel_BOL",
        "name": "EL BOLSÓN - (BOL / SAVB) - DRSU - PÚBLICO NO CONTROLADO",
        "categoryId": "restricted",
        "radiusMeters": 2500.0,
        "allowedPermissionIds": [
          "authorized_commercial",
          "special_permit"
        ],
        "details": "Aeródromo registrado en MADHEL (ANAC), no controlado. Verifique NOTAMs/AIP y coordine según RAAC 100 antes de volar."
      },
      "geometry": {
        "type": "Point",
        "coordinates": [
          -71.53215,
          -41.94323
        ]
      }
    },
    {
      "type": "Feature",
      "properties": {
        "id": "madhel_BOM",
        "name": "BOMBAL / GRAN ANCONA - (BOM) - DRCE - PRIVADO NO CONTROLADO",
        "categoryId": "restricted",
        "radiusMeters": 2500.0,
        "allowedPermissionIds": [
          "authorized_commercial",
          "special_permit"
        ],
        "details": "Aeródromo registrado en MADHEL (ANAC), no controlado. Verifique NOTAMs/AIP y coordine según RAAC 100 antes de volar."
      },
      "geometry": {
        "type": "Point",
        "coordinates": [
          -61.30323,
          -33.43852
        ]
      }
    },
    {
      "type": "Feature",
      "properties": {
        "id": "madhel_BOS",
        "name": "LOBOS - (BOS) - DRCE - PÚBLICO NO CONTROLADO",
        "categoryId": "restricted",
        "radiusMeters": 2500.0,
        "allowedPermissionIds": [
          "authorized_commercial",
          "special_permit"
        ],
        "details": "Aeródromo registrado en MADHEL (ANAC), no controlado. Verifique NOTAMs/AIP y coordine según RAAC 100 antes de volar."
      },
      "geometry": {
        "type": "Point",
        "coordinates": [
          -59.1366666666667,
          -35.2108333333333
        ]
      }
    },
    {
      "type": "Feature",
      "properties": {
        "id": "madhel_BPS",
        "name": "BRINKMANN / PABLO SIERRA AEROAPLICACIONES - (BPS) - DRNO - PRIVADO NO CONTROLADO",
        "categoryId": "restricted",
        "radiusMeters": 2500.0,
        "allowedPermissionIds": [
          "authorized_commercial",
          "special_permit"
        ],
        "details": "Aeródromo registrado en MADHEL (ANAC), no controlado. Verifique NOTAMs/AIP y coordine según RAAC 100 antes de volar."
      },
      "geometry": {
        "type": "Point",
        "coordinates": [
          -62.0505555555556,
          -30.9294444444444
        ]
      }
    },
    {
      "type": "Feature",
      "properties": {
        "id": "madhel_BRA",
        "name": "BRAGADO - (BRA) - DRCE - PÚBLICO NO CONTROLADO",
        "categoryId": "restricted",
        "radiusMeters": 2500.0,
        "allowedPermissionIds": [
          "authorized_commercial",
          "special_permit"
        ],
        "details": "Aeródromo registrado en MADHEL (ANAC), no controlado. Verifique NOTAMs/AIP y coordine según RAAC 100 antes de volar."
      },
      "geometry": {
        "type": "Point",
        "coordinates": [
          -60.4819444444444,
          -35.1452777777778
        ]
      }
    },
    {
      "type": "Feature",
      "properties": {
        "id": "madhel_BRQ",
        "name": "BUTA RANQUIL / EL PORTÓN - (BRQ) - DRNO - PRIVADO NO CONTROLADO",
        "categoryId": "restricted",
        "radiusMeters": 2500.0,
        "allowedPermissionIds": [
          "authorized_commercial",
          "special_permit"
        ],
        "details": "Aeródromo registrado en MADHEL (ANAC), no controlado. Verifique NOTAMs/AIP y coordine según RAAC 100 antes de volar."
      },
      "geometry": {
        "type": "Point",
        "coordinates": [
          -69.6097222222222,
          -37.195
        ]
      }
    },
    {
      "type": "Feature",
      "properties": {
        "id": "madhel_BTA",
        "name": "BELLA VISTA (CORRIENTES) - (BTA) - DRNE - PÚBLICO NO CONTROLADO",
        "categoryId": "restricted",
        "radiusMeters": 2500.0,
        "allowedPermissionIds": [
          "authorized_commercial",
          "special_permit"
        ],
        "details": "Aeródromo registrado en MADHEL (ANAC), no controlado. Verifique NOTAMs/AIP y coordine según RAAC 100 antes de volar."
      },
      "geometry": {
        "type": "Point",
        "coordinates": [
          -59.0380555555556,
          -28.5261111111111
        ]
      }
    },
    {
      "type": "Feature",
      "properties": {
        "id": "madhel_BTS",
        "name": "CORRAL DE BUSTOS - (BTS) - DRCE - PRIVADO NO CONTROLADO",
        "categoryId": "restricted",
        "radiusMeters": 2500.0,
        "allowedPermissionIds": [
          "authorized_commercial",
          "special_permit"
        ],
        "details": "Aeródromo registrado en MADHEL (ANAC), no controlado. Verifique NOTAMs/AIP y coordine según RAAC 100 antes de volar."
      },
      "geometry": {
        "type": "Point",
        "coordinates": [
          -62.1513888888889,
          -33.2813888888889
        ]
      }
    },
    {
      "type": "Feature",
      "properties": {
        "id": "madhel_CAF",
        "name": "CAFAYATE - (CAF) - DRNO - PRIVADO NO CONTROLADO",
        "categoryId": "restricted",
        "radiusMeters": 2500.0,
        "allowedPermissionIds": [
          "authorized_commercial",
          "special_permit"
        ],
        "details": "Aeródromo registrado en MADHEL (ANAC), no controlado. Verifique NOTAMs/AIP y coordine según RAAC 100 antes de volar."
      },
      "geometry": {
        "type": "Point",
        "coordinates": [
          -65.9305555555556,
          -26.0641666666667
        ]
      }
    },
    {
      "type": "Feature",
      "properties": {
        "id": "madhel_CAL",
        "name": "CAMPO ARENAL - (CAL) - DRNO - PRIVADO NO CONTROLADO",
        "categoryId": "restricted",
        "radiusMeters": 2500.0,
        "allowedPermissionIds": [
          "authorized_commercial",
          "special_permit"
        ],
        "details": "Aeródromo registrado en MADHEL (ANAC), no controlado. Verifique NOTAMs/AIP y coordine según RAAC 100 antes de volar."
      },
      "geometry": {
        "type": "Point",
        "coordinates": [
          -66.5863888888889,
          -27.0722222222222
        ]
      }
    },
    {
      "type": "Feature",
      "properties": {
        "id": "madhel_CAM",
        "name": "CORRALITO / ALFONSO MENGO – (CAM) - DRNO - PRIVADO NO CONTROLADO [** USO AGROAÉREO **]",
        "categoryId": "restricted",
        "radiusMeters": 2500.0,
        "allowedPermissionIds": [
          "authorized_commercial",
          "special_permit"
        ],
        "details": "Aeródromo registrado en MADHEL (ANAC), no controlado. Verifique NOTAMs/AIP y coordine según RAAC 100 antes de volar."
      },
      "geometry": {
        "type": "Point",
        "coordinates": [
          -64.2794444444445,
          -32.0244444444444
        ]
      }
    },
    {
      "type": "Feature",
      "properties": {
        "id": "madhel_CAT",
        "name": "CATAMARCA - (CAT / SANC) - DRNO - PÚBLICO CONTROLADO",
        "categoryId": "controlled_airspace",
        "radiusMeters": 9000.0,
        "allowedPermissionIds": [
          "authorized_commercial",
          "special_permit"
        ],
        "details": "Espacio aéreo controlado de aeródromo (MADHEL/ANAC). Requiere coordinación con la torre de control (ATC)."
      },
      "geometry": {
        "type": "Point",
        "coordinates": [
          -65.7511111111111,
          -28.5930555555556
        ]
      }
    },
    {
      "type": "Feature",
      "properties": {
        "id": "madhel_CAY",
        "name": "SAN CAYETANO - (CAY) - DRCE - PRIVADO NO CONTROLADO",
        "categoryId": "restricted",
        "radiusMeters": 2500.0,
        "allowedPermissionIds": [
          "authorized_commercial",
          "special_permit"
        ],
        "details": "Aeródromo registrado en MADHEL (ANAC), no controlado. Verifique NOTAMs/AIP y coordine según RAAC 100 antes de volar."
      },
      "geometry": {
        "type": "Point",
        "coordinates": [
          -59.6302777777778,
          -38.3338888888889
        ]
      }
    },
    {
      "type": "Feature",
      "properties": {
        "id": "madhel_CBA",
        "name": "CÓRDOBA / ING. AER. A.L.V. TARAVELLA - (CBA / SACO) - DRNO - PÚBLICO CONTROLADO INTERNACIONAL",
        "categoryId": "controlled_airspace",
        "radiusMeters": 9000.0,
        "allowedPermissionIds": [
          "authorized_commercial",
          "special_permit"
        ],
        "details": "Espacio aéreo controlado de aeródromo (MADHEL/ANAC). Requiere coordinación con la torre de control (ATC)."
      },
      "geometry": {
        "type": "Point",
        "coordinates": [
          -64.2083333333333,
          -31.31
        ]
      }
    },
    {
      "type": "Feature",
      "properties": {
        "id": "madhel_CBB",
        "name": "CAÑADA ROSQUÍN / B&B SERVICIOS AGROPECUARIOS - (CBB) - DRCE - PRIVADO NO CONTROLADO",
        "categoryId": "restricted",
        "radiusMeters": 2500.0,
        "allowedPermissionIds": [
          "authorized_commercial",
          "special_permit"
        ],
        "details": "Aeródromo registrado en MADHEL (ANAC), no controlado. Verifique NOTAMs/AIP y coordine según RAAC 100 antes de volar."
      },
      "geometry": {
        "type": "Point",
        "coordinates": [
          -61.63196,
          -32.11159
        ]
      }
    },
    {
      "type": "Feature",
      "properties": {
        "id": "madhel_CBD",
        "name": "﻿CABILDO - (CBD) - DRCE - PRIVADO NO CONTROLADO",
        "categoryId": "restricted",
        "radiusMeters": 2500.0,
        "allowedPermissionIds": [
          "authorized_commercial",
          "special_permit"
        ],
        "details": "Aeródromo registrado en MADHEL (ANAC), no controlado. Verifique NOTAMs/AIP y coordine según RAAC 100 antes de volar."
      },
      "geometry": {
        "type": "Point",
        "coordinates": [
          -61.8841666666667,
          -38.4986111111111
        ]
      }
    },
    {
      "type": "Feature",
      "properties": {
        "id": "madhel_CCH",
        "name": "CARLOS CASARES / HAYDEE – (CCH) - DRCE - PRIVADO NO CONTROLADO",
        "categoryId": "restricted",
        "radiusMeters": 2500.0,
        "allowedPermissionIds": [
          "authorized_commercial",
          "special_permit"
        ],
        "details": "Aeródromo registrado en MADHEL (ANAC), no controlado. Verifique NOTAMs/AIP y coordine según RAAC 100 antes de volar."
      },
      "geometry": {
        "type": "Point",
        "coordinates": [
          -61.405525,
          -35.6698945
        ]
      }
    },
    {
      "type": "Feature",
      "properties": {
        "id": "madhel_CCI",
        "name": "CALCHAQUÍ – (CCI) - DRNE - PRIVADO NO CONTROLADO",
        "categoryId": "restricted",
        "radiusMeters": 2500.0,
        "allowedPermissionIds": [
          "authorized_commercial",
          "special_permit"
        ],
        "details": "Aeródromo registrado en MADHEL (ANAC), no controlado. Verifique NOTAMs/AIP y coordine según RAAC 100 antes de volar."
      },
      "geometry": {
        "type": "Point",
        "coordinates": [
          -60.2920166666667,
          -29.8515722222222
        ]
      }
    },
    {
      "type": "Feature",
      "properties": {
        "id": "madhel_CCM",
        "name": "CARLOS CASARES / MALATINI - (CCM) - DRCE - PRIVADO NO CONTROLADO [** USO AGROAÉREO **]",
        "categoryId": "restricted",
        "radiusMeters": 2500.0,
        "allowedPermissionIds": [
          "authorized_commercial",
          "special_permit"
        ],
        "details": "Aeródromo registrado en MADHEL (ANAC), no controlado. Verifique NOTAMs/AIP y coordine según RAAC 100 antes de volar."
      },
      "geometry": {
        "type": "Point",
        "coordinates": [
          -61.36821,
          -35.56915
        ]
      }
    },
    {
      "type": "Feature",
      "properties": {
        "id": "madhel_CCO",
        "name": "CARLOS CASARES / OTTAVIANI - (CCO) - DRCE - PRIVADO NO CONTROLADO [** USO AGROAÉREO **]",
        "categoryId": "restricted",
        "radiusMeters": 2500.0,
        "allowedPermissionIds": [
          "authorized_commercial",
          "special_permit"
        ],
        "details": "Aeródromo registrado en MADHEL (ANAC), no controlado. Verifique NOTAMs/AIP y coordine según RAAC 100 antes de volar."
      },
      "geometry": {
        "type": "Point",
        "coordinates": [
          -61.35038,
          -35.64817
        ]
      }
    },
    {
      "type": "Feature",
      "properties": {
        "id": "madhel_CCP",
        "name": "CONCEPCIÓN - (CCP) - DRNO - PRIVADO NO CONTROLADO",
        "categoryId": "restricted",
        "radiusMeters": 2500.0,
        "allowedPermissionIds": [
          "authorized_commercial",
          "special_permit"
        ],
        "details": "Aeródromo registrado en MADHEL (ANAC), no controlado. Verifique NOTAMs/AIP y coordine según RAAC 100 antes de volar."
      },
      "geometry": {
        "type": "Point",
        "coordinates": [
          -65.6169444444444,
          -27.3447222222222
        ]
      }
    },
    {
      "type": "Feature",
      "properties": {
        "id": "madhel_CDA",
        "name": "SARGENTO CABRAL / CÓNDOR DEL AIRE - (CDA) - DRCE - PRIVADO NO CONTROLADO",
        "categoryId": "restricted",
        "radiusMeters": 2500.0,
        "allowedPermissionIds": [
          "authorized_commercial",
          "special_permit"
        ],
        "details": "Aeródromo registrado en MADHEL (ANAC), no controlado. Verifique NOTAMs/AIP y coordine según RAAC 100 antes de volar."
      },
      "geometry": {
        "type": "Point",
        "coordinates": [
          -60.62857,
          -33.46586
        ]
      }
    },
    {
      "type": "Feature",
      "properties": {
        "id": "madhel_CDF",
        "name": "STOL COMODORO RIVADAVIA / CHACRAS DEL FARO (CDF) - DRSU - PRIVADO NO CONTROLADO",
        "categoryId": "restricted",
        "radiusMeters": 2500.0,
        "allowedPermissionIds": [
          "authorized_commercial",
          "special_permit"
        ],
        "details": "Aeródromo registrado en MADHEL (ANAC), no controlado. Verifique NOTAMs/AIP y coordine según RAAC 100 antes de volar."
      },
      "geometry": {
        "type": "Point",
        "coordinates": [
          -67.37361111,
          -45.77833333
        ]
      }
    },
    {
      "type": "Feature",
      "properties": {
        "id": "madhel_CDI",
        "name": "CARCARAÑÁ / DI GIUSEPPE - (CDI) - DRCE - PRIVADO NO CONTROLADO",
        "categoryId": "restricted",
        "radiusMeters": 2500.0,
        "allowedPermissionIds": [
          "authorized_commercial",
          "special_permit"
        ],
        "details": "Aeródromo registrado en MADHEL (ANAC), no controlado. Verifique NOTAMs/AIP y coordine según RAAC 100 antes de volar."
      },
      "geometry": {
        "type": "Point",
        "coordinates": [
          -61.12414,
          -32.89099
        ]
      }
    },
    {
      "type": "Feature",
      "properties": {
        "id": "madhel_CDL",
        "name": "CAÑADA DE LUQUE / BIONDI – (CDL) - DRNO - PRIVADO NO CONTROLADO [** USO AGROAÉREO **]",
        "categoryId": "restricted",
        "radiusMeters": 2500.0,
        "allowedPermissionIds": [
          "authorized_commercial",
          "special_permit"
        ],
        "details": "Aeródromo registrado en MADHEL (ANAC), no controlado. Verifique NOTAMs/AIP y coordine según RAAC 100 antes de volar."
      },
      "geometry": {
        "type": "Point",
        "coordinates": [
          -63.74818,
          -30.75769
        ]
      }
    },
    {
      "type": "Feature",
      "properties": {
        "id": "madhel_CDS",
        "name": "CAÑADÓN SECO - (CDS) - DRSU - PRIVADO NO CONTROLADO",
        "categoryId": "restricted",
        "radiusMeters": 2500.0,
        "allowedPermissionIds": [
          "authorized_commercial",
          "special_permit"
        ],
        "details": "Aeródromo registrado en MADHEL (ANAC), no controlado. Verifique NOTAMs/AIP y coordine según RAAC 100 antes de volar."
      },
      "geometry": {
        "type": "Point",
        "coordinates": [
          -67.5597222222222,
          -46.5380555555556
        ]
      }
    },
    {
      "type": "Feature",
      "properties": {
        "id": "madhel_CDU",
        "name": "CONCEPCIÓN DEL URUGUAY - (CDU / SRAU) - DRCE - PÚBLICO NO CONTROLADO",
        "categoryId": "restricted",
        "radiusMeters": 2500.0,
        "allowedPermissionIds": [
          "authorized_commercial",
          "special_permit"
        ],
        "details": "Aeródromo registrado en MADHEL (ANAC), no controlado. Verifique NOTAMs/AIP y coordine según RAAC 100 antes de volar."
      },
      "geometry": {
        "type": "Point",
        "coordinates": [
          -58.3066666666667,
          -32.455
        ]
      }
    },
    {
      "type": "Feature",
      "properties": {
        "id": "madhel_CED",
        "name": "MERCEDES - (CED) - DRNO - PÚBLICO NO CONTROLADO",
        "categoryId": "restricted",
        "radiusMeters": 2500.0,
        "allowedPermissionIds": [
          "authorized_commercial",
          "special_permit"
        ],
        "details": "Aeródromo registrado en MADHEL (ANAC), no controlado. Verifique NOTAMs/AIP y coordine según RAAC 100 antes de volar."
      },
      "geometry": {
        "type": "Point",
        "coordinates": [
          -65.42051,
          -33.6422
        ]
      }
    },
    {
      "type": "Feature",
      "properties": {
        "id": "madhel_CEJ",
        "name": "LAS CEJAS / AGROALAS S.R.L. - (CEJ) - DRNO - PRIVADO NO CONTROLADO",
        "categoryId": "restricted",
        "radiusMeters": 2500.0,
        "allowedPermissionIds": [
          "authorized_commercial",
          "special_permit"
        ],
        "details": "Aeródromo registrado en MADHEL (ANAC), no controlado. Verifique NOTAMs/AIP y coordine según RAAC 100 antes de volar."
      },
      "geometry": {
        "type": "Point",
        "coordinates": [
          -64.7458333333333,
          -26.8697222222222
        ]
      }
    },
    {
      "type": "Feature",
      "properties": {
        "id": "madhel_CFU",
        "name": "CARHUÉ / FUMAGRO - (CFU) - DRCE - PRIVADO NO CONTROLADO [** USO AGROAÉREO **]",
        "categoryId": "restricted",
        "radiusMeters": 2500.0,
        "allowedPermissionIds": [
          "authorized_commercial",
          "special_permit"
        ],
        "details": "Aeródromo registrado en MADHEL (ANAC), no controlado. Verifique NOTAMs/AIP y coordine según RAAC 100 antes de volar."
      },
      "geometry": {
        "type": "Point",
        "coordinates": [
          -62.7805555555556,
          -37.2147222222222
        ]
      }
    },
    {
      "type": "Feature",
      "properties": {
        "id": "madhel_CHA",
        "name": "CHARATA - (CHA) - DRNE - PÚBLICO NO CONTROLADO",
        "categoryId": "restricted",
        "radiusMeters": 2500.0,
        "allowedPermissionIds": [
          "authorized_commercial",
          "special_permit"
        ],
        "details": "Aeródromo registrado en MADHEL (ANAC), no controlado. Verifique NOTAMs/AIP y coordine según RAAC 100 antes de volar."
      },
      "geometry": {
        "type": "Point",
        "coordinates": [
          -61.21011,
          -27.21639
        ]
      }
    },
    {
      "type": "Feature",
      "properties": {
        "id": "madhel_CHC",
        "name": "CHAJARÍ / ESTANCIA LA CHOZA - (CHC) - DRCE - PRIVADO NO CONTROLADO",
        "categoryId": "restricted",
        "radiusMeters": 2500.0,
        "allowedPermissionIds": [
          "authorized_commercial",
          "special_permit"
        ],
        "details": "Aeródromo registrado en MADHEL (ANAC), no controlado. Verifique NOTAMs/AIP y coordine según RAAC 100 antes de volar."
      },
      "geometry": {
        "type": "Point",
        "coordinates": [
          -58.29287,
          -30.53899
        ]
      }
    },
    {
      "type": "Feature",
      "properties": {
        "id": "madhel_CHJ",
        "name": "CHAJARÍ - (CHJ) - DRCE - PÚBLICO NO CONTROLADO",
        "categoryId": "restricted",
        "radiusMeters": 2500.0,
        "allowedPermissionIds": [
          "authorized_commercial",
          "special_permit"
        ],
        "details": "Aeródromo registrado en MADHEL (ANAC), no controlado. Verifique NOTAMs/AIP y coordine según RAAC 100 antes de volar."
      },
      "geometry": {
        "type": "Point",
        "coordinates": [
          -58.00002,
          -30.7539
        ]
      }
    },
    {
      "type": "Feature",
      "properties": {
        "id": "madhel_CHM",
        "name": "CHOS MALAL - (CHM / SAHC) - DRNO - PÚBLICO NO CONTROLADO",
        "categoryId": "restricted",
        "radiusMeters": 2500.0,
        "allowedPermissionIds": [
          "authorized_commercial",
          "special_permit"
        ],
        "details": "Aeródromo registrado en MADHEL (ANAC), no controlado. Verifique NOTAMs/AIP y coordine según RAAC 100 antes de volar."
      },
      "geometry": {
        "type": "Point",
        "coordinates": [
          -70.2230555555556,
          -37.4441666666667
        ]
      }
    },
    {
      "type": "Feature",
      "properties": {
        "id": "madhel_CHO",
        "name": "CHOLILA - (CHO) - DRSU - PRIVADO NO CONTROLADO",
        "categoryId": "restricted",
        "radiusMeters": 2500.0,
        "allowedPermissionIds": [
          "authorized_commercial",
          "special_permit"
        ],
        "details": "Aeródromo registrado en MADHEL (ANAC), no controlado. Verifique NOTAMs/AIP y coordine según RAAC 100 antes de volar."
      },
      "geometry": {
        "type": "Point",
        "coordinates": [
          -71.45682,
          -42.4806
        ]
      }
    },
    {
      "type": "Feature",
      "properties": {
        "id": "madhel_CHP",
        "name": "SAN MARTÍN DE LOS ANDES / AVIADOR C. CAMPOS - (CHP / SAZY) - DRCE - PÚBLICO CONTROLADO - ILE",
        "categoryId": "controlled_airspace",
        "radiusMeters": 9000.0,
        "allowedPermissionIds": [
          "authorized_commercial",
          "special_permit"
        ],
        "details": "Espacio aéreo controlado de aeródromo (MADHEL/ANAC). Requiere coordinación con la torre de control (ATC)."
      },
      "geometry": {
        "type": "Point",
        "coordinates": [
          -71.1372222222222,
          -40.0752777777778
        ]
      }
    },
    {
      "type": "Feature",
      "properties": {
        "id": "madhel_CHT",
        "name": "CHARATA / EL GRINGO - (CHT) - DRNE - PRIVADO NO CONTROLADO",
        "categoryId": "restricted",
        "radiusMeters": 2500.0,
        "allowedPermissionIds": [
          "authorized_commercial",
          "special_permit"
        ],
        "details": "Aeródromo registrado en MADHEL (ANAC), no controlado. Verifique NOTAMs/AIP y coordine según RAAC 100 antes de volar."
      },
      "geometry": {
        "type": "Point",
        "coordinates": [
          -61.21041,
          -27.30629
        ]
      }
    },
    {
      "type": "Feature",
      "properties": {
        "id": "madhel_CHY",
        "name": "CHIVILCOY - (CHY) - DRCE - PÚBLICO NO CONTROLADO",
        "categoryId": "restricted",
        "radiusMeters": 2500.0,
        "allowedPermissionIds": [
          "authorized_commercial",
          "special_permit"
        ],
        "details": "Aeródromo registrado en MADHEL (ANAC), no controlado. Verifique NOTAMs/AIP y coordine según RAAC 100 antes de volar."
      },
      "geometry": {
        "type": "Point",
        "coordinates": [
          -60.0322222222222,
          -34.9625
        ]
      }
    },
    {
      "type": "Feature",
      "properties": {
        "id": "madhel_CIF",
        "name": "ARRECIFES / AEROCLUB - (CIF) - DRCE - PRIVADO NO CONTROLADO",
        "categoryId": "restricted",
        "radiusMeters": 2500.0,
        "allowedPermissionIds": [
          "authorized_commercial",
          "special_permit"
        ],
        "details": "Aeródromo registrado en MADHEL (ANAC), no controlado. Verifique NOTAMs/AIP y coordine según RAAC 100 antes de volar."
      },
      "geometry": {
        "type": "Point",
        "coordinates": [
          -60.04602,
          -34.07849
        ]
      }
    },
    {
      "type": "Feature",
      "properties": {
        "id": "madhel_CII",
        "name": "CORRIENTES / ITA IBATÉ - (CII) - DRNE - PRIVADO NO CONTROLADO",
        "categoryId": "restricted",
        "radiusMeters": 2500.0,
        "allowedPermissionIds": [
          "authorized_commercial",
          "special_permit"
        ],
        "details": "Aeródromo registrado en MADHEL (ANAC), no controlado. Verifique NOTAMs/AIP y coordine según RAAC 100 antes de volar."
      },
      "geometry": {
        "type": "Point",
        "coordinates": [
          -57.4222222222222,
          -27.4483333333333
        ]
      }
    },
    {
      "type": "Feature",
      "properties": {
        "id": "madhel_CIT",
        "name": "CORRIENTES / ITATÍ - (CIT) - DRNE - PRIVADO NO CONTROLADO",
        "categoryId": "restricted",
        "radiusMeters": 2500.0,
        "allowedPermissionIds": [
          "authorized_commercial",
          "special_permit"
        ],
        "details": "Aeródromo registrado en MADHEL (ANAC), no controlado. Verifique NOTAMs/AIP y coordine según RAAC 100 antes de volar."
      },
      "geometry": {
        "type": "Point",
        "coordinates": [
          -58.3152777777778,
          -27.3033333333333
        ]
      }
    },
    {
      "type": "Feature",
      "properties": {
        "id": "madhel_CLD",
        "name": "CHAÑEAR LADEADO - (CLD) - DRCE - PÚBLICO NO CONTROLADO",
        "categoryId": "restricted",
        "radiusMeters": 2500.0,
        "allowedPermissionIds": [
          "authorized_commercial",
          "special_permit"
        ],
        "details": "Aeródromo registrado en MADHEL (ANAC), no controlado. Verifique NOTAMs/AIP y coordine según RAAC 100 antes de volar."
      },
      "geometry": {
        "type": "Point",
        "coordinates": [
          -62.03693,
          -33.3391
        ]
      }
    },
    {
      "type": "Feature",
      "properties": {
        "id": "madhel_CLE",
        "name": "CORRALITO / LOMAS DEL ESPINILLO - (CLE) - DRNO - PRIVADO NO CONTROLADO [** USO AGROAÉREO **]",
        "categoryId": "restricted",
        "radiusMeters": 2500.0,
        "allowedPermissionIds": [
          "authorized_commercial",
          "special_permit"
        ],
        "details": "Aeródromo registrado en MADHEL (ANAC), no controlado. Verifique NOTAMs/AIP y coordine según RAAC 100 antes de volar."
      },
      "geometry": {
        "type": "Point",
        "coordinates": [
          -64.1697222222222,
          -32.0880555555556
        ]
      }
    },
    {
      "type": "Feature",
      "properties": {
        "id": "madhel_CLH",
        "name": "LAS HERAS - (CLH / SAVH) - DRSU - PÚBLICO NO CONTROLADO",
        "categoryId": "restricted",
        "radiusMeters": 2500.0,
        "allowedPermissionIds": [
          "authorized_commercial",
          "special_permit"
        ],
        "details": "Aeródromo registrado en MADHEL (ANAC), no controlado. Verifique NOTAMs/AIP y coordine según RAAC 100 antes de volar."
      },
      "geometry": {
        "type": "Point",
        "coordinates": [
          -68.96583,
          -46.53848
        ]
      }
    },
    {
      "type": "Feature",
      "properties": {
        "id": "madhel_CLI",
        "name": "CALILEGUA - (CLI) - DRNO - PRIVADO NO CONTROLADO",
        "categoryId": "restricted",
        "radiusMeters": 2500.0,
        "allowedPermissionIds": [
          "authorized_commercial",
          "special_permit"
        ],
        "details": "Aeródromo registrado en MADHEL (ANAC), no controlado. Verifique NOTAMs/AIP y coordine según RAAC 100 antes de volar."
      },
      "geometry": {
        "type": "Point",
        "coordinates": [
          -64.7497222222222,
          -23.7816666666667
        ]
      }
    },
    {
      "type": "Feature",
      "properties": {
        "id": "madhel_CLN",
        "name": "COLÓN (ENTRE RÍOS) - (CLN / SRAC) - DRCE - PÚBLICO NO CONTROLADO",
        "categoryId": "restricted",
        "radiusMeters": 2500.0,
        "allowedPermissionIds": [
          "authorized_commercial",
          "special_permit"
        ],
        "details": "Aeródromo registrado en MADHEL (ANAC), no controlado. Verifique NOTAMs/AIP y coordine según RAAC 100 antes de volar."
      },
      "geometry": {
        "type": "Point",
        "coordinates": [
          -58.1561111111111,
          -32.2608333333333
        ]
      }
    },
    {
      "type": "Feature",
      "properties": {
        "id": "madhel_CLP",
        "name": "CORONEL SUÁREZ / LA PISTA – (CLP) - DRCE – PRIVADO NO CONTROLADO [** USO AGROAÉREO **]",
        "categoryId": "restricted",
        "radiusMeters": 2500.0,
        "allowedPermissionIds": [
          "authorized_commercial",
          "special_permit"
        ],
        "details": "Aeródromo registrado en MADHEL (ANAC), no controlado. Verifique NOTAMs/AIP y coordine según RAAC 100 antes de volar."
      },
      "geometry": {
        "type": "Point",
        "coordinates": [
          -61.9078853648245,
          -37.578765175399
        ]
      }
    },
    {
      "type": "Feature",
      "properties": {
        "id": "madhel_CNA",
        "name": "CAÑUELAS - (CNA) - DRCE - PÚBLICO NO CONTROLADO",
        "categoryId": "restricted",
        "radiusMeters": 2500.0,
        "allowedPermissionIds": [
          "authorized_commercial",
          "special_permit"
        ],
        "details": "Aeródromo registrado en MADHEL (ANAC), no controlado. Verifique NOTAMs/AIP y coordine según RAAC 100 antes de volar."
      },
      "geometry": {
        "type": "Point",
        "coordinates": [
          -58.7263888888889,
          -35.1116666666667
        ]
      }
    },
    {
      "type": "Feature",
      "properties": {
        "id": "madhel_CNO",
        "name": "CARMEN DE ARECO - (CNO / SRFA) - DRCE - PÚBLICO NO CONTROLADO",
        "categoryId": "restricted",
        "radiusMeters": 2500.0,
        "allowedPermissionIds": [
          "authorized_commercial",
          "special_permit"
        ],
        "details": "Aeródromo registrado en MADHEL (ANAC), no controlado. Verifique NOTAMs/AIP y coordine según RAAC 100 antes de volar."
      },
      "geometry": {
        "type": "Point",
        "coordinates": [
          -59.8744444444444,
          -34.4180555555556
        ]
      }
    },
    {
      "type": "Feature",
      "properties": {
        "id": "madhel_CNS",
        "name": "CANALS - (CNS) - DRNO - PRIVADO NO CONTROLADO",
        "categoryId": "restricted",
        "radiusMeters": 2500.0,
        "allowedPermissionIds": [
          "authorized_commercial",
          "special_permit"
        ],
        "details": "Aeródromo registrado en MADHEL (ANAC), no controlado. Verifique NOTAMs/AIP y coordine según RAAC 100 antes de volar."
      },
      "geometry": {
        "type": "Point",
        "coordinates": [
          -62.86911,
          -33.56247
        ]
      }
    },
    {
      "type": "Feature",
      "properties": {
        "id": "madhel_COA",
        "name": "ARIAS - (COA) - DRNO - PRIVADO NO CONTROLADO [** USO AGROAÉREO **]",
        "categoryId": "restricted",
        "radiusMeters": 2500.0,
        "allowedPermissionIds": [
          "authorized_commercial",
          "special_permit"
        ],
        "details": "Aeródromo registrado en MADHEL (ANAC), no controlado. Verifique NOTAMs/AIP y coordine según RAAC 100 antes de volar."
      },
      "geometry": {
        "type": "Point",
        "coordinates": [
          -62.3750555555556,
          -33.6643111111111
        ]
      }
    },
    {
      "type": "Feature",
      "properties": {
        "id": "madhel_COL",
        "name": "RÍO COLORADO - (COL / SAZQ) - DRCE - PRIVADO NO CONTROLADO",
        "categoryId": "restricted",
        "radiusMeters": 2500.0,
        "allowedPermissionIds": [
          "authorized_commercial",
          "special_permit"
        ],
        "details": "Aeródromo registrado en MADHEL (ANAC), no controlado. Verifique NOTAMs/AIP y coordine según RAAC 100 antes de volar."
      },
      "geometry": {
        "type": "Point",
        "coordinates": [
          -64.1402777777778,
          -38.995
        ]
      }
    },
    {
      "type": "Feature",
      "properties": {
        "id": "madhel_CON",
        "name": "COLÓN / BUENOS AIRES - (CON) - DRCE - PÚBLICO NO CONTROLADO",
        "categoryId": "restricted",
        "radiusMeters": 2500.0,
        "allowedPermissionIds": [
          "authorized_commercial",
          "special_permit"
        ],
        "details": "Aeródromo registrado en MADHEL (ANAC), no controlado. Verifique NOTAMs/AIP y coordine según RAAC 100 antes de volar."
      },
      "geometry": {
        "type": "Point",
        "coordinates": [
          -61.0463888888889,
          -33.9225
        ]
      }
    },
    {
      "type": "Feature",
      "properties": {
        "id": "madhel_CPO",
        "name": "CAMPO DE MAYO - (CPO / SADO) - DRCE - PRIVADO NO CONTROLADO",
        "categoryId": "restricted",
        "radiusMeters": 2500.0,
        "allowedPermissionIds": [
          "authorized_commercial",
          "special_permit"
        ],
        "details": "Aeródromo registrado en MADHEL (ANAC), no controlado. Verifique NOTAMs/AIP y coordine según RAAC 100 antes de volar."
      },
      "geometry": {
        "type": "Point",
        "coordinates": [
          -58.672,
          -34.53433
        ]
      }
    },
    {
      "type": "Feature",
      "properties": {
        "id": "madhel_CQZ",
        "name": "CAÑADA QUIRÓZ - (CQZ) - DRNE - PRIVADO NO CONTROLADO",
        "categoryId": "restricted",
        "radiusMeters": 2500.0,
        "allowedPermissionIds": [
          "authorized_commercial",
          "special_permit"
        ],
        "details": "Aeródromo registrado en MADHEL (ANAC), no controlado. Verifique NOTAMs/AIP y coordine según RAAC 100 antes de volar."
      },
      "geometry": {
        "type": "Point",
        "coordinates": [
          -58.7175,
          -27.5497222222222
        ]
      }
    },
    {
      "type": "Feature",
      "properties": {
        "id": "madhel_CRD",
        "name": "CONCORDIA / AEROCLUB - (CRD) - DRCE - PÚBLICO NO CONTROLADO",
        "categoryId": "restricted",
        "radiusMeters": 2500.0,
        "allowedPermissionIds": [
          "authorized_commercial",
          "special_permit"
        ],
        "details": "Aeródromo registrado en MADHEL (ANAC), no controlado. Verifique NOTAMs/AIP y coordine según RAAC 100 antes de volar."
      },
      "geometry": {
        "type": "Point",
        "coordinates": [
          -58.015,
          -31.3038888888889
        ]
      }
    },
    {
      "type": "Feature",
      "properties": {
        "id": "madhel_CRR",
        "name": "CORRIENTES - (CRR / SARC) - DRNE - PÚBLICO CONTROLADO INTERNACIONAL",
        "categoryId": "controlled_airspace",
        "radiusMeters": 9000.0,
        "allowedPermissionIds": [
          "authorized_commercial",
          "special_permit"
        ],
        "details": "Espacio aéreo controlado de aeródromo (MADHEL/ANAC). Requiere coordinación con la torre de control (ATC)."
      },
      "geometry": {
        "type": "Point",
        "coordinates": [
          -58.7619444444444,
          -27.4455555555556
        ]
      }
    },
    {
      "type": "Feature",
      "properties": {
        "id": "madhel_CRV",
        "name": "COMODORO RIVADAVIA / GRAL. E. MOSCONI - (CRV / SAVC) - DRSU - PÚBLICO CONTROLADO INTERNACIONAL",
        "categoryId": "controlled_airspace",
        "radiusMeters": 9000.0,
        "allowedPermissionIds": [
          "authorized_commercial",
          "special_permit"
        ],
        "details": "Espacio aéreo controlado de aeródromo (MADHEL/ANAC). Requiere coordinación con la torre de control (ATC)."
      },
      "geometry": {
        "type": "Point",
        "coordinates": [
          -67.4655555555556,
          -45.7852777777778
        ]
      }
    },
    {
      "type": "Feature",
      "properties": {
        "id": "madhel_CSA",
        "name": "CALCHÍN / AEROCAMPO SERVICIOS AÉREOS - (CSA) - DRNO - PRIVADO NO CONTROLADO [** USO AGROAÉREO **]",
        "categoryId": "restricted",
        "radiusMeters": 2500.0,
        "allowedPermissionIds": [
          "authorized_commercial",
          "special_permit"
        ],
        "details": "Aeródromo registrado en MADHEL (ANAC), no controlado. Verifique NOTAMs/AIP y coordine según RAAC 100 antes de volar."
      },
      "geometry": {
        "type": "Point",
        "coordinates": [
          -63.27608,
          -31.65737
        ]
      }
    },
    {
      "type": "Feature",
      "properties": {
        "id": "madhel_CSN",
        "name": "CORONEL SUÁREZ / NUEVA ERA - (CSN) - DRCE – PRIVADO NO CONTROLADO [** USO AGROAÉREO **]",
        "categoryId": "restricted",
        "radiusMeters": 2500.0,
        "allowedPermissionIds": [
          "authorized_commercial",
          "special_permit"
        ],
        "details": "Aeródromo registrado en MADHEL (ANAC), no controlado. Verifique NOTAMs/AIP y coordine según RAAC 100 antes de volar."
      },
      "geometry": {
        "type": "Point",
        "coordinates": [
          -61.9699622200332,
          -37.5090985971257
        ]
      }
    },
    {
      "type": "Feature",
      "properties": {
        "id": "madhel_CSP",
        "name": "CAPITÁN SARMIENTO / SAN PATRICIO - (CSP) - DRCE - PRIVADO NO CONTROLADO",
        "categoryId": "restricted",
        "radiusMeters": 2500.0,
        "allowedPermissionIds": [
          "authorized_commercial",
          "special_permit"
        ],
        "details": "Aeródromo registrado en MADHEL (ANAC), no controlado. Verifique NOTAMs/AIP y coordine según RAAC 100 antes de volar."
      },
      "geometry": {
        "type": "Point",
        "coordinates": [
          -59.6944444444444,
          -34.0402777777778
        ]
      }
    },
    {
      "type": "Feature",
      "properties": {
        "id": "madhel_CSR",
        "name": "CARLOS CASARES - (CSR) - DRCE - PÚBLICO NO CONTROLADO",
        "categoryId": "restricted",
        "radiusMeters": 2500.0,
        "allowedPermissionIds": [
          "authorized_commercial",
          "special_permit"
        ],
        "details": "Aeródromo registrado en MADHEL (ANAC), no controlado. Verifique NOTAMs/AIP y coordine según RAAC 100 antes de volar."
      },
      "geometry": {
        "type": "Point",
        "coordinates": [
          -61.39401,
          -35.6298
        ]
      }
    },
    {
      "type": "Feature",
      "properties": {
        "id": "madhel_CSU",
        "name": "CHAJARÍ / SUR - (CSU) - DRCE - PRIVADO NO CONTROLADO",
        "categoryId": "restricted",
        "radiusMeters": 2500.0,
        "allowedPermissionIds": [
          "authorized_commercial",
          "special_permit"
        ],
        "details": "Aeródromo registrado en MADHEL (ANAC), no controlado. Verifique NOTAMs/AIP y coordine según RAAC 100 antes de volar."
      },
      "geometry": {
        "type": "Point",
        "coordinates": [
          -58.0142805555556,
          -30.8021694444444
        ]
      }
    },
    {
      "type": "Feature",
      "properties": {
        "id": "madhel_CTL",
        "name": "CAMPO DE TIRO LA CRUZ - (CTL) – FIR CBA - MILITAR NO CONTROLADO (FUERZA AÉREA ARGENTINA)",
        "categoryId": "restricted",
        "radiusMeters": 2500.0,
        "allowedPermissionIds": [
          "authorized_commercial",
          "special_permit"
        ],
        "details": "Aeródromo registrado en MADHEL (ANAC), no controlado. Verifique NOTAMs/AIP y coordine según RAAC 100 antes de volar."
      },
      "geometry": {
        "type": "Point",
        "coordinates": [
          -64.477778,
          -32.252694
        ]
      }
    },
    {
      "type": "Feature",
      "properties": {
        "id": "madhel_CTP",
        "name": "CATRILÓ / ESTABLECIMIENTO LA MARÍA PILAR - (CTP) - DRCE - PRIVADO NO CONTROLADO",
        "categoryId": "restricted",
        "radiusMeters": 2500.0,
        "allowedPermissionIds": [
          "authorized_commercial",
          "special_permit"
        ],
        "details": "Aeródromo registrado en MADHEL (ANAC), no controlado. Verifique NOTAMs/AIP y coordine según RAAC 100 antes de volar."
      },
      "geometry": {
        "type": "Point",
        "coordinates": [
          -63.4330555555556,
          -36.4886111111111
        ]
      }
    },
    {
      "type": "Feature",
      "properties": {
        "id": "madhel_CTS",
        "name": "CAPITÁN SARMIENTO - (CTS / SRDS) - DRCE - PÚBLICO NO CONTROLADO",
        "categoryId": "restricted",
        "radiusMeters": 2500.0,
        "allowedPermissionIds": [
          "authorized_commercial",
          "special_permit"
        ],
        "details": "Aeródromo registrado en MADHEL (ANAC), no controlado. Verifique NOTAMs/AIP y coordine según RAAC 100 antes de volar."
      },
      "geometry": {
        "type": "Point",
        "coordinates": [
          -59.73148,
          -34.16435
        ]
      }
    },
    {
      "type": "Feature",
      "properties": {
        "id": "madhel_CUA",
        "name": "RÍO CUARTO / AEROCLUB - (CUA) - DRNO - PÚBLICO NO CONTROLADO",
        "categoryId": "restricted",
        "radiusMeters": 2500.0,
        "allowedPermissionIds": [
          "authorized_commercial",
          "special_permit"
        ],
        "details": "Aeródromo registrado en MADHEL (ANAC), no controlado. Verifique NOTAMs/AIP y coordine según RAAC 100 antes de volar."
      },
      "geometry": {
        "type": "Point",
        "coordinates": [
          -64.3372222222222,
          -33.1605555555556
        ]
      }
    },
    {
      "type": "Feature",
      "properties": {
        "id": "madhel_CUM",
        "name": "LA CUMBRE - (CUM / SACC) - DRNO - PÚBLICO NO CONTROLADO",
        "categoryId": "restricted",
        "radiusMeters": 2500.0,
        "allowedPermissionIds": [
          "authorized_commercial",
          "special_permit"
        ],
        "details": "Aeródromo registrado en MADHEL (ANAC), no controlado. Verifique NOTAMs/AIP y coordine según RAAC 100 antes de volar."
      },
      "geometry": {
        "type": "Point",
        "coordinates": [
          -64.5321,
          -31.00589
        ]
      }
    },
    {
      "type": "Feature",
      "properties": {
        "id": "madhel_CUT",
        "name": "CUTRAL CÓ - (CUT / SAZW) - DRCE - PÚBLICO NO CONTROLADO",
        "categoryId": "restricted",
        "radiusMeters": 2500.0,
        "allowedPermissionIds": [
          "authorized_commercial",
          "special_permit"
        ],
        "details": "Aeródromo registrado en MADHEL (ANAC), no controlado. Verifique NOTAMs/AIP y coordine según RAAC 100 antes de volar."
      },
      "geometry": {
        "type": "Point",
        "coordinates": [
          -69.265,
          -38.9397222222222
        ]
      }
    },
    {
      "type": "Feature",
      "properties": {
        "id": "madhel_CVV",
        "name": "VILLA VALERIA - (CVV) - DRNO - PRIVADO NO CONTROLADO [** USO AGROAÉREO **]",
        "categoryId": "restricted",
        "radiusMeters": 2500.0,
        "allowedPermissionIds": [
          "authorized_commercial",
          "special_permit"
        ],
        "details": "Aeródromo registrado en MADHEL (ANAC), no controlado. Verifique NOTAMs/AIP y coordine según RAAC 100 antes de volar."
      },
      "geometry": {
        "type": "Point",
        "coordinates": [
          -64.9011111111111,
          -34.3563888888889
        ]
      }
    },
    {
      "type": "Feature",
      "properties": {
        "id": "madhel_CZU",
        "name": "CURUZÚ CUATIÁ / AEROCLUB - (CZU) - DRNE - PÚBLICO NO CONTROLADO",
        "categoryId": "restricted",
        "radiusMeters": 2500.0,
        "allowedPermissionIds": [
          "authorized_commercial",
          "special_permit"
        ],
        "details": "Aeródromo registrado en MADHEL (ANAC), no controlado. Verifique NOTAMs/AIP y coordine según RAAC 100 antes de volar."
      },
      "geometry": {
        "type": "Point",
        "coordinates": [
          -58.0969444444444,
          -29.7788888888889
        ]
      }
    },
    {
      "type": "Feature",
      "properties": {
        "id": "madhel_DAR",
        "name": "DARREGUEIRA - (DAR) - DRCE - PRIVADO NO CONTROLADO",
        "categoryId": "restricted",
        "radiusMeters": 2500.0,
        "allowedPermissionIds": [
          "authorized_commercial",
          "special_permit"
        ],
        "details": "Aeródromo registrado en MADHEL (ANAC), no controlado. Verifique NOTAMs/AIP y coordine según RAAC 100 antes de volar."
      },
      "geometry": {
        "type": "Point",
        "coordinates": [
          -63.16253,
          -37.7122
        ]
      }
    },
    {
      "type": "Feature",
      "properties": {
        "id": "madhel_DFR",
        "name": "DAIREAUX / FUMIGACIONES - (DFR) - DRCE - PÚBLICO NO CONTROLADO [** USO AGROAÉREO **]",
        "categoryId": "restricted",
        "radiusMeters": 2500.0,
        "allowedPermissionIds": [
          "authorized_commercial",
          "special_permit"
        ],
        "details": "Aeródromo registrado en MADHEL (ANAC), no controlado. Verifique NOTAMs/AIP y coordine según RAAC 100 antes de volar."
      },
      "geometry": {
        "type": "Point",
        "coordinates": [
          -61.77504,
          -36.59076
        ]
      }
    },
    {
      "type": "Feature",
      "properties": {
        "id": "madhel_DIA",
        "name": "CONCORDIA / COMODORO JUAN JOSÉ PIERRESTEGUI - (DIA / SAAC) - DRCE - PÚBLICO CONTROLADO",
        "categoryId": "controlled_airspace",
        "radiusMeters": 9000.0,
        "allowedPermissionIds": [
          "authorized_commercial",
          "special_permit"
        ],
        "details": "Espacio aéreo controlado de aeródromo (MADHEL/ANAC). Requiere coordinación con la torre de control (ATC)."
      },
      "geometry": {
        "type": "Point",
        "coordinates": [
          -57.9966666666667,
          -31.2969444444444
        ]
      }
    },
    {
      "type": "Feature",
      "properties": {
        "id": "madhel_DIL",
        "name": "TANDIL / HÉROES DE MALVINAS - (DIL / SAZT) - DRCE - PÚBLICO CONTROLADO",
        "categoryId": "controlled_airspace",
        "radiusMeters": 9000.0,
        "allowedPermissionIds": [
          "authorized_commercial",
          "special_permit"
        ],
        "details": "Espacio aéreo controlado de aeródromo (MADHEL/ANAC). Requiere coordinación con la torre de control (ATC)."
      },
      "geometry": {
        "type": "Point",
        "coordinates": [
          -59.2285861111111,
          -37.2343777777778
        ]
      }
    },
    {
      "type": "Feature",
      "properties": {
        "id": "madhel_DIO",
        "name": "﻿TANDIL / COMANDANTE EDUARDO A. OLIVERO - (DIO) - DRCE - PÚBLICO NO CONTROLADO",
        "categoryId": "restricted",
        "radiusMeters": 2500.0,
        "allowedPermissionIds": [
          "authorized_commercial",
          "special_permit"
        ],
        "details": "Aeródromo registrado en MADHEL (ANAC), no controlado. Verifique NOTAMs/AIP y coordine según RAAC 100 antes de volar."
      },
      "geometry": {
        "type": "Point",
        "coordinates": [
          -58.98268,
          -37.34678
        ]
      }
    },
    {
      "type": "Feature",
      "properties": {
        "id": "madhel_DLC",
        "name": "DESPEÑADEROS / LOS CARANCHOS (DLC) - DRNO – PRIVADO NO CONTROLADO",
        "categoryId": "restricted",
        "radiusMeters": 2500.0,
        "allowedPermissionIds": [
          "authorized_commercial",
          "special_permit"
        ],
        "details": "Aeródromo registrado en MADHEL (ANAC), no controlado. Verifique NOTAMs/AIP y coordine según RAAC 100 antes de volar."
      },
      "geometry": {
        "type": "Point",
        "coordinates": [
          -58.98268,
          -37.34678
        ]
      }
    },
    {
      "type": "Feature",
      "properties": {
        "id": "madhel_DOL",
        "name": "DOLORES - (DOL / SAZD) - DRCE - PÚBLICO NO CONTROLADO",
        "categoryId": "restricted",
        "radiusMeters": 2500.0,
        "allowedPermissionIds": [
          "authorized_commercial",
          "special_permit"
        ],
        "details": "Aeródromo registrado en MADHEL (ANAC), no controlado. Verifique NOTAMs/AIP y coordine según RAAC 100 antes de volar."
      },
      "geometry": {
        "type": "Point",
        "coordinates": [
          -57.7205555555556,
          -36.32
        ]
      }
    },
    {
      "type": "Feature",
      "properties": {
        "id": "madhel_DOP",
        "name": "MENDOZA / LA PUNTILLA - (DOP) - DRNO - PÚBLICO NO CONTROLADO",
        "categoryId": "restricted",
        "radiusMeters": 2500.0,
        "allowedPermissionIds": [
          "authorized_commercial",
          "special_permit"
        ],
        "details": "Aeródromo registrado en MADHEL (ANAC), no controlado. Verifique NOTAMs/AIP y coordine según RAAC 100 antes de volar."
      },
      "geometry": {
        "type": "Point",
        "coordinates": [
          -68.87395,
          -32.96254
        ]
      }
    },
    {
      "type": "Feature",
      "properties": {
        "id": "madhel_DOR",
        "name": "CORONEL DORREGO - (DOR) - DRCE - PÚBLICO NO CONTROLADO",
        "categoryId": "restricted",
        "radiusMeters": 2500.0,
        "allowedPermissionIds": [
          "authorized_commercial",
          "special_permit"
        ],
        "details": "Aeródromo registrado en MADHEL (ANAC), no controlado. Verifique NOTAMs/AIP y coordine según RAAC 100 antes de volar."
      },
      "geometry": {
        "type": "Point",
        "coordinates": [
          -61.2558333333333,
          -38.7411111111111
        ]
      }
    },
    {
      "type": "Feature",
      "properties": {
        "id": "madhel_DOZ",
        "name": "MENDOZA / EL PLUMERILLO - (DOZ / SAME) - DRNO - PÚBLICO CONTROLADO INTERNACIONAL",
        "categoryId": "controlled_airspace",
        "radiusMeters": 9000.0,
        "allowedPermissionIds": [
          "authorized_commercial",
          "special_permit"
        ],
        "details": "Espacio aéreo controlado de aeródromo (MADHEL/ANAC). Requiere coordinación con la torre de control (ATC)."
      },
      "geometry": {
        "type": "Point",
        "coordinates": [
          -68.7927777777778,
          -32.8316666666667
        ]
      }
    },
    {
      "type": "Feature",
      "properties": {
        "id": "madhel_DRX",
        "name": "﻿DAIREAUX - (DRX) - DRCE - PRIVADO NO CONTROLADO",
        "categoryId": "restricted",
        "radiusMeters": 2500.0,
        "allowedPermissionIds": [
          "authorized_commercial",
          "special_permit"
        ],
        "details": "Aeródromo registrado en MADHEL (ANAC), no controlado. Verifique NOTAMs/AIP y coordine según RAAC 100 antes de volar."
      },
      "geometry": {
        "type": "Point",
        "coordinates": [
          -61.7841666666667,
          -36.5827777777778
        ]
      }
    },
    {
      "type": "Feature",
      "properties": {
        "id": "madhel_DRY",
        "name": "PUERTO MADRYN / EL TEHUELCHE - (DRY / SAVY) - DRSU - PÚBLICO CONTROLADO",
        "categoryId": "controlled_airspace",
        "radiusMeters": 9000.0,
        "allowedPermissionIds": [
          "authorized_commercial",
          "special_permit"
        ],
        "details": "Espacio aéreo controlado de aeródromo (MADHEL/ANAC). Requiere coordinación con la torre de control (ATC)."
      },
      "geometry": {
        "type": "Point",
        "coordinates": [
          -65.1027777777778,
          -42.7591666666667
        ]
      }
    },
    {
      "type": "Feature",
      "properties": {
        "id": "madhel_DTE",
        "name": "DIAMANTE - (DTE) - DRCE - PRIVADO NO CONTROLADO",
        "categoryId": "restricted",
        "radiusMeters": 2500.0,
        "allowedPermissionIds": [
          "authorized_commercial",
          "special_permit"
        ],
        "details": "Aeródromo registrado en MADHEL (ANAC), no controlado. Verifique NOTAMs/AIP y coordine según RAAC 100 antes de volar."
      },
      "geometry": {
        "type": "Point",
        "coordinates": [
          -60.58329,
          -32.01621
        ]
      }
    },
    {
      "type": "Feature",
      "properties": {
        "id": "madhel_EAU",
        "name": "USHUAIA / EST. AERONAVAL - (EAU) - DRSU - PRIVADO NO CONTROLADO",
        "categoryId": "restricted",
        "radiusMeters": 2500.0,
        "allowedPermissionIds": [
          "authorized_commercial",
          "special_permit"
        ],
        "details": "Aeródromo registrado en MADHEL (ANAC), no controlado. Verifique NOTAMs/AIP y coordine según RAAC 100 antes de volar."
      },
      "geometry": {
        "type": "Point",
        "coordinates": [
          -68.3041666666667,
          -54.8227777777778
        ]
      }
    },
    {
      "type": "Feature",
      "properties": {
        "id": "madhel_EBF",
        "name": "ESPERANZA / ANIBAL BRIZI - (EBF) - DRCE - PRIVADO NO CONTROLADO",
        "categoryId": "restricted",
        "radiusMeters": 2500.0,
        "allowedPermissionIds": [
          "authorized_commercial",
          "special_permit"
        ],
        "details": "Aeródromo registrado en MADHEL (ANAC), no controlado. Verifique NOTAMs/AIP y coordine según RAAC 100 antes de volar."
      },
      "geometry": {
        "type": "Point",
        "coordinates": [
          -60.8994444444444,
          -31.4055555555556
        ]
      }
    },
    {
      "type": "Feature",
      "properties": {
        "id": "madhel_ECA",
        "name": "EL CALAFATE - (ECA / SAWC) - DRSU - PÚBLICO CONTROLADO INTERNACIONAL",
        "categoryId": "controlled_airspace",
        "radiusMeters": 9000.0,
        "allowedPermissionIds": [
          "authorized_commercial",
          "special_permit"
        ],
        "details": "Espacio aéreo controlado de aeródromo (MADHEL/ANAC). Requiere coordinación con la torre de control (ATC)."
      },
      "geometry": {
        "type": "Point",
        "coordinates": [
          -72.0530555555556,
          -50.28
        ]
      }
    },
    {
      "type": "Feature",
      "properties": {
        "id": "madhel_ECX",
        "name": "﻿EDUARDO CASTEX - (ECX) - DRCE - PÚBLICO NO CONTROLADO",
        "categoryId": "restricted",
        "radiusMeters": 2500.0,
        "allowedPermissionIds": [
          "authorized_commercial",
          "special_permit"
        ],
        "details": "Aeródromo registrado en MADHEL (ANAC), no controlado. Verifique NOTAMs/AIP y coordine según RAAC 100 antes de volar."
      },
      "geometry": {
        "type": "Point",
        "coordinates": [
          -64.275,
          -35.8822222222222
        ]
      }
    },
    {
      "type": "Feature",
      "properties": {
        "id": "madhel_EDO",
        "name": "CORONEL OLMEDO - (EDO / SACD) - DRNO - PÚBLICO NO CONTROLADO",
        "categoryId": "restricted",
        "radiusMeters": 2500.0,
        "allowedPermissionIds": [
          "authorized_commercial",
          "special_permit"
        ],
        "details": "Aeródromo registrado en MADHEL (ANAC), no controlado. Verifique NOTAMs/AIP y coordine según RAAC 100 antes de volar."
      },
      "geometry": {
        "type": "Point",
        "coordinates": [
          -64.14083,
          -31.48679
        ]
      }
    },
    {
      "type": "Feature",
      "properties": {
        "id": "madhel_EDP",
        "name": "ESTANCIA DON PABLO (EDP) - DRNE - PRIVADO NO CONTROLADO - ILE",
        "categoryId": "restricted",
        "radiusMeters": 2500.0,
        "allowedPermissionIds": [
          "authorized_commercial",
          "special_permit"
        ],
        "details": "Aeródromo registrado en MADHEL (ANAC), no controlado. Verifique NOTAMs/AIP y coordine según RAAC 100 antes de volar."
      },
      "geometry": {
        "type": "Point",
        "coordinates": [
          -59.03,
          -29.54777778
        ]
      }
    },
    {
      "type": "Feature",
      "properties": {
        "id": "madhel_EGO",
        "name": "LAS PAREJAS / EL GAUCHO - (EGO) - DRCE - PRIVADO NO CONTROLADO",
        "categoryId": "restricted",
        "radiusMeters": 2500.0,
        "allowedPermissionIds": [
          "authorized_commercial",
          "special_permit"
        ],
        "details": "Aeródromo registrado en MADHEL (ANAC), no controlado. Verifique NOTAMs/AIP y coordine según RAAC 100 antes de volar."
      },
      "geometry": {
        "type": "Point",
        "coordinates": [
          -61.5444444444444,
          -32.6294444444444
        ]
      }
    },
    {
      "type": "Feature",
      "properties": {
        "id": "madhel_EKA",
        "name": "VILLA MERCEDES / EL KANY – (EKA) - DRNO – PRIVADO NO CONTROLADO",
        "categoryId": "restricted",
        "radiusMeters": 2500.0,
        "allowedPermissionIds": [
          "authorized_commercial",
          "special_permit"
        ],
        "details": "Aeródromo registrado en MADHEL (ANAC), no controlado. Verifique NOTAMs/AIP y coordine según RAAC 100 antes de volar."
      },
      "geometry": {
        "type": "Point",
        "coordinates": [
          -65.5334445312135,
          -33.6704417100504
        ]
      }
    },
    {
      "type": "Feature",
      "properties": {
        "id": "madhel_ELC",
        "name": "25 DE MAYO / ESTANCIA LA CRIOLLA - (ELC) - DRCE - PRIVADO NO CONTROLADO",
        "categoryId": "restricted",
        "radiusMeters": 2500.0,
        "allowedPermissionIds": [
          "authorized_commercial",
          "special_permit"
        ],
        "details": "Aeródromo registrado en MADHEL (ANAC), no controlado. Verifique NOTAMs/AIP y coordine según RAAC 100 antes de volar."
      },
      "geometry": {
        "type": "Point",
        "coordinates": [
          -60.1291666666667,
          -35.5366666666667
        ]
      }
    },
    {
      "type": "Feature",
      "properties": {
        "id": "madhel_ELD",
        "name": "AEROCLUB ALTO PARANÁ EL DORADO - (ELD / SATD) - DRNE - PÚBLICO NO CONTROLADO",
        "categoryId": "restricted",
        "radiusMeters": 2500.0,
        "allowedPermissionIds": [
          "authorized_commercial",
          "special_permit"
        ],
        "details": "Aeródromo registrado en MADHEL (ANAC), no controlado. Verifique NOTAMs/AIP y coordine según RAAC 100 antes de volar."
      },
      "geometry": {
        "type": "Point",
        "coordinates": [
          -54.5747222222222,
          -26.3969444444444
        ]
      }
    },
    {
      "type": "Feature",
      "properties": {
        "id": "madhel_ELL",
        "name": "MAR DEL SUR / ESTANCIA LUCILA - (ELL) - DRCE - PRIVADO NO CONTROLADO",
        "categoryId": "restricted",
        "radiusMeters": 2500.0,
        "allowedPermissionIds": [
          "authorized_commercial",
          "special_permit"
        ],
        "details": "Aeródromo registrado en MADHEL (ANAC), no controlado. Verifique NOTAMs/AIP y coordine según RAAC 100 antes de volar."
      },
      "geometry": {
        "type": "Point",
        "coordinates": [
          -58.105,
          -38.3086111111111
        ]
      }
    },
    {
      "type": "Feature",
      "properties": {
        "id": "madhel_ELP",
        "name": "CLUB DE PLANEADORES SANTA ROSA / AERÓDROMO EL PAMPERO - (ELP) - DRCE - PÚBLICO NO CONTROLADO",
        "categoryId": "restricted",
        "radiusMeters": 2500.0,
        "allowedPermissionIds": [
          "authorized_commercial",
          "special_permit"
        ],
        "details": "Aeródromo registrado en MADHEL (ANAC), no controlado. Verifique NOTAMs/AIP y coordine según RAAC 100 antes de volar."
      },
      "geometry": {
        "type": "Point",
        "coordinates": [
          -64.18672,
          -36.59712
        ]
      }
    },
    {
      "type": "Feature",
      "properties": {
        "id": "madhel_EMA",
        "name": "EL MAITÉN - (EMA / SAVD) - DRSU - PÚBLICO NO CONTROLADO",
        "categoryId": "restricted",
        "radiusMeters": 2500.0,
        "allowedPermissionIds": [
          "authorized_commercial",
          "special_permit"
        ],
        "details": "Aeródromo registrado en MADHEL (ANAC), no controlado. Verifique NOTAMs/AIP y coordine según RAAC 100 antes de volar."
      },
      "geometry": {
        "type": "Point",
        "coordinates": [
          -71.1708333333333,
          -42.03
        ]
      }
    },
    {
      "type": "Feature",
      "properties": {
        "id": "madhel_ENO",
        "name": "MARIANO MORENO - (ENO / SADJ) - DRCE - PÚBLICO CONTROLADO",
        "categoryId": "controlled_airspace",
        "radiusMeters": 9000.0,
        "allowedPermissionIds": [
          "authorized_commercial",
          "special_permit"
        ],
        "details": "Espacio aéreo controlado de aeródromo (MADHEL/ANAC). Requiere coordinación con la torre de control (ATC)."
      },
      "geometry": {
        "type": "Point",
        "coordinates": [
          -58.7897222222222,
          -34.56
        ]
      }
    },
    {
      "type": "Feature",
      "properties": {
        "id": "madhel_ENV",
        "name": "RIACHUELO / NUEVA VALENCIA - (ENV) - DRNE - PRIVADO NO CONTROLADO",
        "categoryId": "restricted",
        "radiusMeters": 2500.0,
        "allowedPermissionIds": [
          "authorized_commercial",
          "special_permit"
        ],
        "details": "Aeródromo registrado en MADHEL (ANAC), no controlado. Verifique NOTAMs/AIP y coordine según RAAC 100 antes de volar."
      },
      "geometry": {
        "type": "Point",
        "coordinates": [
          -58.819,
          -27.58744
        ]
      }
    },
    {
      "type": "Feature",
      "properties": {
        "id": "madhel_EPZ",
        "name": "ESPERANZA - (EPZ) - DRCE - PÚBLICO NO CONTROLADO",
        "categoryId": "restricted",
        "radiusMeters": 2500.0,
        "allowedPermissionIds": [
          "authorized_commercial",
          "special_permit"
        ],
        "details": "Aeródromo registrado en MADHEL (ANAC), no controlado. Verifique NOTAMs/AIP y coordine según RAAC 100 antes de volar."
      },
      "geometry": {
        "type": "Point",
        "coordinates": [
          -60.8452777777778,
          -31.4733333333333
        ]
      }
    },
    {
      "type": "Feature",
      "properties": {
        "id": "madhel_ERE",
        "name": "CERES - (ERE / SANW) - DRNO - PÚBLICO NO CONTROLADO",
        "categoryId": "restricted",
        "radiusMeters": 2500.0,
        "allowedPermissionIds": [
          "authorized_commercial",
          "special_permit"
        ],
        "details": "Aeródromo registrado en MADHEL (ANAC), no controlado. Verifique NOTAMs/AIP y coordine según RAAC 100 antes de volar."
      },
      "geometry": {
        "type": "Point",
        "coordinates": [
          -61.92696,
          -29.87161
        ]
      }
    },
    {
      "type": "Feature",
      "properties": {
        "id": "madhel_ERT",
        "name": "VILLA MERCEDES / ESTANCIA DON ROBERTO - (ERT) - DRNO - PRIVADO NO CONTROLADO",
        "categoryId": "restricted",
        "radiusMeters": 2500.0,
        "allowedPermissionIds": [
          "authorized_commercial",
          "special_permit"
        ],
        "details": "Aeródromo registrado en MADHEL (ANAC), no controlado. Verifique NOTAMs/AIP y coordine según RAAC 100 antes de volar."
      },
      "geometry": {
        "type": "Point",
        "coordinates": [
          -65.36657,
          -34.0011
        ]
      }
    },
    {
      "type": "Feature",
      "properties": {
        "id": "madhel_ESC",
        "name": "CÓRDOBA / ESCUELA DE AVIACIÓN MILITAR - (ESC / SACE) – FIR CBA - MILITAR CONTROLADO (FUERZA AÉREA ARGENTINA)",
        "categoryId": "controlled_airspace",
        "radiusMeters": 9000.0,
        "allowedPermissionIds": [
          "authorized_commercial",
          "special_permit"
        ],
        "details": "Espacio aéreo controlado de aeródromo (MADHEL/ANAC). Requiere coordinación con la torre de control (ATC)."
      },
      "geometry": {
        "type": "Point",
        "coordinates": [
          -64.28333333,
          -31.46055556
        ]
      }
    },
    {
      "type": "Feature",
      "properties": {
        "id": "madhel_ESN",
        "name": "ESQUINA - (ESN) - DRNE - PÚBLICO NO CONTROLADO",
        "categoryId": "restricted",
        "radiusMeters": 2500.0,
        "allowedPermissionIds": [
          "authorized_commercial",
          "special_permit"
        ],
        "details": "Aeródromo registrado en MADHEL (ANAC), no controlado. Verifique NOTAMs/AIP y coordine según RAAC 100 antes de volar."
      },
      "geometry": {
        "type": "Point",
        "coordinates": [
          -59.53521,
          -30.04762
        ]
      }
    },
    {
      "type": "Feature",
      "properties": {
        "id": "madhel_ESQ",
        "name": "ESQUEL / BRIGADIER GENERAL ANTONIO PARODI - (ESQ / SAVE) - DRSU - PÚBLICO CONTROLADO",
        "categoryId": "controlled_airspace",
        "radiusMeters": 9000.0,
        "allowedPermissionIds": [
          "authorized_commercial",
          "special_permit"
        ],
        "details": "Espacio aéreo controlado de aeródromo (MADHEL/ANAC). Requiere coordinación con la torre de control (ATC)."
      },
      "geometry": {
        "type": "Point",
        "coordinates": [
          -71.13554,
          -42.90381
        ]
      }
    },
    {
      "type": "Feature",
      "properties": {
        "id": "madhel_ESR",
        "name": "EL ESPINILLO / ESTANCIA SAN RAFAEL - (ESR) - DRNE - PRIVADO",
        "categoryId": "restricted",
        "radiusMeters": 2500.0,
        "allowedPermissionIds": [
          "authorized_commercial",
          "special_permit"
        ],
        "details": "Aeródromo registrado en MADHEL (ANAC), no controlado. Verifique NOTAMs/AIP y coordine según RAAC 100 antes de volar."
      },
      "geometry": {
        "type": "Point",
        "coordinates": [
          -58.59132,
          -25.04338
        ]
      }
    },
    {
      "type": "Feature",
      "properties": {
        "id": "madhel_ETB",
        "name": "EL TRÉBOL - (ETB) - DRCE - PÚBLICO NO CONTROLADO",
        "categoryId": "restricted",
        "radiusMeters": 2500.0,
        "allowedPermissionIds": [
          "authorized_commercial",
          "special_permit"
        ],
        "details": "Aeródromo registrado en MADHEL (ANAC), no controlado. Verifique NOTAMs/AIP y coordine según RAAC 100 antes de volar."
      },
      "geometry": {
        "type": "Point",
        "coordinates": [
          -61.71634,
          -32.2162
        ]
      }
    },
    {
      "type": "Feature",
      "properties": {
        "id": "madhel_EVC",
        "name": "GOBERNADOR VALENTÍN VIRASORO / Ea. VILLA CORINA - (EVC) - DRNE - PRIVADO NO CONTROLADO",
        "categoryId": "restricted",
        "radiusMeters": 2500.0,
        "allowedPermissionIds": [
          "authorized_commercial",
          "special_permit"
        ],
        "details": "Aeródromo registrado en MADHEL (ANAC), no controlado. Verifique NOTAMs/AIP y coordine según RAAC 100 antes de volar."
      },
      "geometry": {
        "type": "Point",
        "coordinates": [
          -56.07106,
          -28.04099
        ]
      }
    },
    {
      "type": "Feature",
      "properties": {
        "id": "madhel_EZA",
        "name": "LOS CONQUISTADORES / BUENA ESPERANZA - (EZA) - DRNE - PRIVADO NO CONTROLADO",
        "categoryId": "restricted",
        "radiusMeters": 2500.0,
        "allowedPermissionIds": [
          "authorized_commercial",
          "special_permit"
        ],
        "details": "Aeródromo registrado en MADHEL (ANAC), no controlado. Verifique NOTAMs/AIP y coordine según RAAC 100 antes de volar."
      },
      "geometry": {
        "type": "Point",
        "coordinates": [
          -58.39961,
          -30.52042
        ]
      }
    },
    {
      "type": "Feature",
      "properties": {
        "id": "madhel_EZE",
        "name": "EZEIZA / MINISTRO PISTARINI - (EZE / SAEZ) - DRCE - PÚBLICO CONTROLADO INTERNACIONAL",
        "categoryId": "controlled_airspace",
        "radiusMeters": 9000.0,
        "allowedPermissionIds": [
          "authorized_commercial",
          "special_permit"
        ],
        "details": "Espacio aéreo controlado de aeródromo (MADHEL/ANAC). Requiere coordinación con la torre de control (ATC)."
      },
      "geometry": {
        "type": "Point",
        "coordinates": [
          -58.5358333333333,
          -34.8222222222222
        ]
      }
    },
    {
      "type": "Feature",
      "properties": {
        "id": "madhel_FAE",
        "name": "FIRMAT / AEROCLUB - (FAE) - DRCE - PRIVADO NO CONTROLADO",
        "categoryId": "restricted",
        "radiusMeters": 2500.0,
        "allowedPermissionIds": [
          "authorized_commercial",
          "special_permit"
        ],
        "details": "Aeródromo registrado en MADHEL (ANAC), no controlado. Verifique NOTAMs/AIP y coordine según RAAC 100 antes de volar."
      },
      "geometry": {
        "type": "Point",
        "coordinates": [
          -61.51124,
          -33.42909
        ]
      }
    },
    {
      "type": "Feature",
      "properties": {
        "id": "madhel_FDD",
        "name": "FORTÍN DRAGONES / EL DESAFÍO - (FDD) - DRNO - PRIVADO NO CONTROLADO",
        "categoryId": "restricted",
        "radiusMeters": 2500.0,
        "allowedPermissionIds": [
          "authorized_commercial",
          "special_permit"
        ],
        "details": "Aeródromo registrado en MADHEL (ANAC), no controlado. Verifique NOTAMs/AIP y coordine según RAAC 100 antes de volar."
      },
      "geometry": {
        "type": "Point",
        "coordinates": [
          -63.3230555555556,
          -23.2425
        ]
      }
    },
    {
      "type": "Feature",
      "properties": {
        "id": "madhel_FDO",
        "name": "SAN FERNANDO - (FDO / SADF) - DRCE - PÚBLICO CONTROLADO INTERNACIONAL",
        "categoryId": "controlled_airspace",
        "radiusMeters": 9000.0,
        "allowedPermissionIds": [
          "authorized_commercial",
          "special_permit"
        ],
        "details": "Espacio aéreo controlado de aeródromo (MADHEL/ANAC). Requiere coordinación con la torre de control (ATC)."
      },
      "geometry": {
        "type": "Point",
        "coordinates": [
          -58.59091,
          -34.45454
        ]
      }
    },
    {
      "type": "Feature",
      "properties": {
        "id": "madhel_FLO",
        "name": "LAS FLORES - (FLO / SAEL) - DRCE - PÚBLICO NO CONTROLADO",
        "categoryId": "restricted",
        "radiusMeters": 2500.0,
        "allowedPermissionIds": [
          "authorized_commercial",
          "special_permit"
        ],
        "details": "Aeródromo registrado en MADHEL (ANAC), no controlado. Verifique NOTAMs/AIP y coordine según RAAC 100 antes de volar."
      },
      "geometry": {
        "type": "Point",
        "coordinates": [
          -59.1005555555556,
          -36.0663888888889
        ]
      }
    },
    {
      "type": "Feature",
      "properties": {
        "id": "madhel_FMA",
        "name": "CÓRDOBA / CAPITÁN D. OMAR DARÍO GELARDI - FADEA - (FMA / SACA) - DRNO - PÚBLICO NO CONTROLADO",
        "categoryId": "restricted",
        "radiusMeters": 2500.0,
        "allowedPermissionIds": [
          "authorized_commercial",
          "special_permit"
        ],
        "details": "Aeródromo registrado en MADHEL (ANAC), no controlado. Verifique NOTAMs/AIP y coordine según RAAC 100 antes de volar."
      },
      "geometry": {
        "type": "Point",
        "coordinates": [
          -64.25847,
          -31.44195
        ]
      }
    },
    {
      "type": "Feature",
      "properties": {
        "id": "madhel_FOR",
        "name": "FORMOSA / AEROCLUB - (FOR) - DRNE - PÚBLICO NO CONTROLADO",
        "categoryId": "restricted",
        "radiusMeters": 2500.0,
        "allowedPermissionIds": [
          "authorized_commercial",
          "special_permit"
        ],
        "details": "Aeródromo registrado en MADHEL (ANAC), no controlado. Verifique NOTAMs/AIP y coordine según RAAC 100 antes de volar."
      },
      "geometry": {
        "type": "Point",
        "coordinates": [
          -58.2983333333333,
          -26.3013888888889
        ]
      }
    },
    {
      "type": "Feature",
      "properties": {
        "id": "madhel_FRA",
        "name": "SAN FRANCISCO - (FRA) - DRNO - PÚBLICO NO CONTROLADO",
        "categoryId": "restricted",
        "radiusMeters": 2500.0,
        "allowedPermissionIds": [
          "authorized_commercial",
          "special_permit"
        ],
        "details": "Aeródromo registrado en MADHEL (ANAC), no controlado. Verifique NOTAMs/AIP y coordine según RAAC 100 antes de volar."
      },
      "geometry": {
        "type": "Point",
        "coordinates": [
          -62.1330555555556,
          -31.4130555555556
        ]
      }
    },
    {
      "type": "Feature",
      "properties": {
        "id": "madhel_FRO",
        "name": "ROSARIO DE LA FRONTERA - (FRO) - DRNO - PRIVADO NO CONTROLADO",
        "categoryId": "restricted",
        "radiusMeters": 2500.0,
        "allowedPermissionIds": [
          "authorized_commercial",
          "special_permit"
        ],
        "details": "Aeródromo registrado en MADHEL (ANAC), no controlado. Verifique NOTAMs/AIP y coordine según RAAC 100 antes de volar."
      },
      "geometry": {
        "type": "Point",
        "coordinates": [
          -64.96323,
          -25.82616
        ]
      }
    },
    {
      "type": "Feature",
      "properties": {
        "id": "madhel_FSA",
        "name": "FORMOSA - (FSA / SARF) - DRNE - PÚBLICO CONTROLADO INTERNACIONAL",
        "categoryId": "controlled_airspace",
        "radiusMeters": 9000.0,
        "allowedPermissionIds": [
          "authorized_commercial",
          "special_permit"
        ],
        "details": "Espacio aéreo controlado de aeródromo (MADHEL/ANAC). Requiere coordinación con la torre de control (ATC)."
      },
      "geometry": {
        "type": "Point",
        "coordinates": [
          -58.2280555555556,
          -26.2127777777778
        ]
      }
    },
    {
      "type": "Feature",
      "properties": {
        "id": "madhel_FUN",
        "name": "DEAN FUNES - (FUN) - DRNO - PRIVADO NO CONTROLADO",
        "categoryId": "restricted",
        "radiusMeters": 2500.0,
        "allowedPermissionIds": [
          "authorized_commercial",
          "special_permit"
        ],
        "details": "Aeródromo registrado en MADHEL (ANAC), no controlado. Verifique NOTAMs/AIP y coordine según RAAC 100 antes de volar."
      },
      "geometry": {
        "type": "Point",
        "coordinates": [
          -64.37973,
          -30.37934
        ]
      }
    },
    {
      "type": "Feature",
      "properties": {
        "id": "madhel_FVA",
        "name": "FLORENCIO VARELA / EL PÁJARO - (FVA) - DRCE - PÚBLICO NO CONTROLADO",
        "categoryId": "restricted",
        "radiusMeters": 2500.0,
        "allowedPermissionIds": [
          "authorized_commercial",
          "special_permit"
        ],
        "details": "Aeródromo registrado en MADHEL (ANAC), no controlado. Verifique NOTAMs/AIP y coordine según RAAC 100 antes de volar."
      },
      "geometry": {
        "type": "Point",
        "coordinates": [
          -58.3166666666667,
          -34.8266666666667
        ]
      }
    },
    {
      "type": "Feature",
      "properties": {
        "id": "madhel_GAA",
        "name": "GUALEGUAY / AGRO AÉREO GUALEGUAY - (GAA) - DRCE - PRIVADO NO CONTROLADO [** USO AGROAÉREO **]",
        "categoryId": "restricted",
        "radiusMeters": 2500.0,
        "allowedPermissionIds": [
          "authorized_commercial",
          "special_permit"
        ],
        "details": "Aeródromo registrado en MADHEL (ANAC), no controlado. Verifique NOTAMs/AIP y coordine según RAAC 100 antes de volar."
      },
      "geometry": {
        "type": "Point",
        "coordinates": [
          -59.43992,
          -33.03832
        ]
      }
    },
    {
      "type": "Feature",
      "properties": {
        "id": "madhel_GAI",
        "name": "GANCEDO / AGROAIRE - (GAI) - DRNO - PRIVADO NO CONTROLADO",
        "categoryId": "restricted",
        "radiusMeters": 2500.0,
        "allowedPermissionIds": [
          "authorized_commercial",
          "special_permit"
        ],
        "details": "Aeródromo registrado en MADHEL (ANAC), no controlado. Verifique NOTAMs/AIP y coordine según RAAC 100 antes de volar."
      },
      "geometry": {
        "type": "Point",
        "coordinates": [
          -61.65877,
          -27.49486
        ]
      }
    },
    {
      "type": "Feature",
      "properties": {
        "id": "madhel_GAL",
        "name": "RÍO GALLEGOS / PILOTO CIVIL N. FERNÁNDEZ - (GAL / SAWG) - DRSU - PÚBLICO CONTROLADO INTERNACIONAL",
        "categoryId": "controlled_airspace",
        "radiusMeters": 9000.0,
        "allowedPermissionIds": [
          "authorized_commercial",
          "special_permit"
        ],
        "details": "Espacio aéreo controlado de aeródromo (MADHEL/ANAC). Requiere coordinación con la torre de control (ATC)."
      },
      "geometry": {
        "type": "Point",
        "coordinates": [
          -69.31217,
          -51.60881
        ]
      }
    },
    {
      "type": "Feature",
      "properties": {
        "id": "madhel_GAS",
        "name": "GENERAL VILLEGAS - (GAS) - DRCE - PÚBLICO NO CONTROLADO",
        "categoryId": "restricted",
        "radiusMeters": 2500.0,
        "allowedPermissionIds": [
          "authorized_commercial",
          "special_permit"
        ],
        "details": "Aeródromo registrado en MADHEL (ANAC), no controlado. Verifique NOTAMs/AIP y coordine según RAAC 100 antes de volar."
      },
      "geometry": {
        "type": "Point",
        "coordinates": [
          -62.99883,
          -34.99615
        ]
      }
    },
    {
      "type": "Feature",
      "properties": {
        "id": "madhel_GBE",
        "name": "GENERAL BELGRANO - (GBE) - DRCE - PRIVADO NO CONTROLADO",
        "categoryId": "restricted",
        "radiusMeters": 2500.0,
        "allowedPermissionIds": [
          "authorized_commercial",
          "special_permit"
        ],
        "details": "Aeródromo registrado en MADHEL (ANAC), no controlado. Verifique NOTAMs/AIP y coordine según RAAC 100 antes de volar."
      },
      "geometry": {
        "type": "Point",
        "coordinates": [
          -58.46327,
          -35.75191
        ]
      }
    },
    {
      "type": "Feature",
      "properties": {
        "id": "madhel_GBL",
        "name": "SALTA / GENERAL BELGRANO - (GBL) - DRNO - PÚBLICO NO CONTROLADO",
        "categoryId": "restricted",
        "radiusMeters": 2500.0,
        "allowedPermissionIds": [
          "authorized_commercial",
          "special_permit"
        ],
        "details": "Aeródromo registrado en MADHEL (ANAC), no controlado. Verifique NOTAMs/AIP y coordine según RAAC 100 antes de volar."
      },
      "geometry": {
        "type": "Point",
        "coordinates": [
          -65.4188888888889,
          -24.7458333333333
        ]
      }
    },
    {
      "type": "Feature",
      "properties": {
        "id": "madhel_GCR",
        "name": "GOBERNADOR CRESPO / AEROCLUB - (GCR) - DRNO - PÚBLICO NO CONTROLADO",
        "categoryId": "restricted",
        "radiusMeters": 2500.0,
        "allowedPermissionIds": [
          "authorized_commercial",
          "special_permit"
        ],
        "details": "Aeródromo registrado en MADHEL (ANAC), no controlado. Verifique NOTAMs/AIP y coordine según RAAC 100 antes de volar."
      },
      "geometry": {
        "type": "Point",
        "coordinates": [
          -60.3691666666667,
          -30.3872222222222
        ]
      }
    },
    {
      "type": "Feature",
      "properties": {
        "id": "madhel_GDH",
        "name": "GENERAL DEHEZA - (GDH / SROD) - DRNO - PRIVADO NO CONTROLADO",
        "categoryId": "restricted",
        "radiusMeters": 2500.0,
        "allowedPermissionIds": [
          "authorized_commercial",
          "special_permit"
        ],
        "details": "Aeródromo registrado en MADHEL (ANAC), no controlado. Verifique NOTAMs/AIP y coordine según RAAC 100 antes de volar."
      },
      "geometry": {
        "type": "Point",
        "coordinates": [
          -63.7961111111111,
          -32.745
        ]
      }
    },
    {
      "type": "Feature",
      "properties": {
        "id": "madhel_GDO",
        "name": "GANCEDO / PULVERIZACIONES M. H. - (GDO) - DRNO - PRIVADO NO CONTROLADO [** USO AGROAÉREO **]",
        "categoryId": "restricted",
        "radiusMeters": 2500.0,
        "allowedPermissionIds": [
          "authorized_commercial",
          "special_permit"
        ],
        "details": "Aeródromo registrado en MADHEL (ANAC), no controlado. Verifique NOTAMs/AIP y coordine según RAAC 100 antes de volar."
      },
      "geometry": {
        "type": "Point",
        "coordinates": [
          -61.64441,
          -27.47845
        ]
      }
    },
    {
      "type": "Feature",
      "properties": {
        "id": "madhel_GEP",
        "name": "GUALEGUAYCHÚ / EL POTRERO - (GEP) - DRCE - PRIVADO NO CONTROLADO",
        "categoryId": "restricted",
        "radiusMeters": 2500.0,
        "allowedPermissionIds": [
          "authorized_commercial",
          "special_permit"
        ],
        "details": "Aeródromo registrado en MADHEL (ANAC), no controlado. Verifique NOTAMs/AIP y coordine según RAAC 100 antes de volar."
      },
      "geometry": {
        "type": "Point",
        "coordinates": [
          -58.2538888888889,
          -32.9747222222222
        ]
      }
    },
    {
      "type": "Feature",
      "properties": {
        "id": "madhel_GES",
        "name": "VILLA GESELL - (GES / SAZV) - DRCE - PÚBLICO NO CONTROLADO",
        "categoryId": "restricted",
        "radiusMeters": 2500.0,
        "allowedPermissionIds": [
          "authorized_commercial",
          "special_permit"
        ],
        "details": "Aeródromo registrado en MADHEL (ANAC), no controlado. Verifique NOTAMs/AIP y coordine según RAAC 100 antes de volar."
      },
      "geometry": {
        "type": "Point",
        "coordinates": [
          -57.0238888888889,
          -37.2344444444444
        ]
      }
    },
    {
      "type": "Feature",
      "properties": {
        "id": "madhel_GEZ",
        "name": "GENERAL RODRÍGUEZ / EAA - (GEZ / SRDR) - DRCE - PÚBLICO NO CONTROLADO",
        "categoryId": "restricted",
        "radiusMeters": 2500.0,
        "allowedPermissionIds": [
          "authorized_commercial",
          "special_permit"
        ],
        "details": "Aeródromo registrado en MADHEL (ANAC), no controlado. Verifique NOTAMs/AIP y coordine según RAAC 100 antes de volar."
      },
      "geometry": {
        "type": "Point",
        "coordinates": [
          -59.0358333333333,
          -34.6802777777778
        ]
      }
    },
    {
      "type": "Feature",
      "properties": {
        "id": "madhel_GIL",
        "name": "SAN ANDRÉS DE GILES - (GIL) - DRCE - PÚBLICO NO CONTROLADO",
        "categoryId": "restricted",
        "radiusMeters": 2500.0,
        "allowedPermissionIds": [
          "authorized_commercial",
          "special_permit"
        ],
        "details": "Aeródromo registrado en MADHEL (ANAC), no controlado. Verifique NOTAMs/AIP y coordine según RAAC 100 antes de volar."
      },
      "geometry": {
        "type": "Point",
        "coordinates": [
          -59.4247222222222,
          -34.4702777777778
        ]
      }
    },
    {
      "type": "Feature",
      "properties": {
        "id": "madhel_GIT",
        "name": "GOYA / ITALAVIATION - (GIT) - DRNE - PRIVADO NO CONTROLADO",
        "categoryId": "restricted",
        "radiusMeters": 2500.0,
        "allowedPermissionIds": [
          "authorized_commercial",
          "special_permit"
        ],
        "details": "Aeródromo registrado en MADHEL (ANAC), no controlado. Verifique NOTAMs/AIP y coordine según RAAC 100 antes de volar."
      },
      "geometry": {
        "type": "Point",
        "coordinates": [
          -59.17949,
          -29.15852
        ]
      }
    },
    {
      "type": "Feature",
      "properties": {
        "id": "madhel_GLC",
        "name": "GENERAL PINTO / EA. LA CATALINA (GLC) - DRCE - PRIVADO NO CONTROLADO [### PERMISO PROVISORIO DE OPERACIÓN (PPO) ###]",
        "categoryId": "restricted",
        "radiusMeters": 2500.0,
        "allowedPermissionIds": [
          "authorized_commercial",
          "special_permit"
        ],
        "details": "Aeródromo registrado en MADHEL (ANAC), no controlado. Verifique NOTAMs/AIP y coordine según RAAC 100 antes de volar."
      },
      "geometry": {
        "type": "Point",
        "coordinates": [
          -62.1799345179286,
          -34.4618551641344
        ]
      }
    },
    {
      "type": "Feature",
      "properties": {
        "id": "madhel_GLP",
        "name": "GUALEGUAYCHÚ / EA LA PROVIDENCIA - (GLP) - DRCE - PRIVADO NO CONTROLADO",
        "categoryId": "restricted",
        "radiusMeters": 2500.0,
        "allowedPermissionIds": [
          "authorized_commercial",
          "special_permit"
        ],
        "details": "Aeródromo registrado en MADHEL (ANAC), no controlado. Verifique NOTAMs/AIP y coordine según RAAC 100 antes de volar."
      },
      "geometry": {
        "type": "Point",
        "coordinates": [
          -58.56483,
          -32.9414
        ]
      }
    },
    {
      "type": "Feature",
      "properties": {
        "id": "madhel_GNR",
        "name": "GENERAL ROCA / DR. ARTURO H. ILLIA - (GNR / SAHR) - DRCE - PÚBLICO NO CONTROLADO",
        "categoryId": "restricted",
        "radiusMeters": 2500.0,
        "allowedPermissionIds": [
          "authorized_commercial",
          "special_permit"
        ],
        "details": "Aeródromo registrado en MADHEL (ANAC), no controlado. Verifique NOTAMs/AIP y coordine según RAAC 100 antes de volar."
      },
      "geometry": {
        "type": "Point",
        "coordinates": [
          -67.6197222222222,
          -39.0
        ]
      }
    },
    {
      "type": "Feature",
      "properties": {
        "id": "madhel_GNV",
        "name": "GENERAL VIAMONTE / LOS TOLDOS - (GNV) - DRCE - PÚBLICO NO CONTROLADO",
        "categoryId": "restricted",
        "radiusMeters": 2500.0,
        "allowedPermissionIds": [
          "authorized_commercial",
          "special_permit"
        ],
        "details": "Aeródromo registrado en MADHEL (ANAC), no controlado. Verifique NOTAMs/AIP y coordine según RAAC 100 antes de volar."
      },
      "geometry": {
        "type": "Point",
        "coordinates": [
          -61.0208333333333,
          -34.9772222222222
        ]
      }
    },
    {
      "type": "Feature",
      "properties": {
        "id": "madhel_GOC",
        "name": "GOBERNADOR CASTRO / EL GIRASOL - (GOC) - DRCE - PRIVADO NO CONTROLADO",
        "categoryId": "restricted",
        "radiusMeters": 2500.0,
        "allowedPermissionIds": [
          "authorized_commercial",
          "special_permit"
        ],
        "details": "Aeródromo registrado en MADHEL (ANAC), no controlado. Verifique NOTAMs/AIP y coordine según RAAC 100 antes de volar."
      },
      "geometry": {
        "type": "Point",
        "coordinates": [
          -59.83415,
          -33.66857
        ]
      }
    },
    {
      "type": "Feature",
      "properties": {
        "id": "madhel_GOM",
        "name": "CAÑADA DE GÓMEZ - (GOM) - DRCE - PÚBLICO NO CONTROLADO",
        "categoryId": "restricted",
        "radiusMeters": 2500.0,
        "allowedPermissionIds": [
          "authorized_commercial",
          "special_permit"
        ],
        "details": "Aeródromo registrado en MADHEL (ANAC), no controlado. Verifique NOTAMs/AIP y coordine según RAAC 100 antes de volar."
      },
      "geometry": {
        "type": "Point",
        "coordinates": [
          -61.36579,
          -32.80887
        ]
      }
    },
    {
      "type": "Feature",
      "properties": {
        "id": "madhel_GOR",
        "name": "CHAMICAL / GOBERNADOR GORDILLO - (GOR / SACT) - FIR CBA - MILITAR CONTROLADO (FUERZA AÉREA ARGENTINA)",
        "categoryId": "controlled_airspace",
        "radiusMeters": 9000.0,
        "allowedPermissionIds": [
          "authorized_commercial",
          "special_permit"
        ],
        "details": "Espacio aéreo controlado de aeródromo (MADHEL/ANAC). Requiere coordinación con la torre de control (ATC)."
      },
      "geometry": {
        "type": "Point",
        "coordinates": [
          -66.29403,
          -30.34416
        ]
      }
    },
    {
      "type": "Feature",
      "properties": {
        "id": "madhel_GOY",
        "name": "GOYA - (GOY / SATG) - DRNE - PÚBLICO NO CONTROLADO",
        "categoryId": "restricted",
        "radiusMeters": 2500.0,
        "allowedPermissionIds": [
          "authorized_commercial",
          "special_permit"
        ],
        "details": "Aeródromo registrado en MADHEL (ANAC), no controlado. Verifique NOTAMs/AIP y coordine según RAAC 100 antes de volar."
      },
      "geometry": {
        "type": "Point",
        "coordinates": [
          -59.21874,
          -29.10595
        ]
      }
    },
    {
      "type": "Feature",
      "properties": {
        "id": "madhel_GOZ",
        "name": "GÓMEZ - (GOZ) - DRCE - PÚBLICO NO CONTROLADO",
        "categoryId": "restricted",
        "radiusMeters": 2500.0,
        "allowedPermissionIds": [
          "authorized_commercial",
          "special_permit"
        ],
        "details": "Aeródromo registrado en MADHEL (ANAC), no controlado. Verifique NOTAMs/AIP y coordine según RAAC 100 antes de volar."
      },
      "geometry": {
        "type": "Point",
        "coordinates": [
          -58.0858,
          -35.09556
        ]
      }
    },
    {
      "type": "Feature",
      "properties": {
        "id": "madhel_GPI",
        "name": "GENERAL PICO - (GPI / SAZG) - DRCE - PÚBLICO NO CONTROLADO",
        "categoryId": "restricted",
        "radiusMeters": 2500.0,
        "allowedPermissionIds": [
          "authorized_commercial",
          "special_permit"
        ],
        "details": "Aeródromo registrado en MADHEL (ANAC), no controlado. Verifique NOTAMs/AIP y coordine según RAAC 100 antes de volar."
      },
      "geometry": {
        "type": "Point",
        "coordinates": [
          -63.7588888888889,
          -35.6947222222222
        ]
      }
    },
    {
      "type": "Feature",
      "properties": {
        "id": "madhel_GPK",
        "name": "GENERAL PINEDO / KALBERMATTER - (GPK) - DRNE - PRIVADO NO CONTROLADO",
        "categoryId": "restricted",
        "radiusMeters": 2500.0,
        "allowedPermissionIds": [
          "authorized_commercial",
          "special_permit"
        ],
        "details": "Aeródromo registrado en MADHEL (ANAC), no controlado. Verifique NOTAMs/AIP y coordine según RAAC 100 antes de volar."
      },
      "geometry": {
        "type": "Point",
        "coordinates": [
          -61.4744444444444,
          -27.2602777777778
        ]
      }
    },
    {
      "type": "Feature",
      "properties": {
        "id": "madhel_GPO",
        "name": "GENERAL PINEDO - (GPO) - DRNE - PÚBLICO NO CONTROLADO",
        "categoryId": "restricted",
        "radiusMeters": 2500.0,
        "allowedPermissionIds": [
          "authorized_commercial",
          "special_permit"
        ],
        "details": "Aeródromo registrado en MADHEL (ANAC), no controlado. Verifique NOTAMs/AIP y coordine según RAAC 100 antes de volar."
      },
      "geometry": {
        "type": "Point",
        "coordinates": [
          -61.27484,
          -27.34401
        ]
      }
    },
    {
      "type": "Feature",
      "properties": {
        "id": "madhel_GRA",
        "name": "RÍO GRANDE - (GRA / SAWE) - DRSU - PÚBLICO CONTROLADO INTERNACIONAL",
        "categoryId": "controlled_airspace",
        "radiusMeters": 9000.0,
        "allowedPermissionIds": [
          "authorized_commercial",
          "special_permit"
        ],
        "details": "Espacio aéreo controlado de aeródromo (MADHEL/ANAC). Requiere coordinación con la torre de control (ATC)."
      },
      "geometry": {
        "type": "Point",
        "coordinates": [
          -67.74952,
          -53.7776
        ]
      }
    },
    {
      "type": "Feature",
      "properties": {
        "id": "madhel_GRE",
        "name": "GOBERNADOR GREGORES - (GRE / SAWR) - DRSU - PÚBLICO NO CONTROLADO",
        "categoryId": "restricted",
        "radiusMeters": 2500.0,
        "allowedPermissionIds": [
          "authorized_commercial",
          "special_permit"
        ],
        "details": "Aeródromo registrado en MADHEL (ANAC), no controlado. Verifique NOTAMs/AIP y coordine según RAAC 100 antes de volar."
      },
      "geometry": {
        "type": "Point",
        "coordinates": [
          -70.1622222222222,
          -48.7833333333333
        ]
      }
    },
    {
      "type": "Feature",
      "properties": {
        "id": "madhel_GSE",
        "name": "GUAVIRAVÍ / ESTANCIA SANTA ELISA - (GSE) - DRNE - PRIVADO NO CONTROLADO",
        "categoryId": "restricted",
        "radiusMeters": 2500.0,
        "allowedPermissionIds": [
          "authorized_commercial",
          "special_permit"
        ],
        "details": "Aeródromo registrado en MADHEL (ANAC), no controlado. Verifique NOTAMs/AIP y coordine según RAAC 100 antes de volar."
      },
      "geometry": {
        "type": "Point",
        "coordinates": [
          -56.88124,
          -29.30444
        ]
      }
    },
    {
      "type": "Feature",
      "properties": {
        "id": "madhel_GUA",
        "name": "GUALEGUAYCHÚ - (GUA / SAAG) - DRCE - PÚBLICO CONTROLADO",
        "categoryId": "controlled_airspace",
        "radiusMeters": 9000.0,
        "allowedPermissionIds": [
          "authorized_commercial",
          "special_permit"
        ],
        "details": "Espacio aéreo controlado de aeródromo (MADHEL/ANAC). Requiere coordinación con la torre de control (ATC)."
      },
      "geometry": {
        "type": "Point",
        "coordinates": [
          -58.6127777777778,
          -33.0055555555556
        ]
      }
    },
    {
      "type": "Feature",
      "properties": {
        "id": "madhel_GVA",
        "name": "GENERAL ALVEAR / AEROCLUB - (GVA) - DRNO - PRIVADO NO CONTROLADO",
        "categoryId": "restricted",
        "radiusMeters": 2500.0,
        "allowedPermissionIds": [
          "authorized_commercial",
          "special_permit"
        ],
        "details": "Aeródromo registrado en MADHEL (ANAC), no controlado. Verifique NOTAMs/AIP y coordine según RAAC 100 antes de volar."
      },
      "geometry": {
        "type": "Point",
        "coordinates": [
          -67.7241666666667,
          -34.9697222222222
        ]
      }
    },
    {
      "type": "Feature",
      "properties": {
        "id": "madhel_GVZ",
        "name": "GONZALEZ CHAVES - (GVZ) - DRCE - PÚBLICO NO CONTROLADO",
        "categoryId": "restricted",
        "radiusMeters": 2500.0,
        "allowedPermissionIds": [
          "authorized_commercial",
          "special_permit"
        ],
        "details": "Aeródromo registrado en MADHEL (ANAC), no controlado. Verifique NOTAMs/AIP y coordine según RAAC 100 antes de volar."
      },
      "geometry": {
        "type": "Point",
        "coordinates": [
          -60.1338888888889,
          -38.0330555555556
        ]
      }
    },
    {
      "type": "Feature",
      "properties": {
        "id": "madhel_GYA",
        "name": "GOYA / AEROCLUB - (GYA) - DRNE - PRIVADO NO CONTROLADO",
        "categoryId": "restricted",
        "radiusMeters": 2500.0,
        "allowedPermissionIds": [
          "authorized_commercial",
          "special_permit"
        ],
        "details": "Aeródromo registrado en MADHEL (ANAC), no controlado. Verifique NOTAMs/AIP y coordine según RAAC 100 antes de volar."
      },
      "geometry": {
        "type": "Point",
        "coordinates": [
          -59.24699,
          -29.16975
        ]
      }
    },
    {
      "type": "Feature",
      "properties": {
        "id": "madhel_GYT",
        "name": "GOBERNADOR GARMENDIA / AGRO SERVICIO YORIS - (GYT) - DRNO - PRIVADO NO CONTROLADO",
        "categoryId": "restricted",
        "radiusMeters": 2500.0,
        "allowedPermissionIds": [
          "authorized_commercial",
          "special_permit"
        ],
        "details": "Aeródromo registrado en MADHEL (ANAC), no controlado. Verifique NOTAMs/AIP y coordine según RAAC 100 antes de volar."
      },
      "geometry": {
        "type": "Point",
        "coordinates": [
          -64.52869,
          -26.57916
        ]
      }
    },
    {
      "type": "Feature",
      "properties": {
        "id": "madhel_HAB",
        "name": "HELIPLATAFORMA / AM-1 - (HAB) - DRSU - PRIVADO NO CONTROLADO",
        "categoryId": "restricted",
        "radiusMeters": 2500.0,
        "allowedPermissionIds": [
          "authorized_commercial",
          "special_permit"
        ],
        "details": "Aeródromo registrado en MADHEL (ANAC), no controlado. Verifique NOTAMs/AIP y coordine según RAAC 100 antes de volar."
      },
      "geometry": {
        "type": "Point",
        "coordinates": [
          -68.385833,
          -52.519167
        ]
      }
    },
    {
      "type": "Feature",
      "properties": {
        "id": "madhel_HAC",
        "name": "ALPA CORRAL / HELIPUERTO JUAN Y LUCI - (HAC) - DRNO - PRIVADO NO CONTROLADO",
        "categoryId": "controlled_airspace",
        "radiusMeters": 2000.0,
        "allowedPermissionIds": [
          "authorized_commercial",
          "special_permit"
        ],
        "details": "Helipuerto registrado en MADHEL (ANAC). Verifique restricciones y coordine con el aeródromo o proveedor ATS antes de volar."
      },
      "geometry": {
        "type": "Point",
        "coordinates": [
          -64.716543,
          -32.689893
        ]
      }
    },
    {
      "type": "Feature",
      "properties": {
        "id": "madhel_HAD",
        "name": "HELIPLATAFORMA / AM-2 - (HAD) - DRSU - PRIVADO NO CONTROLADO",
        "categoryId": "restricted",
        "radiusMeters": 2500.0,
        "allowedPermissionIds": [
          "authorized_commercial",
          "special_permit"
        ],
        "details": "Aeródromo registrado en MADHEL (ANAC), no controlado. Verifique NOTAMs/AIP y coordine según RAAC 100 antes de volar."
      },
      "geometry": {
        "type": "Point",
        "coordinates": [
          -68.3125,
          -52.548889
        ]
      }
    },
    {
      "type": "Feature",
      "properties": {
        "id": "madhel_HAG",
        "name": "LUJÁN / SOL DE AGOSTO - (HAG) - DRCE - PRIVADO NO CONTROLADO",
        "categoryId": "restricted",
        "radiusMeters": 2500.0,
        "allowedPermissionIds": [
          "authorized_commercial",
          "special_permit"
        ],
        "details": "Aeródromo registrado en MADHEL (ANAC), no controlado. Verifique NOTAMs/AIP y coordine según RAAC 100 antes de volar."
      },
      "geometry": {
        "type": "Point",
        "coordinates": [
          -58.970859,
          -34.53325
        ]
      }
    },
    {
      "type": "Feature",
      "properties": {
        "id": "madhel_HAL",
        "name": "BUENOS AIRES / DR. ALFREDO LANARI - (HAL) - DRCE - PÚBLICO NO CONTROLADO",
        "categoryId": "restricted",
        "radiusMeters": 2500.0,
        "allowedPermissionIds": [
          "authorized_commercial",
          "special_permit"
        ],
        "details": "Aeródromo registrado en MADHEL (ANAC), no controlado. Verifique NOTAMs/AIP y coordine según RAAC 100 antes de volar."
      },
      "geometry": {
        "type": "Point",
        "coordinates": [
          -58.4004462926816,
          -34.5724834531932
        ]
      }
    },
    {
      "type": "Feature",
      "properties": {
        "id": "madhel_HAM",
        "name": "HELIPLATAFORMA / AM-3 - (HAM) - DRSU - PRIVADO NO CONTROLADO",
        "categoryId": "restricted",
        "radiusMeters": 2500.0,
        "allowedPermissionIds": [
          "authorized_commercial",
          "special_permit"
        ],
        "details": "Aeródromo registrado en MADHEL (ANAC), no controlado. Verifique NOTAMs/AIP y coordine según RAAC 100 antes de volar."
      },
      "geometry": {
        "type": "Point",
        "coordinates": [
          -68.280833,
          -52.522778
        ]
      }
    },
    {
      "type": "Feature",
      "properties": {
        "id": "madhel_HAR",
        "name": "BENAVÍDEZ / ARSAT ( HAR ) - DRCE – PRIVADO - NO CONTROLADO - ILE",
        "categoryId": "restricted",
        "radiusMeters": 2500.0,
        "allowedPermissionIds": [
          "authorized_commercial",
          "special_permit"
        ],
        "details": "Aeródromo registrado en MADHEL (ANAC), no controlado. Verifique NOTAMs/AIP y coordine según RAAC 100 antes de volar."
      },
      "geometry": {
        "type": "Point",
        "coordinates": [
          -58.72055556,
          -34.41055556
        ]
      }
    },
    {
      "type": "Feature",
      "properties": {
        "id": "madhel_HAS",
        "name": "PARANÁ / AMARRAS DEL SOL - (HAS) - DRCE - PRIVADO NO CONTROLADO",
        "categoryId": "restricted",
        "radiusMeters": 2500.0,
        "allowedPermissionIds": [
          "authorized_commercial",
          "special_permit"
        ],
        "details": "Aeródromo registrado en MADHEL (ANAC), no controlado. Verifique NOTAMs/AIP y coordine según RAAC 100 antes de volar."
      },
      "geometry": {
        "type": "Point",
        "coordinates": [
          -60.5008333333333,
          -31.7086111111111
        ]
      }
    },
    {
      "type": "Feature",
      "properties": {
        "id": "madhel_HAU",
        "name": "BUENOS AIRES / AUTÓDROMO CIUDAD DE BS. AS. - (HAU) - DRCE - PRIVADO NO CONTROLADO",
        "categoryId": "restricted",
        "radiusMeters": 2500.0,
        "allowedPermissionIds": [
          "authorized_commercial",
          "special_permit"
        ],
        "details": "Aeródromo registrado en MADHEL (ANAC), no controlado. Verifique NOTAMs/AIP y coordine según RAAC 100 antes de volar."
      },
      "geometry": {
        "type": "Point",
        "coordinates": [
          -58.460425,
          -34.693918
        ]
      }
    },
    {
      "type": "Feature",
      "properties": {
        "id": "madhel_HAZ",
        "name": "CORRIENTES / AZ S.A. - (HAZ) - DRNE - PRIVADO NO CONTROLADO",
        "categoryId": "restricted",
        "radiusMeters": 2500.0,
        "allowedPermissionIds": [
          "authorized_commercial",
          "special_permit"
        ],
        "details": "Aeródromo registrado en MADHEL (ANAC), no controlado. Verifique NOTAMs/AIP y coordine según RAAC 100 antes de volar."
      },
      "geometry": {
        "type": "Point",
        "coordinates": [
          -58.76138889,
          -27.52722222
        ]
      }
    },
    {
      "type": "Feature",
      "properties": {
        "id": "madhel_HBA",
        "name": "SAN CARLOS DE BARILOCHE / ARELAUQUEN - (HBA) - DRCE - PRIVADO NO CONTROLADO",
        "categoryId": "restricted",
        "radiusMeters": 2500.0,
        "allowedPermissionIds": [
          "authorized_commercial",
          "special_permit"
        ],
        "details": "Aeródromo registrado en MADHEL (ANAC), no controlado. Verifique NOTAMs/AIP y coordine según RAAC 100 antes de volar."
      },
      "geometry": {
        "type": "Point",
        "coordinates": [
          -71.36568,
          -41.161161
        ]
      }
    },
    {
      "type": "Feature",
      "properties": {
        "id": "madhel_HBC",
        "name": "BUENOS AIRES / B. CHURRUCA - (HBC) - DRCE - PÚBLICO NO CONTROLADO",
        "categoryId": "restricted",
        "radiusMeters": 2500.0,
        "allowedPermissionIds": [
          "authorized_commercial",
          "special_permit"
        ],
        "details": "Aeródromo registrado en MADHEL (ANAC), no controlado. Verifique NOTAMs/AIP y coordine según RAAC 100 antes de volar."
      },
      "geometry": {
        "type": "Point",
        "coordinates": [
          -58.409441,
          -34.64073
        ]
      }
    },
    {
      "type": "Feature",
      "properties": {
        "id": "madhel_HBI",
        "name": "CÓRDOBA / CENTRO CÍVICO BICENTENARIO - (HBI) - DRNO - PRIVADO NO CONTROLADO",
        "categoryId": "restricted",
        "radiusMeters": 2500.0,
        "allowedPermissionIds": [
          "authorized_commercial",
          "special_permit"
        ],
        "details": "Aeródromo registrado en MADHEL (ANAC), no controlado. Verifique NOTAMs/AIP y coordine según RAAC 100 antes de volar."
      },
      "geometry": {
        "type": "Point",
        "coordinates": [
          -64.173382,
          -31.420398
        ]
      }
    },
    {
      "type": "Feature",
      "properties": {
        "id": "madhel_HBN",
        "name": "BUENOS AIRES / NUÑEZ - (HBN) - DRCE – PRIVADO NO CONTROLADO [### PERMISO PROVISORIO DE OPERACIÓN (PPO) ###]",
        "categoryId": "restricted",
        "radiusMeters": 2500.0,
        "allowedPermissionIds": [
          "authorized_commercial",
          "special_permit"
        ],
        "details": "Aeródromo registrado en MADHEL (ANAC), no controlado. Verifique NOTAMs/AIP y coordine según RAAC 100 antes de volar."
      },
      "geometry": {
        "type": "Point",
        "coordinates": [
          -58.4509926909114,
          -34.5332211318245
        ]
      }
    },
    {
      "type": "Feature",
      "properties": {
        "id": "madhel_HBT",
        "name": "LA PLATA / HELIPUERTO DE SUPERFICIE – (HBT) - DRCE - PRIVADO NO CONTROLADO",
        "categoryId": "controlled_airspace",
        "radiusMeters": 2000.0,
        "allowedPermissionIds": [
          "authorized_commercial",
          "special_permit"
        ],
        "details": "Helipuerto registrado en MADHEL (ANAC). Verifique restricciones y coordine con el aeródromo o proveedor ATS antes de volar."
      },
      "geometry": {
        "type": "Point",
        "coordinates": [
          -57.9294861111111,
          -34.9004444444444
        ]
      }
    },
    {
      "type": "Feature",
      "properties": {
        "id": "madhel_HCD",
        "name": "SAN MARTÍN DE LOS ANDES / EA. LA CANDELARIA - (HCD) - DRCE - PRIVADO NO CONTROLADO",
        "categoryId": "restricted",
        "radiusMeters": 2500.0,
        "allowedPermissionIds": [
          "authorized_commercial",
          "special_permit"
        ],
        "details": "Aeródromo registrado en MADHEL (ANAC), no controlado. Verifique NOTAMs/AIP y coordine según RAAC 100 antes de volar."
      },
      "geometry": {
        "type": "Point",
        "coordinates": [
          -71.366646,
          -40.044053
        ]
      }
    },
    {
      "type": "Feature",
      "properties": {
        "id": "madhel_HCE",
        "name": "HELIPLATAFORMA / RÍO CULLEN-HIDRACENTRO TOTAL AUSTRAL - (HCE) - DRSU - PRIVADO NO CONTROLADO",
        "categoryId": "restricted",
        "radiusMeters": 2500.0,
        "allowedPermissionIds": [
          "authorized_commercial",
          "special_permit"
        ],
        "details": "Aeródromo registrado en MADHEL (ANAC), no controlado. Verifique NOTAMs/AIP y coordine según RAAC 100 antes de volar."
      },
      "geometry": {
        "type": "Point",
        "coordinates": [
          -68.178889,
          -52.836389
        ]
      }
    },
    {
      "type": "Feature",
      "properties": {
        "id": "madhel_HCF",
        "name": "HELIPUERTO BUENOS AIRES / COMODORO VGM GUSTAVO LUIS BREA - (HCF) - FIR EZE – MILITAR  NO CONTROLADO (FUERZA AÉREA ARGENTINA)",
        "categoryId": "controlled_airspace",
        "radiusMeters": 2000.0,
        "allowedPermissionIds": [
          "authorized_commercial",
          "special_permit"
        ],
        "details": "Helipuerto registrado en MADHEL (ANAC). Verifique restricciones y coordine con el aeródromo o proveedor ATS antes de volar."
      },
      "geometry": {
        "type": "Point",
        "coordinates": [
          -68.178889,
          -52.836389
        ]
      }
    },
    {
      "type": "Feature",
      "properties": {
        "id": "madhel_HCI",
        "name": "BELÉN DE ESCOBAR / CABAÑA SAN ISIDRO LABRADOR I - (HCI) - DRCE - PRIVADO NO CONTROLADO",
        "categoryId": "restricted",
        "radiusMeters": 2500.0,
        "allowedPermissionIds": [
          "authorized_commercial",
          "special_permit"
        ],
        "details": "Aeródromo registrado en MADHEL (ANAC), no controlado. Verifique NOTAMs/AIP y coordine según RAAC 100 antes de volar."
      },
      "geometry": {
        "type": "Point",
        "coordinates": [
          -58.78852,
          -34.378674
        ]
      }
    },
    {
      "type": "Feature",
      "properties": {
        "id": "madhel_HCL",
        "name": "CATAN LIL / HELIPUERTO EA. SANTA ISABEL - (HCL) - DRCE - PRIVADO NO CONTROLADO",
        "categoryId": "controlled_airspace",
        "radiusMeters": 2000.0,
        "allowedPermissionIds": [
          "authorized_commercial",
          "special_permit"
        ],
        "details": "Helipuerto registrado en MADHEL (ANAC). Verifique restricciones y coordine con el aeródromo o proveedor ATS antes de volar."
      },
      "geometry": {
        "type": "Point",
        "coordinates": [
          -70.513907,
          -39.884782
        ]
      }
    },
    {
      "type": "Feature",
      "properties": {
        "id": "madhel_HCP",
        "name": "YACIMIENTO CAÑADON ALFA / TOTAL AUSTRAL S.A. - (HCP) - DRSU - PRIVADO NO CONTROLADO",
        "categoryId": "restricted",
        "radiusMeters": 2500.0,
        "allowedPermissionIds": [
          "authorized_commercial",
          "special_permit"
        ],
        "details": "Aeródromo registrado en MADHEL (ANAC), no controlado. Verifique NOTAMs/AIP y coordine según RAAC 100 antes de volar."
      },
      "geometry": {
        "type": "Point",
        "coordinates": [
          -68.572493,
          -52.738661
        ]
      }
    },
    {
      "type": "Feature",
      "properties": {
        "id": "madhel_HCS",
        "name": "CAPILLA DEL SEÑOR / LAS ARAUCARIAS - (HCS) - DRCE - PRIVADO NO CONTROLADO",
        "categoryId": "restricted",
        "radiusMeters": 2500.0,
        "allowedPermissionIds": [
          "authorized_commercial",
          "special_permit"
        ],
        "details": "Aeródromo registrado en MADHEL (ANAC), no controlado. Verifique NOTAMs/AIP y coordine según RAAC 100 antes de volar."
      },
      "geometry": {
        "type": "Point",
        "coordinates": [
          -59.170276,
          -34.307048
        ]
      }
    },
    {
      "type": "Feature",
      "properties": {
        "id": "madhel_HCU",
        "name": "CÓRDOBA / CIUDAD UNIVERSITARIA - (HCU) - DRNO - PRIVADO NO CONTROLADO",
        "categoryId": "restricted",
        "radiusMeters": 2500.0,
        "allowedPermissionIds": [
          "authorized_commercial",
          "special_permit"
        ],
        "details": "Aeródromo registrado en MADHEL (ANAC), no controlado. Verifique NOTAMs/AIP y coordine según RAAC 100 antes de volar."
      },
      "geometry": {
        "type": "Point",
        "coordinates": [
          -64.190266,
          -31.440805
        ]
      }
    },
    {
      "type": "Feature",
      "properties": {
        "id": "madhel_HCV",
        "name": "CABO VÍRGENES / BRM CABO VÍRGENES - (HCV) - DRSU - PRIVADO NO CONTROLADO",
        "categoryId": "restricted",
        "radiusMeters": 2500.0,
        "allowedPermissionIds": [
          "authorized_commercial",
          "special_permit"
        ],
        "details": "Aeródromo registrado en MADHEL (ANAC), no controlado. Verifique NOTAMs/AIP y coordine según RAAC 100 antes de volar."
      },
      "geometry": {
        "type": "Point",
        "coordinates": [
          -68.408453,
          -52.330311
        ]
      }
    },
    {
      "type": "Feature",
      "properties": {
        "id": "madhel_HDA",
        "name": "BUENOS AIRES / DÁRSENA SUR - (HDA) - DRCE - PÚBLICO NO CONTROLADO",
        "categoryId": "restricted",
        "radiusMeters": 2500.0,
        "allowedPermissionIds": [
          "authorized_commercial",
          "special_permit"
        ],
        "details": "Aeródromo registrado en MADHEL (ANAC), no controlado. Verifique NOTAMs/AIP y coordine según RAAC 100 antes de volar."
      },
      "geometry": {
        "type": "Point",
        "coordinates": [
          -58.351532,
          -34.627862
        ]
      }
    },
    {
      "type": "Feature",
      "properties": {
        "id": "madhel_HDH",
        "name": "DON TORCUATO / HELINORTH - (HDH) - DRCE – PRIVADO NO CONTROLADO",
        "categoryId": "restricted",
        "radiusMeters": 2500.0,
        "allowedPermissionIds": [
          "authorized_commercial",
          "special_permit"
        ],
        "details": "Aeródromo registrado en MADHEL (ANAC), no controlado. Verifique NOTAMs/AIP y coordine según RAAC 100 antes de volar."
      },
      "geometry": {
        "type": "Point",
        "coordinates": [
          -58.60086111,
          -34.48875
        ]
      }
    },
    {
      "type": "Feature",
      "properties": {
        "id": "madhel_HDL",
        "name": "JUNÍN DE LOS ANDES / CASA DE LATA - (HDL) - DRCE - PRIVADO NO CONTROLADO",
        "categoryId": "restricted",
        "radiusMeters": 2500.0,
        "allowedPermissionIds": [
          "authorized_commercial",
          "special_permit"
        ],
        "details": "Aeródromo registrado en MADHEL (ANAC), no controlado. Verifique NOTAMs/AIP y coordine según RAAC 100 antes de volar."
      },
      "geometry": {
        "type": "Point",
        "coordinates": [
          -71.16995,
          -39.815579
        ]
      }
    },
    {
      "type": "Feature",
      "properties": {
        "id": "madhel_HDN",
        "name": "HELIPUERTO BUENOS AIRES / DÁRSENA NORTE – (HDN) - FIR EZE - MILITAR NO CONTROLADO (HABILITADO POR LA FUERZA AÉREA ARGENTINA)",
        "categoryId": "controlled_airspace",
        "radiusMeters": 2000.0,
        "allowedPermissionIds": [
          "authorized_commercial",
          "special_permit"
        ],
        "details": "Helipuerto registrado en MADHEL (ANAC). Verifique restricciones y coordine con el aeródromo o proveedor ATS antes de volar."
      },
      "geometry": {
        "type": "Point",
        "coordinates": [
          -58.365,
          -34.59333333
        ]
      }
    },
    {
      "type": "Feature",
      "properties": {
        "id": "madhel_HDS",
        "name": "﻿HENDERSON - (HDS) - DRCE - PÚBLICO NO CONTROLADO",
        "categoryId": "restricted",
        "radiusMeters": 2500.0,
        "allowedPermissionIds": [
          "authorized_commercial",
          "special_permit"
        ],
        "details": "Aeródromo registrado en MADHEL (ANAC), no controlado. Verifique NOTAMs/AIP y coordine según RAAC 100 antes de volar."
      },
      "geometry": {
        "type": "Point",
        "coordinates": [
          -61.7477777777778,
          -36.3152777777778
        ]
      }
    },
    {
      "type": "Feature",
      "properties": {
        "id": "madhel_HDV",
        "name": "HELIPUERTO MERLO / DIRVYCA – (HDV) - FIR EZE - MILITAR NO CONTROLADO (HABILITADO POR LA FUERZA AÉREA ARGENTINA)",
        "categoryId": "controlled_airspace",
        "radiusMeters": 2000.0,
        "allowedPermissionIds": [
          "authorized_commercial",
          "special_permit"
        ],
        "details": "Helipuerto registrado en MADHEL (ANAC). Verifique restricciones y coordine con el aeródromo o proveedor ATS antes de volar."
      },
      "geometry": {
        "type": "Point",
        "coordinates": [
          -58.73361111,
          -34.68083333
        ]
      }
    },
    {
      "type": "Feature",
      "properties": {
        "id": "madhel_HEA",
        "name": "HELIPLATAFORMA / AM-6 - (HEA) - DRSU - PRIVADO NO CONTROLADO",
        "categoryId": "restricted",
        "radiusMeters": 2500.0,
        "allowedPermissionIds": [
          "authorized_commercial",
          "special_permit"
        ],
        "details": "Aeródromo registrado en MADHEL (ANAC), no controlado. Verifique NOTAMs/AIP y coordine según RAAC 100 antes de volar."
      },
      "geometry": {
        "type": "Point",
        "coordinates": [
          -68.127778,
          -52.608333
        ]
      }
    },
    {
      "type": "Feature",
      "properties": {
        "id": "madhel_HEC",
        "name": "LA PLATA / HELIPUERTO ECODYMA S.C.A. - (HEC) - DRCE - PRIVADO NO CONTROLADO",
        "categoryId": "controlled_airspace",
        "radiusMeters": 2000.0,
        "allowedPermissionIds": [
          "authorized_commercial",
          "special_permit"
        ],
        "details": "Helipuerto registrado en MADHEL (ANAC). Verifique restricciones y coordine con el aeródromo o proveedor ATS antes de volar."
      },
      "geometry": {
        "type": "Point",
        "coordinates": [
          -57.991881,
          -34.940786
        ]
      }
    },
    {
      "type": "Feature",
      "properties": {
        "id": "madhel_HEN",
        "name": "BAHÍA SAN SEBASTIÁN / PLANTA CRUZ DEL SUR - (HEN) - DRSU - PRIVADO NO CONTROLADO",
        "categoryId": "restricted",
        "radiusMeters": 2500.0,
        "allowedPermissionIds": [
          "authorized_commercial",
          "special_permit"
        ],
        "details": "Aeródromo registrado en MADHEL (ANAC), no controlado. Verifique NOTAMs/AIP y coordine según RAAC 100 antes de volar."
      },
      "geometry": {
        "type": "Point",
        "coordinates": [
          -68.266107,
          -53.32299
        ]
      }
    },
    {
      "type": "Feature",
      "properties": {
        "id": "madhel_HES",
        "name": "ARIES / TOTAL FINA - (HES) - DRSU - PRIVADO NO CONTROLADO",
        "categoryId": "restricted",
        "radiusMeters": 2500.0,
        "allowedPermissionIds": [
          "authorized_commercial",
          "special_permit"
        ],
        "details": "Aeródromo registrado en MADHEL (ANAC), no controlado. Verifique NOTAMs/AIP y coordine según RAAC 100 antes de volar."
      },
      "geometry": {
        "type": "Point",
        "coordinates": [
          -68.041944,
          -52.683056
        ]
      }
    },
    {
      "type": "Feature",
      "properties": {
        "id": "madhel_HET",
        "name": "SANTIAGO DEL ESTERO / HELIPUERTO EDIFICIO TRIBUNALES - (HET) - DRNO - PRIVADO NO CONTROLADO (ELEVADO)",
        "categoryId": "controlled_airspace",
        "radiusMeters": 2000.0,
        "allowedPermissionIds": [
          "authorized_commercial",
          "special_permit"
        ],
        "details": "Helipuerto registrado en MADHEL (ANAC). Verifique restricciones y coordine con el aeródromo o proveedor ATS antes de volar."
      },
      "geometry": {
        "type": "Point",
        "coordinates": [
          -64.265127,
          -27.781396
        ]
      }
    },
    {
      "type": "Feature",
      "properties": {
        "id": "madhel_HEV",
        "name": "ALMIRANTE BROWN / D.P. EL VAPOR - (HEV) - DRCE - PÚBLICO NO CONTROLADO",
        "categoryId": "restricted",
        "radiusMeters": 2500.0,
        "allowedPermissionIds": [
          "authorized_commercial",
          "special_permit"
        ],
        "details": "Aeródromo registrado en MADHEL (ANAC), no controlado. Verifique NOTAMs/AIP y coordine según RAAC 100 antes de volar."
      },
      "geometry": {
        "type": "Point",
        "coordinates": [
          -58.384984,
          -34.834672
        ]
      }
    },
    {
      "type": "Feature",
      "properties": {
        "id": "madhel_HFA",
        "name": "BUENOS AIRES / FUERZA AÉREA (EDIFICIO CÓNDOR) - (HFA) - FIR EZE - NO CONTROLADO",
        "categoryId": "restricted",
        "radiusMeters": 2500.0,
        "allowedPermissionIds": [
          "authorized_commercial",
          "special_permit"
        ],
        "details": "Aeródromo registrado en MADHEL (ANAC), no controlado. Verifique NOTAMs/AIP y coordine según RAAC 100 antes de volar."
      },
      "geometry": {
        "type": "Point",
        "coordinates": [
          -58.368051,
          -34.58598
        ]
      }
    },
    {
      "type": "Feature",
      "properties": {
        "id": "madhel_HFC",
        "name": "SALTA / FINCA LAS COSTAS - (HFC) - DRNO - PRIVADO NO CONTROLADO",
        "categoryId": "restricted",
        "radiusMeters": 2500.0,
        "allowedPermissionIds": [
          "authorized_commercial",
          "special_permit"
        ],
        "details": "Aeródromo registrado en MADHEL (ANAC), no controlado. Verifique NOTAMs/AIP y coordine según RAAC 100 antes de volar."
      },
      "geometry": {
        "type": "Point",
        "coordinates": [
          -65.495501,
          -24.770405
        ]
      }
    },
    {
      "type": "Feature",
      "properties": {
        "id": "madhel_HFE",
        "name": "HELIPLATAFORMA FENIX - (HFE) - DRSU – PRIVADO NO CONTROLADO - ILE",
        "categoryId": "restricted",
        "radiusMeters": 2500.0,
        "allowedPermissionIds": [
          "authorized_commercial",
          "special_permit"
        ],
        "details": "Aeródromo registrado en MADHEL (ANAC), no controlado. Verifique NOTAMs/AIP y coordine según RAAC 100 antes de volar."
      },
      "geometry": {
        "type": "Point",
        "coordinates": [
          -65.495501,
          -24.770405
        ]
      }
    },
    {
      "type": "Feature",
      "properties": {
        "id": "madhel_HFG",
        "name": "NEUQUÉN / FÉLIX GALVAN - (HFG) - DRCE – PRIVADO NO CONTROLADO",
        "categoryId": "restricted",
        "radiusMeters": 2500.0,
        "allowedPermissionIds": [
          "authorized_commercial",
          "special_permit"
        ],
        "details": "Aeródromo registrado en MADHEL (ANAC), no controlado. Verifique NOTAMs/AIP y coordine según RAAC 100 antes de volar."
      },
      "geometry": {
        "type": "Point",
        "coordinates": [
          -68.10097222,
          -38.86647222
        ]
      }
    },
    {
      "type": "Feature",
      "properties": {
        "id": "madhel_HFV",
        "name": "FLORENCIO VARELA / COLONIA LA CAPILLA - (HFV) - DRCE - PRIVADO NO CONTROLADO",
        "categoryId": "restricted",
        "radiusMeters": 2500.0,
        "allowedPermissionIds": [
          "authorized_commercial",
          "special_permit"
        ],
        "details": "Aeródromo registrado en MADHEL (ANAC), no controlado. Verifique NOTAMs/AIP y coordine según RAAC 100 antes de volar."
      },
      "geometry": {
        "type": "Point",
        "coordinates": [
          -58.250221,
          -34.916875
        ]
      }
    },
    {
      "type": "Feature",
      "properties": {
        "id": "madhel_HGA",
        "name": "CAÑUELAS / CAÑUELAS GAS S.A. - (HGA) - DRCE - PRIVADO NO CONTROLADO",
        "categoryId": "restricted",
        "radiusMeters": 2500.0,
        "allowedPermissionIds": [
          "authorized_commercial",
          "special_permit"
        ],
        "details": "Aeródromo registrado en MADHEL (ANAC), no controlado. Verifique NOTAMs/AIP y coordine según RAAC 100 antes de volar."
      },
      "geometry": {
        "type": "Point",
        "coordinates": [
          -58.788161,
          -35.058342
        ]
      }
    },
    {
      "type": "Feature",
      "properties": {
        "id": "madhel_HGB",
        "name": "SALTA / CENTRO CÍVICO GRAND BOURG - (HGB) - DRNO - PRIVADO NO CONTROLADO",
        "categoryId": "restricted",
        "radiusMeters": 2500.0,
        "allowedPermissionIds": [
          "authorized_commercial",
          "special_permit"
        ],
        "details": "Aeródromo registrado en MADHEL (ANAC), no controlado. Verifique NOTAMs/AIP y coordine según RAAC 100 antes de volar."
      },
      "geometry": {
        "type": "Point",
        "coordinates": [
          -65.451084,
          -24.780762
        ]
      }
    },
    {
      "type": "Feature",
      "properties": {
        "id": "madhel_HGC",
        "name": "CHAPELCO / GRANDE - (HGC) - DRCE – PRIVADO NO CONTROLADO",
        "categoryId": "restricted",
        "radiusMeters": 2500.0,
        "allowedPermissionIds": [
          "authorized_commercial",
          "special_permit"
        ],
        "details": "Aeródromo registrado en MADHEL (ANAC), no controlado. Verifique NOTAMs/AIP y coordine según RAAC 100 antes de volar."
      },
      "geometry": {
        "type": "Point",
        "coordinates": [
          -71.141125,
          -40.090844
        ]
      }
    },
    {
      "type": "Feature",
      "properties": {
        "id": "madhel_HGM",
        "name": "GONZÁLEZ CATÁN / LAR DE PAZ S.A - (HGM) - DRCE - PRIVADO",
        "categoryId": "restricted",
        "radiusMeters": 2500.0,
        "allowedPermissionIds": [
          "authorized_commercial",
          "special_permit"
        ],
        "details": "Aeródromo registrado en MADHEL (ANAC), no controlado. Verifique NOTAMs/AIP y coordine según RAAC 100 antes de volar."
      },
      "geometry": {
        "type": "Point",
        "coordinates": [
          -58.658271,
          -34.776299
        ]
      }
    },
    {
      "type": "Feature",
      "properties": {
        "id": "madhel_HGN",
        "name": "BUENOS AIRES / CENTINELA - (HGN) - DRCE - PRIVADO NO CONTROLADO (ELEVADO)",
        "categoryId": "restricted",
        "radiusMeters": 2500.0,
        "allowedPermissionIds": [
          "authorized_commercial",
          "special_permit"
        ],
        "details": "Aeródromo registrado en MADHEL (ANAC), no controlado. Verifique NOTAMs/AIP y coordine según RAAC 100 antes de volar."
      },
      "geometry": {
        "type": "Point",
        "coordinates": [
          -58.374528,
          -34.582445
        ]
      }
    },
    {
      "type": "Feature",
      "properties": {
        "id": "madhel_HGO",
        "name": "HELIPUERTO ELEVADO ROSARIO / GRUPO OROÑO (HGO) - DRCE – PRIVADO NO CONTROLADO (USO SANITARIO)",
        "categoryId": "controlled_airspace",
        "radiusMeters": 2000.0,
        "allowedPermissionIds": [
          "authorized_commercial",
          "special_permit"
        ],
        "details": "Helipuerto registrado en MADHEL (ANAC). Verifique restricciones y coordine con el aeródromo o proveedor ATS antes de volar."
      },
      "geometry": {
        "type": "Point",
        "coordinates": [
          -60.6543014232283,
          -32.9441481939644
        ]
      }
    },
    {
      "type": "Feature",
      "properties": {
        "id": "madhel_HGS",
        "name": "SANTA FE / HUGHES PLUS AGROSERVICIOS AEREOS S.R.L. - (HGS) - DRCE - PRIVADO NO CONTROLADO [** USO AGROAÉREO **]",
        "categoryId": "restricted",
        "radiusMeters": 2500.0,
        "allowedPermissionIds": [
          "authorized_commercial",
          "special_permit"
        ],
        "details": "Aeródromo registrado en MADHEL (ANAC), no controlado. Verifique NOTAMs/AIP y coordine según RAAC 100 antes de volar."
      },
      "geometry": {
        "type": "Point",
        "coordinates": [
          -61.3375,
          -33.8111111111111
        ]
      }
    },
    {
      "type": "Feature",
      "properties": {
        "id": "madhel_HHL",
        "name": "LAS LAJAS / ESTANCIA HAYCHOL - (HHL) - DRCE - PRIVADO NO CONTROLADO",
        "categoryId": "restricted",
        "radiusMeters": 2500.0,
        "allowedPermissionIds": [
          "authorized_commercial",
          "special_permit"
        ],
        "details": "Aeródromo registrado en MADHEL (ANAC), no controlado. Verifique NOTAMs/AIP y coordine según RAAC 100 antes de volar."
      },
      "geometry": {
        "type": "Point",
        "coordinates": [
          -70.677494,
          -38.548178
        ]
      }
    },
    {
      "type": "Feature",
      "properties": {
        "id": "madhel_HHM",
        "name": "SALTA / HOSPITAL DE MILAGRO - (HHM) - DRNO - PRIVADO NO CONTROLADO",
        "categoryId": "restricted",
        "radiusMeters": 2500.0,
        "allowedPermissionIds": [
          "authorized_commercial",
          "special_permit"
        ],
        "details": "Aeródromo registrado en MADHEL (ANAC), no controlado. Verifique NOTAMs/AIP y coordine según RAAC 100 antes de volar."
      },
      "geometry": {
        "type": "Point",
        "coordinates": [
          -65.415621,
          -24.772921
        ]
      }
    },
    {
      "type": "Feature",
      "properties": {
        "id": "madhel_HHS",
        "name": "HELIPUERTO ELEVADO SAN RAFAEL / HOSPITAL TEODORO J. SCHESTAKOW - (HHS) - DRNO - (USO SANITARIO) – PRIVADO NO CONTROLADO",
        "categoryId": "controlled_airspace",
        "radiusMeters": 2000.0,
        "allowedPermissionIds": [
          "authorized_commercial",
          "special_permit"
        ],
        "details": "Helipuerto registrado en MADHEL (ANAC). Verifique restricciones y coordine con el aeródromo o proveedor ATS antes de volar."
      },
      "geometry": {
        "type": "Point",
        "coordinates": [
          -68.32583333,
          -34.62027778
        ]
      }
    },
    {
      "type": "Feature",
      "properties": {
        "id": "madhel_HHT",
        "name": "DON TORCUATO / TECNOCOPTER S.A. - (HHT) - DRCE - PÚBLICO NO CONTROLADO",
        "categoryId": "restricted",
        "radiusMeters": 2500.0,
        "allowedPermissionIds": [
          "authorized_commercial",
          "special_permit"
        ],
        "details": "Aeródromo registrado en MADHEL (ANAC), no controlado. Verifique NOTAMs/AIP y coordine según RAAC 100 antes de volar."
      },
      "geometry": {
        "type": "Point",
        "coordinates": [
          -58.606915,
          -34.492668
        ]
      }
    },
    {
      "type": "Feature",
      "properties": {
        "id": "madhel_HHW",
        "name": "MORENO / HELIWEST - (HHW) - DRCE - PRIVADO NO CONTROLADO (ELEVADO)",
        "categoryId": "restricted",
        "radiusMeters": 2500.0,
        "allowedPermissionIds": [
          "authorized_commercial",
          "special_permit"
        ],
        "details": "Aeródromo registrado en MADHEL (ANAC), no controlado. Verifique NOTAMs/AIP y coordine según RAAC 100 antes de volar."
      },
      "geometry": {
        "type": "Point",
        "coordinates": [
          -58.751782,
          -34.634199
        ]
      }
    },
    {
      "type": "Feature",
      "properties": {
        "id": "madhel_HIF",
        "name": "HELIPUERTO EZEIZA / IFE - INSTITUTO DE FORMACIÓN EZEIZA - FIR EZE - MILITAR NO CONTROLADO (HABILITADO POR LA FUERZA AÉREA ARGENTINA)",
        "categoryId": "controlled_airspace",
        "radiusMeters": 2000.0,
        "allowedPermissionIds": [
          "authorized_commercial",
          "special_permit"
        ],
        "details": "Helipuerto registrado en MADHEL (ANAC). Verifique restricciones y coordine con el aeródromo o proveedor ATS antes de volar."
      },
      "geometry": {
        "type": "Point",
        "coordinates": [
          -58.535,
          -34.78888889
        ]
      }
    },
    {
      "type": "Feature",
      "properties": {
        "id": "madhel_HIL",
        "name": "GENERAL VILLEGAS / SAN ISIDRO LABRADOR II - (HIL) - DRCE - PRIVADO NO CONTROLADO",
        "categoryId": "restricted",
        "radiusMeters": 2500.0,
        "allowedPermissionIds": [
          "authorized_commercial",
          "special_permit"
        ],
        "details": "Aeródromo registrado en MADHEL (ANAC), no controlado. Verifique NOTAMs/AIP y coordine según RAAC 100 antes de volar."
      },
      "geometry": {
        "type": "Point",
        "coordinates": [
          -63.079953,
          -35.081749
        ]
      }
    },
    {
      "type": "Feature",
      "properties": {
        "id": "madhel_HIS",
        "name": "LA MATANZA / CAMPANÓPOLIS - (HIS) - DRCE - PRIVADO NO CONTROLADO",
        "categoryId": "restricted",
        "radiusMeters": 2500.0,
        "allowedPermissionIds": [
          "authorized_commercial",
          "special_permit"
        ],
        "details": "Aeródromo registrado en MADHEL (ANAC), no controlado. Verifique NOTAMs/AIP y coordine según RAAC 100 antes de volar."
      },
      "geometry": {
        "type": "Point",
        "coordinates": [
          -58.601878,
          -34.791733
        ]
      }
    },
    {
      "type": "Feature",
      "properties": {
        "id": "madhel_HIT",
        "name": "ITUZAINGÓ / TRANSENER - (HIT) - DRNE - PRIVADO NO CONTROLADO",
        "categoryId": "restricted",
        "radiusMeters": 2500.0,
        "allowedPermissionIds": [
          "authorized_commercial",
          "special_permit"
        ],
        "details": "Aeródromo registrado en MADHEL (ANAC), no controlado. Verifique NOTAMs/AIP y coordine según RAAC 100 antes de volar."
      },
      "geometry": {
        "type": "Point",
        "coordinates": [
          -56.658294,
          -27.558575
        ]
      }
    },
    {
      "type": "Feature",
      "properties": {
        "id": "madhel_HJN",
        "name": "JUNÍN DE LOS ANDES / ESTANCIA PALITUE - (HJN) - DRCE - PRIVADO NO CONTROLADO",
        "categoryId": "restricted",
        "radiusMeters": 2500.0,
        "allowedPermissionIds": [
          "authorized_commercial",
          "special_permit"
        ],
        "details": "Aeródromo registrado en MADHEL (ANAC), no controlado. Verifique NOTAMs/AIP y coordine según RAAC 100 antes de volar."
      },
      "geometry": {
        "type": "Point",
        "coordinates": [
          -71.046426,
          -39.852774
        ]
      }
    },
    {
      "type": "Feature",
      "properties": {
        "id": "madhel_HLE",
        "name": "LAGO ESCONDIDO / HELIPUERTO HIDDEN LAKE S.A - (HLE) - DRSU - PRIVADO NO CONTROLADO",
        "categoryId": "controlled_airspace",
        "radiusMeters": 2000.0,
        "allowedPermissionIds": [
          "authorized_commercial",
          "special_permit"
        ],
        "details": "Helipuerto registrado en MADHEL (ANAC). Verifique restricciones y coordine con el aeródromo o proveedor ATS antes de volar."
      },
      "geometry": {
        "type": "Point",
        "coordinates": [
          -71.607697,
          -41.70337
        ]
      }
    },
    {
      "type": "Feature",
      "properties": {
        "id": "madhel_HLF",
        "name": "CAPILLA DEL SEÑOR / LOS FRESNOS - (HLF) - DRCE - PRIVADO NO CONTROLADO",
        "categoryId": "restricted",
        "radiusMeters": 2500.0,
        "allowedPermissionIds": [
          "authorized_commercial",
          "special_permit"
        ],
        "details": "Aeródromo registrado en MADHEL (ANAC), no controlado. Verifique NOTAMs/AIP y coordine según RAAC 100 antes de volar."
      },
      "geometry": {
        "type": "Point",
        "coordinates": [
          -59.118616,
          -34.2816
        ]
      }
    },
    {
      "type": "Feature",
      "properties": {
        "id": "madhel_HLH",
        "name": "LUJÁN / HOMAQ - (HLH) - DRCE - PRIVADO NO CONTROLADO",
        "categoryId": "restricted",
        "radiusMeters": 2500.0,
        "allowedPermissionIds": [
          "authorized_commercial",
          "special_permit"
        ],
        "details": "Aeródromo registrado en MADHEL (ANAC), no controlado. Verifique NOTAMs/AIP y coordine según RAAC 100 antes de volar."
      },
      "geometry": {
        "type": "Point",
        "coordinates": [
          -59.045919,
          -34.557353
        ]
      }
    },
    {
      "type": "Feature",
      "properties": {
        "id": "madhel_HLI",
        "name": "DON TORCUATO / HELICENTER - (HLI) - DRCE - PRIVADO NO CONTROLADO",
        "categoryId": "restricted",
        "radiusMeters": 2500.0,
        "allowedPermissionIds": [
          "authorized_commercial",
          "special_permit"
        ],
        "details": "Aeródromo registrado en MADHEL (ANAC), no controlado. Verifique NOTAMs/AIP y coordine según RAAC 100 antes de volar."
      },
      "geometry": {
        "type": "Point",
        "coordinates": [
          -58.606884,
          -34.497531
        ]
      }
    },
    {
      "type": "Feature",
      "properties": {
        "id": "madhel_HLL",
        "name": "SAN CARLOS DE BARILOCHE / COMPLEJO LLAO LLAO - (HLL) - DRCE - PRIVADO NO CONTROLADO",
        "categoryId": "restricted",
        "radiusMeters": 2500.0,
        "allowedPermissionIds": [
          "authorized_commercial",
          "special_permit"
        ],
        "details": "Aeródromo registrado en MADHEL (ANAC), no controlado. Verifique NOTAMs/AIP y coordine según RAAC 100 antes de volar."
      },
      "geometry": {
        "type": "Point",
        "coordinates": [
          -71.533825,
          -41.054659
        ]
      }
    },
    {
      "type": "Feature",
      "properties": {
        "id": "madhel_HLP",
        "name": "LA PLATA / HELIPUERTO D.P.A.O. - (HLP) - DRCE - PÚBLICO NO CONTROLADO",
        "categoryId": "controlled_airspace",
        "radiusMeters": 2000.0,
        "allowedPermissionIds": [
          "authorized_commercial",
          "special_permit"
        ],
        "details": "Helipuerto registrado en MADHEL (ANAC). Verifique restricciones y coordine con el aeródromo o proveedor ATS antes de volar."
      },
      "geometry": {
        "type": "Point",
        "coordinates": [
          -57.893075,
          -34.959802
        ]
      }
    },
    {
      "type": "Feature",
      "properties": {
        "id": "madhel_HLR",
        "name": "LOS CARDALES / LA RESERVA - (HLR) - DRCE - PRIVADO NO CONTROLADO",
        "categoryId": "restricted",
        "radiusMeters": 2500.0,
        "allowedPermissionIds": [
          "authorized_commercial",
          "special_permit"
        ],
        "details": "Aeródromo registrado en MADHEL (ANAC), no controlado. Verifique NOTAMs/AIP y coordine según RAAC 100 antes de volar."
      },
      "geometry": {
        "type": "Point",
        "coordinates": [
          -58.900427,
          -34.270449
        ]
      }
    },
    {
      "type": "Feature",
      "properties": {
        "id": "madhel_HLS",
        "name": "OPEN DOOR / LA SUPERBA - (HLS) - DRCE - PRIVADO NO CONTROLADO",
        "categoryId": "restricted",
        "radiusMeters": 2500.0,
        "allowedPermissionIds": [
          "authorized_commercial",
          "special_permit"
        ],
        "details": "Aeródromo registrado en MADHEL (ANAC), no controlado. Verifique NOTAMs/AIP y coordine según RAAC 100 antes de volar."
      },
      "geometry": {
        "type": "Point",
        "coordinates": [
          -59.015184,
          -34.500721
        ]
      }
    },
    {
      "type": "Feature",
      "properties": {
        "id": "madhel_HLT",
        "name": "VILLA ROSA / LAS CHACRITAS - (HLT) - DRCE - PRIVADO NO CONTROLADO",
        "categoryId": "restricted",
        "radiusMeters": 2500.0,
        "allowedPermissionIds": [
          "authorized_commercial",
          "special_permit"
        ],
        "details": "Aeródromo registrado en MADHEL (ANAC), no controlado. Verifique NOTAMs/AIP y coordine según RAAC 100 antes de volar."
      },
      "geometry": {
        "type": "Point",
        "coordinates": [
          -58.863589,
          -34.404632
        ]
      }
    },
    {
      "type": "Feature",
      "properties": {
        "id": "madhel_HMD",
        "name": "HELIPUERTO ELEVADO BUENOS AIRES / HELIPUERTO SWISS MEDICAL - (HMD) - DRCE - PRIVADO",
        "categoryId": "controlled_airspace",
        "radiusMeters": 2000.0,
        "allowedPermissionIds": [
          "authorized_commercial",
          "special_permit"
        ],
        "details": "Helipuerto registrado en MADHEL (ANAC). Verifique restricciones y coordine con el aeródromo o proveedor ATS antes de volar."
      },
      "geometry": {
        "type": "Point",
        "coordinates": [
          -58.429528,
          -34.581053
        ]
      }
    },
    {
      "type": "Feature",
      "properties": {
        "id": "madhel_HME",
        "name": "PILAR / MEMORIAL - (HME) - DRCE - PRIVADO NO CONTROLADO",
        "categoryId": "restricted",
        "radiusMeters": 2500.0,
        "allowedPermissionIds": [
          "authorized_commercial",
          "special_permit"
        ],
        "details": "Aeródromo registrado en MADHEL (ANAC), no controlado. Verifique NOTAMs/AIP y coordine según RAAC 100 antes de volar."
      },
      "geometry": {
        "type": "Point",
        "coordinates": [
          -58.836706,
          -34.444449
        ]
      }
    },
    {
      "type": "Feature",
      "properties": {
        "id": "madhel_HMF",
        "name": "LA MATANZA / OFICIAL SUBINSPECTOR GUSTAVO SOAREZ DE SOUZA - (HMF) - DRCE - PRIVADO NO CONTROLADO",
        "categoryId": "restricted",
        "radiusMeters": 2500.0,
        "allowedPermissionIds": [
          "authorized_commercial",
          "special_permit"
        ],
        "details": "Aeródromo registrado en MADHEL (ANAC), no controlado. Verifique NOTAMs/AIP y coordine según RAAC 100 antes de volar."
      },
      "geometry": {
        "type": "Point",
        "coordinates": [
          -58.514923,
          -34.723585
        ]
      }
    },
    {
      "type": "Feature",
      "properties": {
        "id": "madhel_HMG",
        "name": "HELIPUERTO ELEVADO BUENOS AIRES / MADERO HARBOUR - (HMG) - DRCE - PRIVADO NO CONTROLADO",
        "categoryId": "controlled_airspace",
        "radiusMeters": 2000.0,
        "allowedPermissionIds": [
          "authorized_commercial",
          "special_permit"
        ],
        "details": "Helipuerto registrado en MADHEL (ANAC). Verifique restricciones y coordine con el aeródromo o proveedor ATS antes de volar."
      },
      "geometry": {
        "type": "Point",
        "coordinates": [
          -58.36083333,
          -34.62083333
        ]
      }
    },
    {
      "type": "Feature",
      "properties": {
        "id": "madhel_HMH",
        "name": "SAN FERNANDO / PARANÁ MINÍ - (HMH) - DRCE - PRIVADO NO CONTROLADO",
        "categoryId": "restricted",
        "radiusMeters": 2500.0,
        "allowedPermissionIds": [
          "authorized_commercial",
          "special_permit"
        ],
        "details": "Aeródromo registrado en MADHEL (ANAC), no controlado. Verifique NOTAMs/AIP y coordine según RAAC 100 antes de volar."
      },
      "geometry": {
        "type": "Point",
        "coordinates": [
          -58.510795,
          -34.171041
        ]
      }
    },
    {
      "type": "Feature",
      "properties": {
        "id": "madhel_HMM",
        "name": "DOCTOR MARIANO MORENO - (HMM) - DRCE - PRIVADO",
        "categoryId": "restricted",
        "radiusMeters": 2500.0,
        "allowedPermissionIds": [
          "authorized_commercial",
          "special_permit"
        ],
        "details": "Aeródromo registrado en MADHEL (ANAC), no controlado. Verifique NOTAMs/AIP y coordine según RAAC 100 antes de volar."
      },
      "geometry": {
        "type": "Point",
        "coordinates": [
          -58.790569,
          -34.562908
        ]
      }
    },
    {
      "type": "Feature",
      "properties": {
        "id": "madhel_HMQ",
        "name": "HELIPLATAFORMA / AM-5 - (HMQ) - DRSU - PRIVADO NO CONTROLADO",
        "categoryId": "restricted",
        "radiusMeters": 2500.0,
        "allowedPermissionIds": [
          "authorized_commercial",
          "special_permit"
        ],
        "details": "Aeródromo registrado en MADHEL (ANAC), no controlado. Verifique NOTAMs/AIP y coordine según RAAC 100 antes de volar."
      },
      "geometry": {
        "type": "Point",
        "coordinates": [
          -68.253333,
          -52.570556
        ]
      }
    },
    {
      "type": "Feature",
      "properties": {
        "id": "madhel_HMY",
        "name": "LA MATANZA / TERMINAL Y.P.F. - (HMY) - DRCE - PRIVADO NO CONTROLADO",
        "categoryId": "restricted",
        "radiusMeters": 2500.0,
        "allowedPermissionIds": [
          "authorized_commercial",
          "special_permit"
        ],
        "details": "Aeródromo registrado en MADHEL (ANAC), no controlado. Verifique NOTAMs/AIP y coordine según RAAC 100 antes de volar."
      },
      "geometry": {
        "type": "Point",
        "coordinates": [
          -58.557711,
          -34.731886
        ]
      }
    },
    {
      "type": "Feature",
      "properties": {
        "id": "madhel_HNA",
        "name": "EL GALPÓN / NITRATOS AUSTIN SA - (HNA) - DRNO - PRIVADO NO CONTROLADO",
        "categoryId": "restricted",
        "radiusMeters": 2500.0,
        "allowedPermissionIds": [
          "authorized_commercial",
          "special_permit"
        ],
        "details": "Aeródromo registrado en MADHEL (ANAC), no controlado. Verifique NOTAMs/AIP y coordine según RAAC 100 antes de volar."
      },
      "geometry": {
        "type": "Point",
        "coordinates": [
          -64.45527778,
          -25.34583333
        ]
      }
    },
    {
      "type": "Feature",
      "properties": {
        "id": "madhel_HNB",
        "name": "TIGRE / NORDELTA - (HNB) - DRCE - PRIVADO NO CONTROLADO",
        "categoryId": "restricted",
        "radiusMeters": 2500.0,
        "allowedPermissionIds": [
          "authorized_commercial",
          "special_permit"
        ],
        "details": "Aeródromo registrado en MADHEL (ANAC), no controlado. Verifique NOTAMs/AIP y coordine según RAAC 100 antes de volar."
      },
      "geometry": {
        "type": "Point",
        "coordinates": [
          -58.642147,
          -34.439639
        ]
      }
    },
    {
      "type": "Feature",
      "properties": {
        "id": "madhel_HNC",
        "name": "HELIPUERTO / BUQUE NORMAND COMMANDER - (HNC) - DRSU - PRIVADO NO CONTROLADO - ILE",
        "categoryId": "controlled_airspace",
        "radiusMeters": 2000.0,
        "allowedPermissionIds": [
          "authorized_commercial",
          "special_permit"
        ],
        "details": "Helipuerto registrado en MADHEL (ANAC). Verifique restricciones y coordine con el aeródromo o proveedor ATS antes de volar."
      },
      "geometry": {
        "type": "Point",
        "coordinates": [
          -68.12777778,
          -52.60833333
        ]
      }
    },
    {
      "type": "Feature",
      "properties": {
        "id": "madhel_HNE",
        "name": "PILAR / NEURUS - (HNE) - DRCE – PRIVADO NO CONTROLADO [### PERMISO PROVISORIO DE OPERACIÓN (PPO) ###]",
        "categoryId": "restricted",
        "radiusMeters": 2500.0,
        "allowedPermissionIds": [
          "authorized_commercial",
          "special_permit"
        ],
        "details": "Aeródromo registrado en MADHEL (ANAC), no controlado. Verifique NOTAMs/AIP y coordine según RAAC 100 antes de volar."
      },
      "geometry": {
        "type": "Point",
        "coordinates": [
          -58.642147,
          -34.439639
        ]
      }
    },
    {
      "type": "Feature",
      "properties": {
        "id": "madhel_HNO",
        "name": "HELIPLATAFORMA / RÍO CULLEN-HIDRA NORT - (HNO) - DRSU - PRIVADO NO CONTROLADO",
        "categoryId": "restricted",
        "radiusMeters": 2500.0,
        "allowedPermissionIds": [
          "authorized_commercial",
          "special_permit"
        ],
        "details": "Aeródromo registrado en MADHEL (ANAC), no controlado. Verifique NOTAMs/AIP y coordine según RAAC 100 antes de volar."
      },
      "geometry": {
        "type": "Point",
        "coordinates": [
          -68.219167,
          -52.820556
        ]
      }
    },
    {
      "type": "Feature",
      "properties": {
        "id": "madhel_HNP",
        "name": "BUENOS AIRES / HOSPITAL NAC. DE PEDIATRÍA J. GARRAHAN - (HNP) - DRCE - PÚBLICO NO CONTROLADO (ELEVADO DE USO SANITARIO)",
        "categoryId": "restricted",
        "radiusMeters": 2500.0,
        "allowedPermissionIds": [
          "authorized_commercial",
          "special_permit"
        ],
        "details": "Aeródromo registrado en MADHEL (ANAC), no controlado. Verifique NOTAMs/AIP y coordine según RAAC 100 antes de volar."
      },
      "geometry": {
        "type": "Point",
        "coordinates": [
          -58.393835,
          -34.63098
        ]
      }
    },
    {
      "type": "Feature",
      "properties": {
        "id": "madhel_HOB",
        "name": "ALTA GRACIA / HELIPUERTO ORESTE BERTA - (HOB) - DRNO - PRIVADO NO CONTROLADO",
        "categoryId": "controlled_airspace",
        "radiusMeters": 2000.0,
        "allowedPermissionIds": [
          "authorized_commercial",
          "special_permit"
        ],
        "details": "Helipuerto registrado en MADHEL (ANAC). Verifique restricciones y coordine con el aeródromo o proveedor ATS antes de volar."
      },
      "geometry": {
        "type": "Point",
        "coordinates": [
          -64.397768,
          -31.633061
        ]
      }
    },
    {
      "type": "Feature",
      "properties": {
        "id": "madhel_HPA",
        "name": "BUENOS AIRES / PRESIDENCIA DE LA NACIÓN - (HPA) - DRCE - PRIVADO NO CONTROLADO",
        "categoryId": "restricted",
        "radiusMeters": 2500.0,
        "allowedPermissionIds": [
          "authorized_commercial",
          "special_permit"
        ],
        "details": "Aeródromo registrado en MADHEL (ANAC), no controlado. Verifique NOTAMs/AIP y coordine según RAAC 100 antes de volar."
      },
      "geometry": {
        "type": "Point",
        "coordinates": [
          -58.368322,
          -34.606433
        ]
      }
    },
    {
      "type": "Feature",
      "properties": {
        "id": "madhel_HPB",
        "name": "PUNTA BANDERA - (HPB) - DRSU – PRIVADO NO CONTROLADO",
        "categoryId": "restricted",
        "radiusMeters": 2500.0,
        "allowedPermissionIds": [
          "authorized_commercial",
          "special_permit"
        ],
        "details": "Aeródromo registrado en MADHEL (ANAC), no controlado. Verifique NOTAMs/AIP y coordine según RAAC 100 antes de volar."
      },
      "geometry": {
        "type": "Point",
        "coordinates": [
          -72.792306,
          -50.312
        ]
      }
    },
    {
      "type": "Feature",
      "properties": {
        "id": "madhel_HPC",
        "name": "HELIPUERTO ELEVADO CÓRDOBA / POLICÍA PROVINCIA DE CÓRDOBA - (HPC) - DRNO - PÚBLICO NO CONTROLADO",
        "categoryId": "controlled_airspace",
        "radiusMeters": 2000.0,
        "allowedPermissionIds": [
          "authorized_commercial",
          "special_permit"
        ],
        "details": "Helipuerto registrado en MADHEL (ANAC). Verifique restricciones y coordine con el aeródromo o proveedor ATS antes de volar."
      },
      "geometry": {
        "type": "Point",
        "coordinates": [
          -64.199434,
          -31.40821
        ]
      }
    },
    {
      "type": "Feature",
      "properties": {
        "id": "madhel_HPD",
        "name": "MENDOZA / HELIPUERTO POLICÍA DE LA PROVINCIA DE MENDOZA - BASE CÓNDOR - (HPD) - DRNO - PRIVADO NO CONTROLADO",
        "categoryId": "controlled_airspace",
        "radiusMeters": 2000.0,
        "allowedPermissionIds": [
          "authorized_commercial",
          "special_permit"
        ],
        "details": "Helipuerto registrado en MADHEL (ANAC). Verifique restricciones y coordine con el aeródromo o proveedor ATS antes de volar."
      },
      "geometry": {
        "type": "Point",
        "coordinates": [
          -68.867744,
          -32.878387
        ]
      }
    },
    {
      "type": "Feature",
      "properties": {
        "id": "madhel_HPE",
        "name": "PARANÁ / HOSPITAL MATERNO INFANTIL SAN ROQUE - (HPE) - DRCE - PRIVADO NO CONTROLADO (ELEVADO)",
        "categoryId": "restricted",
        "radiusMeters": 2500.0,
        "allowedPermissionIds": [
          "authorized_commercial",
          "special_permit"
        ],
        "details": "Aeródromo registrado en MADHEL (ANAC), no controlado. Verifique NOTAMs/AIP y coordine según RAAC 100 antes de volar."
      },
      "geometry": {
        "type": "Point",
        "coordinates": [
          -60.521265,
          -31.730027
        ]
      }
    },
    {
      "type": "Feature",
      "properties": {
        "id": "madhel_HPI",
        "name": "PILAR–GOLF / PIERO VARA - (HPI) - DRCE - PRIVADO NO CONTROLADO",
        "categoryId": "restricted",
        "radiusMeters": 2500.0,
        "allowedPermissionIds": [
          "authorized_commercial",
          "special_permit"
        ],
        "details": "Aeródromo registrado en MADHEL (ANAC), no controlado. Verifique NOTAMs/AIP y coordine según RAAC 100 antes de volar."
      },
      "geometry": {
        "type": "Point",
        "coordinates": [
          -58.972486,
          -34.433128
        ]
      }
    },
    {
      "type": "Feature",
      "properties": {
        "id": "madhel_HPL",
        "name": "LA RIOJA / HELIPUERTO DE LA POLICÍA DE LA PROVINCIA DE LA RIOJA - (HPL) - DRNO - PRIVADO NO CONTROLADO",
        "categoryId": "controlled_airspace",
        "radiusMeters": 2000.0,
        "allowedPermissionIds": [
          "authorized_commercial",
          "special_permit"
        ],
        "details": "Helipuerto registrado en MADHEL (ANAC). Verifique restricciones y coordine con el aeródromo o proveedor ATS antes de volar."
      },
      "geometry": {
        "type": "Point",
        "coordinates": [
          -66.863203,
          -29.435592
        ]
      }
    },
    {
      "type": "Feature",
      "properties": {
        "id": "madhel_HPM",
        "name": "LA PLATA / HELIPUERTO POLICLÍNICO SAN MARTÍN - (HPM) - DRCE - PÚBLICO NO CONTROLADO",
        "categoryId": "controlled_airspace",
        "radiusMeters": 2000.0,
        "allowedPermissionIds": [
          "authorized_commercial",
          "special_permit"
        ],
        "details": "Helipuerto registrado en MADHEL (ANAC). Verifique restricciones y coordine con el aeródromo o proveedor ATS antes de volar."
      },
      "geometry": {
        "type": "Point",
        "coordinates": [
          -57.921928,
          -34.924584
        ]
      }
    },
    {
      "type": "Feature",
      "properties": {
        "id": "madhel_HPN",
        "name": "BUENOS AIRES / P.N.A. OF. PPAL. BALLESTRA - (HPN) - DRCE - PRIVADO NO CONTROLADO",
        "categoryId": "restricted",
        "radiusMeters": 2500.0,
        "allowedPermissionIds": [
          "authorized_commercial",
          "special_permit"
        ],
        "details": "Aeródromo registrado en MADHEL (ANAC), no controlado. Verifique NOTAMs/AIP y coordine según RAAC 100 antes de volar."
      },
      "geometry": {
        "type": "Point",
        "coordinates": [
          -58.383829,
          -34.577207
        ]
      }
    },
    {
      "type": "Feature",
      "properties": {
        "id": "madhel_HPO",
        "name": "PUERTO ESPERANZA – (HPO) - DRNE - PRIVADO NO CONTROLADO",
        "categoryId": "restricted",
        "radiusMeters": 2500.0,
        "allowedPermissionIds": [
          "authorized_commercial",
          "special_permit"
        ],
        "details": "Aeródromo registrado en MADHEL (ANAC), no controlado. Verifique NOTAMs/AIP y coordine según RAAC 100 antes de volar."
      },
      "geometry": {
        "type": "Point",
        "coordinates": [
          -54.638298,
          -25.99034
        ]
      }
    },
    {
      "type": "Feature",
      "properties": {
        "id": "madhel_HPR",
        "name": "HELIPUERTO PÉREZ / PLANTA ROSSI - (HPR) - DRCE – PRIVADO NO CONTROLADO - ILE",
        "categoryId": "controlled_airspace",
        "radiusMeters": 2000.0,
        "allowedPermissionIds": [
          "authorized_commercial",
          "special_permit"
        ],
        "details": "Helipuerto registrado en MADHEL (ANAC). Verifique restricciones y coordine con el aeródromo o proveedor ATS antes de volar."
      },
      "geometry": {
        "type": "Point",
        "coordinates": [
          -60.74777778,
          -33.00555556
        ]
      }
    },
    {
      "type": "Feature",
      "properties": {
        "id": "madhel_HPS",
        "name": "HELIPUERTO PACHÓN / MINERA PACHÓN S.A. - (HPS) - DRNO - PRIVADO NO CONTROLADO",
        "categoryId": "controlled_airspace",
        "radiusMeters": 2000.0,
        "allowedPermissionIds": [
          "authorized_commercial",
          "special_permit"
        ],
        "details": "Helipuerto registrado en MADHEL (ANAC). Verifique restricciones y coordine con el aeródromo o proveedor ATS antes de volar."
      },
      "geometry": {
        "type": "Point",
        "coordinates": [
          -70.41209,
          -31.760056
        ]
      }
    },
    {
      "type": "Feature",
      "properties": {
        "id": "madhel_HPT",
        "name": "SAN MARTÍN / COOPERATIVA DE TRABAJOS PORTUARIOS LIMITADA – (HPT) - DRCE - PRIVADO NO CONTROLADO",
        "categoryId": "restricted",
        "radiusMeters": 2500.0,
        "allowedPermissionIds": [
          "authorized_commercial",
          "special_permit"
        ],
        "details": "Aeródromo registrado en MADHEL (ANAC), no controlado. Verifique NOTAMs/AIP y coordine según RAAC 100 antes de volar."
      },
      "geometry": {
        "type": "Point",
        "coordinates": [
          -60.7264777777778,
          -32.7191777777778
        ]
      }
    },
    {
      "type": "Feature",
      "properties": {
        "id": "madhel_HRA",
        "name": "HELIPUERTO LA REJA-CIT / SUTERH - (HRA) - DRCE – USO SANITARIO - PRIVADO - NO CONTROLADO",
        "categoryId": "controlled_airspace",
        "radiusMeters": 2000.0,
        "allowedPermissionIds": [
          "authorized_commercial",
          "special_permit"
        ],
        "details": "Helipuerto registrado en MADHEL (ANAC). Verifique restricciones y coordine con el aeródromo o proveedor ATS antes de volar."
      },
      "geometry": {
        "type": "Point",
        "coordinates": [
          -58.83722222,
          -34.605
        ]
      }
    },
    {
      "type": "Feature",
      "properties": {
        "id": "madhel_HRC",
        "name": "CARMEN DE ARECO / SAN JOAQUÍN - (HRC) - DRCE - PRIVADO NO CONTROLADO",
        "categoryId": "restricted",
        "radiusMeters": 2500.0,
        "allowedPermissionIds": [
          "authorized_commercial",
          "special_permit"
        ],
        "details": "Aeródromo registrado en MADHEL (ANAC), no controlado. Verifique NOTAMs/AIP y coordine según RAAC 100 antes de volar."
      },
      "geometry": {
        "type": "Point",
        "coordinates": [
          -59.721463,
          -34.338474
        ]
      }
    },
    {
      "type": "Feature",
      "properties": {
        "id": "madhel_HRI",
        "name": "HELIPLATAFORMA CARINA / TOTAL FINA ELF - (HRI) - DRSU - PRIVADO NO CONTROLADO",
        "categoryId": "restricted",
        "radiusMeters": 2500.0,
        "allowedPermissionIds": [
          "authorized_commercial",
          "special_permit"
        ],
        "details": "Aeródromo registrado en MADHEL (ANAC), no controlado. Verifique NOTAMs/AIP y coordine según RAAC 100 antes de volar."
      },
      "geometry": {
        "type": "Point",
        "coordinates": [
          -67.219444,
          -52.757222
        ]
      }
    },
    {
      "type": "Feature",
      "properties": {
        "id": "madhel_HRM",
        "name": "SAN MARTÍN DE LOS ANDES / RANCHO DE MONTAÑA - (HRM) - DRCE - PRIVADO NO CONTROLADO",
        "categoryId": "restricted",
        "radiusMeters": 2500.0,
        "allowedPermissionIds": [
          "authorized_commercial",
          "special_permit"
        ],
        "details": "Aeródromo registrado en MADHEL (ANAC), no controlado. Verifique NOTAMs/AIP y coordine según RAAC 100 antes de volar."
      },
      "geometry": {
        "type": "Point",
        "coordinates": [
          -71.285379,
          -40.152264
        ]
      }
    },
    {
      "type": "Feature",
      "properties": {
        "id": "madhel_HRW",
        "name": "RÍO GRANDE / HELIPUERTO EA. RÍO EWAN - (HRW) - DRSU - PRIVADO NO CONTROLADO",
        "categoryId": "controlled_airspace",
        "radiusMeters": 2000.0,
        "allowedPermissionIds": [
          "authorized_commercial",
          "special_permit"
        ],
        "details": "Helipuerto registrado en MADHEL (ANAC). Verifique restricciones y coordine con el aeródromo o proveedor ATS antes de volar."
      },
      "geometry": {
        "type": "Point",
        "coordinates": [
          -67.21324,
          -54.23355
        ]
      }
    },
    {
      "type": "Feature",
      "properties": {
        "id": "madhel_HSC",
        "name": "HELIPUERTO DE SUPERFICIE SPEGAZZINI / CENTRAL TÉRMICA - (HSC) - DRCE - PRIVADO NO CONTROLADO",
        "categoryId": "controlled_airspace",
        "radiusMeters": 2000.0,
        "allowedPermissionIds": [
          "authorized_commercial",
          "special_permit"
        ],
        "details": "Helipuerto registrado en MADHEL (ANAC). Verifique restricciones y coordine con el aeródromo o proveedor ATS antes de volar."
      },
      "geometry": {
        "type": "Point",
        "coordinates": [
          -58.6156666666667,
          -34.9020277777778
        ]
      }
    },
    {
      "type": "Feature",
      "properties": {
        "id": "madhel_HSD",
        "name": "MORENO / COUNTRY CLUB SAN DIEGO - (HSD) - DRCE - PRIVADO NO CONTROLADO",
        "categoryId": "restricted",
        "radiusMeters": 2500.0,
        "allowedPermissionIds": [
          "authorized_commercial",
          "special_permit"
        ],
        "details": "Aeródromo registrado en MADHEL (ANAC), no controlado. Verifique NOTAMs/AIP y coordine según RAAC 100 antes de volar."
      },
      "geometry": {
        "type": "Point",
        "coordinates": [
          -58.840928,
          -34.600466
        ]
      }
    },
    {
      "type": "Feature",
      "properties": {
        "id": "madhel_HSG",
        "name": "BUENOS AIRES / SANATORIO GÜEMES - (HSG) - DRCE - PRIVADO NO CONTROLADO (ELEVADO)",
        "categoryId": "restricted",
        "radiusMeters": 2500.0,
        "allowedPermissionIds": [
          "authorized_commercial",
          "special_permit"
        ],
        "details": "Aeródromo registrado en MADHEL (ANAC), no controlado. Verifique NOTAMs/AIP y coordine según RAAC 100 antes de volar."
      },
      "geometry": {
        "type": "Point",
        "coordinates": [
          -58.421945,
          -34.59703
        ]
      }
    },
    {
      "type": "Feature",
      "properties": {
        "id": "madhel_HSH",
        "name": "SAN ANDRÉS DE GILES / HOSPITAL MUNICIPAL - (HSH) - DRCE - PÚBLICO NO CONTROLADO",
        "categoryId": "restricted",
        "radiusMeters": 2500.0,
        "allowedPermissionIds": [
          "authorized_commercial",
          "special_permit"
        ],
        "details": "Aeródromo registrado en MADHEL (ANAC), no controlado. Verifique NOTAMs/AIP y coordine según RAAC 100 antes de volar."
      },
      "geometry": {
        "type": "Point",
        "coordinates": [
          -59.449417,
          -34.448879
        ]
      }
    },
    {
      "type": "Feature",
      "properties": {
        "id": "madhel_HSJ",
        "name": "CURUZÚ CUATIÁ / ESTANCIA SAN JUAN - (HSJ) - DRNE - PRIVADO NO CONTROLADO",
        "categoryId": "restricted",
        "radiusMeters": 2500.0,
        "allowedPermissionIds": [
          "authorized_commercial",
          "special_permit"
        ],
        "details": "Aeródromo registrado en MADHEL (ANAC), no controlado. Verifique NOTAMs/AIP y coordine según RAAC 100 antes de volar."
      },
      "geometry": {
        "type": "Point",
        "coordinates": [
          -58.02205,
          -29.60179
        ]
      }
    },
    {
      "type": "Feature",
      "properties": {
        "id": "madhel_HSN",
        "name": "SAN NICOLÁS DE LOS ARROYOS / MIGUEL COLOMBISE - (HSN) - DRCE - PÚBLICO NO CONTROLADO",
        "categoryId": "restricted",
        "radiusMeters": 2500.0,
        "allowedPermissionIds": [
          "authorized_commercial",
          "special_permit"
        ],
        "details": "Aeródromo registrado en MADHEL (ANAC), no controlado. Verifique NOTAMs/AIP y coordine según RAAC 100 antes de volar."
      },
      "geometry": {
        "type": "Point",
        "coordinates": [
          -60.249353,
          -33.358932
        ]
      }
    },
    {
      "type": "Feature",
      "properties": {
        "id": "madhel_HSP",
        "name": "HELIPUERTO / BUQUE SKANDI PATAGONIA - (HSP) - DRCE - PRIVADO NO CONTROLADO",
        "categoryId": "controlled_airspace",
        "radiusMeters": 2000.0,
        "allowedPermissionIds": [
          "authorized_commercial",
          "special_permit"
        ],
        "details": "Helipuerto registrado en MADHEL (ANAC). Verifique restricciones y coordine con el aeródromo o proveedor ATS antes de volar."
      },
      "geometry": {
        "type": "Point",
        "coordinates": [
          -67.9640042365309,
          -53.0764948068031
        ]
      }
    },
    {
      "type": "Feature",
      "properties": {
        "id": "madhel_HSR",
        "name": "SANTA CRUZ / ESTANCIA SAN RAMÓN - (HSR) - DRSU - PRIVADO NO CONTROLADO",
        "categoryId": "restricted",
        "radiusMeters": 2500.0,
        "allowedPermissionIds": [
          "authorized_commercial",
          "special_permit"
        ],
        "details": "Aeródromo registrado en MADHEL (ANAC), no controlado. Verifique NOTAMs/AIP y coordine según RAAC 100 antes de volar."
      },
      "geometry": {
        "type": "Point",
        "coordinates": [
          -69.917664,
          -50.303036
        ]
      }
    },
    {
      "type": "Feature",
      "properties": {
        "id": "madhel_HST",
        "name": "EL CORCOVADO / SANTA TERESITA - (HST) - DRSU – PRIVADO NO CONTROLADO",
        "categoryId": "restricted",
        "radiusMeters": 2500.0,
        "allowedPermissionIds": [
          "authorized_commercial",
          "special_permit"
        ],
        "details": "Aeródromo registrado en MADHEL (ANAC), no controlado. Verifique NOTAMs/AIP y coordine según RAAC 100 antes de volar."
      },
      "geometry": {
        "type": "Point",
        "coordinates": [
          -71.5405472222222,
          -43.5385916666667
        ]
      }
    },
    {
      "type": "Feature",
      "properties": {
        "id": "madhel_HTA",
        "name": "CONCEPCIÓN DEL URUGUAY / HELIPUERTO TALITAS - (HTA) - DRCE - PRIVADO NO CONTROLADO",
        "categoryId": "controlled_airspace",
        "radiusMeters": 2000.0,
        "allowedPermissionIds": [
          "authorized_commercial",
          "special_permit"
        ],
        "details": "Helipuerto registrado en MADHEL (ANAC). Verifique restricciones y coordine con el aeródromo o proveedor ATS antes de volar."
      },
      "geometry": {
        "type": "Point",
        "coordinates": [
          -58.240705,
          -32.548188
        ]
      }
    },
    {
      "type": "Feature",
      "properties": {
        "id": "madhel_HTC",
        "name": "HELIPUERTO TIMBÚES / CENTRAL TÉRMICA - (HTC) - DRCE – PRIVADO - NO CONTROLADO",
        "categoryId": "controlled_airspace",
        "radiusMeters": 2000.0,
        "allowedPermissionIds": [
          "authorized_commercial",
          "special_permit"
        ],
        "details": "Helipuerto registrado en MADHEL (ANAC). Verifique restricciones y coordine con el aeródromo o proveedor ATS antes de volar."
      },
      "geometry": {
        "type": "Point",
        "coordinates": [
          -60.79055556,
          -32.58666667
        ]
      }
    },
    {
      "type": "Feature",
      "properties": {
        "id": "madhel_HTD",
        "name": "TANDIL / EA. LA PASCUALA - (HTD) - DRCE - PRIVADO NO CONTROLADO",
        "categoryId": "restricted",
        "radiusMeters": 2500.0,
        "allowedPermissionIds": [
          "authorized_commercial",
          "special_permit"
        ],
        "details": "Aeródromo registrado en MADHEL (ANAC), no controlado. Verifique NOTAMs/AIP y coordine según RAAC 100 antes de volar."
      },
      "geometry": {
        "type": "Point",
        "coordinates": [
          -58.966403,
          -37.393711
        ]
      }
    },
    {
      "type": "Feature",
      "properties": {
        "id": "madhel_HTL",
        "name": "TRENQUE LAUQUEN / EA. LA CHACOTA - (HTL) - DRCE - PRIVADO NO CONTROLADO",
        "categoryId": "restricted",
        "radiusMeters": 2500.0,
        "allowedPermissionIds": [
          "authorized_commercial",
          "special_permit"
        ],
        "details": "Aeródromo registrado en MADHEL (ANAC), no controlado. Verifique NOTAMs/AIP y coordine según RAAC 100 antes de volar."
      },
      "geometry": {
        "type": "Point",
        "coordinates": [
          -62.641667,
          -35.913333
        ]
      }
    },
    {
      "type": "Feature",
      "properties": {
        "id": "madhel_HTS",
        "name": "EL TURBIO / ESTANCIA SANTA ANA - (HTS) - DRSU - PRIVADO NO CONTROLADO",
        "categoryId": "restricted",
        "radiusMeters": 2500.0,
        "allowedPermissionIds": [
          "authorized_commercial",
          "special_permit"
        ],
        "details": "Aeródromo registrado en MADHEL (ANAC), no controlado. Verifique NOTAMs/AIP y coordine según RAAC 100 antes de volar."
      },
      "geometry": {
        "type": "Point",
        "coordinates": [
          -71.967747,
          -51.685796
        ]
      }
    },
    {
      "type": "Feature",
      "properties": {
        "id": "madhel_HUE",
        "name": "CARHUÉ - (HUE) - DRCE - PRIVADO NO CONTROLADO",
        "categoryId": "restricted",
        "radiusMeters": 2500.0,
        "allowedPermissionIds": [
          "authorized_commercial",
          "special_permit"
        ],
        "details": "Aeródromo registrado en MADHEL (ANAC), no controlado. Verifique NOTAMs/AIP y coordine según RAAC 100 antes de volar."
      },
      "geometry": {
        "type": "Point",
        "coordinates": [
          -62.7813888888889,
          -37.1938888888889
        ]
      }
    },
    {
      "type": "Feature",
      "properties": {
        "id": "madhel_HUG",
        "name": "HUANGUELÉN - (HUG) - DRCE - PRIVADO NO CONTROLADO",
        "categoryId": "restricted",
        "radiusMeters": 2500.0,
        "allowedPermissionIds": [
          "authorized_commercial",
          "special_permit"
        ],
        "details": "Aeródromo registrado en MADHEL (ANAC), no controlado. Verifique NOTAMs/AIP y coordine según RAAC 100 antes de volar."
      },
      "geometry": {
        "type": "Point",
        "coordinates": [
          -61.95324,
          -37.05267
        ]
      }
    },
    {
      "type": "Feature",
      "properties": {
        "id": "madhel_HUI",
        "name": "HUINCA RENANCÓ - (HUI) - DRCE - PÚBLICO NO CONTROLADO",
        "categoryId": "restricted",
        "radiusMeters": 2500.0,
        "allowedPermissionIds": [
          "authorized_commercial",
          "special_permit"
        ],
        "details": "Aeródromo registrado en MADHEL (ANAC), no controlado. Verifique NOTAMs/AIP y coordine según RAAC 100 antes de volar."
      },
      "geometry": {
        "type": "Point",
        "coordinates": [
          -64.37412,
          -34.82041
        ]
      }
    },
    {
      "type": "Feature",
      "properties": {
        "id": "madhel_HUM",
        "name": "HUMBOLDT / ESTABLECIMIENTO LA ADELITA - (HUM) - DRCE - PRIVADO NO CONTROLADO [** USO AGROAÉREO **]",
        "categoryId": "restricted",
        "radiusMeters": 2500.0,
        "allowedPermissionIds": [
          "authorized_commercial",
          "special_permit"
        ],
        "details": "Aeródromo registrado en MADHEL (ANAC), no controlado. Verifique NOTAMs/AIP y coordine según RAAC 100 antes de volar."
      },
      "geometry": {
        "type": "Point",
        "coordinates": [
          -61.14256,
          -31.38986
        ]
      }
    },
    {
      "type": "Feature",
      "properties": {
        "id": "madhel_HUU",
        "name": "25 DE MAYO / SATURNINO UNZUÉ - (HUU) - DRCE – USO SANITARIO - PRIVADO - NO CONTROLADO",
        "categoryId": "restricted",
        "radiusMeters": 2500.0,
        "allowedPermissionIds": [
          "authorized_commercial",
          "special_permit"
        ],
        "details": "Aeródromo registrado en MADHEL (ANAC), no controlado. Verifique NOTAMs/AIP y coordine según RAAC 100 antes de volar."
      },
      "geometry": {
        "type": "Point",
        "coordinates": [
          -60.159541,
          -35.423236
        ]
      }
    },
    {
      "type": "Feature",
      "properties": {
        "id": "madhel_HVA",
        "name": "TIGRE / VILLA LA ÑATA - (HVA) - DRCE - PRIVADO NO CONTROLADO",
        "categoryId": "restricted",
        "radiusMeters": 2500.0,
        "allowedPermissionIds": [
          "authorized_commercial",
          "special_permit"
        ],
        "details": "Aeródromo registrado en MADHEL (ANAC), no controlado. Verifique NOTAMs/AIP y coordine según RAAC 100 antes de volar."
      },
      "geometry": {
        "type": "Point",
        "coordinates": [
          -58.655755,
          -34.375231
        ]
      }
    },
    {
      "type": "Feature",
      "properties": {
        "id": "madhel_HVM",
        "name": "VILLA MARTELLI / CITEFA - (HVM) - DRCE - PRIVADO NO CONTROLADO",
        "categoryId": "restricted",
        "radiusMeters": 2500.0,
        "allowedPermissionIds": [
          "authorized_commercial",
          "special_permit"
        ],
        "details": "Aeródromo registrado en MADHEL (ANAC), no controlado. Verifique NOTAMs/AIP y coordine según RAAC 100 antes de volar."
      },
      "geometry": {
        "type": "Point",
        "coordinates": [
          -58.505501,
          -34.557728
        ]
      }
    },
    {
      "type": "Feature",
      "properties": {
        "id": "madhel_HVP",
        "name": "HELIPLATAFORMA VEGA PLEYADE - (HVP) - PRIVADO NO CONTROLADO",
        "categoryId": "restricted",
        "radiusMeters": 2500.0,
        "allowedPermissionIds": [
          "authorized_commercial",
          "special_permit"
        ],
        "details": "Aeródromo registrado en MADHEL (ANAC), no controlado. Verifique NOTAMs/AIP y coordine según RAAC 100 antes de volar."
      },
      "geometry": {
        "type": "Point",
        "coordinates": [
          -67.74583333,
          -53.28361111
        ]
      }
    },
    {
      "type": "Feature",
      "properties": {
        "id": "madhel_HYC",
        "name": "YACANTO DE CALAMUCHITA / ROCA VAL - (HYC) - DRNO - PRIVADO NO CONTROLADO",
        "categoryId": "restricted",
        "radiusMeters": 2500.0,
        "allowedPermissionIds": [
          "authorized_commercial",
          "special_permit"
        ],
        "details": "Aeródromo registrado en MADHEL (ANAC), no controlado. Verifique NOTAMs/AIP y coordine según RAAC 100 antes de volar."
      },
      "geometry": {
        "type": "Point",
        "coordinates": [
          -64.780353,
          -32.05978
        ]
      }
    },
    {
      "type": "Feature",
      "properties": {
        "id": "madhel_IAA",
        "name": "INTENDENTE ALVEAR / AZCARATE IRASTORZA - (IAA) - DRCE - PRIVADO NO CONTROLADO",
        "categoryId": "restricted",
        "radiusMeters": 2500.0,
        "allowedPermissionIds": [
          "authorized_commercial",
          "special_permit"
        ],
        "details": "Aeródromo registrado en MADHEL (ANAC), no controlado. Verifique NOTAMs/AIP y coordine según RAAC 100 antes de volar."
      },
      "geometry": {
        "type": "Point",
        "coordinates": [
          -63.61052,
          -35.18862
        ]
      }
    },
    {
      "type": "Feature",
      "properties": {
        "id": "madhel_IAL",
        "name": "INTENDENTE ALVEAR - (IAL) - DRCE - PÚBLICO NO CONTROLADO",
        "categoryId": "restricted",
        "radiusMeters": 2500.0,
        "allowedPermissionIds": [
          "authorized_commercial",
          "special_permit"
        ],
        "details": "Aeródromo registrado en MADHEL (ANAC), no controlado. Verifique NOTAMs/AIP y coordine según RAAC 100 antes de volar."
      },
      "geometry": {
        "type": "Point",
        "coordinates": [
          -63.56571,
          -35.23368
        ]
      }
    },
    {
      "type": "Feature",
      "properties": {
        "id": "madhel_IBA",
        "name": "﻿INÉS INDART / BELINGUERES AVIACIÓN - (IBA) - DRCE - PRIVADO NO CONTROLADO",
        "categoryId": "restricted",
        "radiusMeters": 2500.0,
        "allowedPermissionIds": [
          "authorized_commercial",
          "special_permit"
        ],
        "details": "Aeródromo registrado en MADHEL (ANAC), no controlado. Verifique NOTAMs/AIP y coordine según RAAC 100 antes de volar."
      },
      "geometry": {
        "type": "Point",
        "coordinates": [
          -60.5044444444444,
          -34.2777777777778
        ]
      }
    },
    {
      "type": "Feature",
      "properties": {
        "id": "madhel_IBY",
        "name": "ISLAS DEL IBICUY - (IBY) - DRCE - PRIVADO NO CONTROLADO",
        "categoryId": "restricted",
        "radiusMeters": 2500.0,
        "allowedPermissionIds": [
          "authorized_commercial",
          "special_permit"
        ],
        "details": "Aeródromo registrado en MADHEL (ANAC), no controlado. Verifique NOTAMs/AIP y coordine según RAAC 100 antes de volar."
      },
      "geometry": {
        "type": "Point",
        "coordinates": [
          -58.68099,
          -33.7439
        ]
      }
    },
    {
      "type": "Feature",
      "properties": {
        "id": "madhel_ICO",
        "name": "COMODORO RIVADAVIA / 13 DE DICIEMBRE - (ICO) - DRSU - PÚBLICO NO CONTROLADO",
        "categoryId": "restricted",
        "radiusMeters": 2500.0,
        "allowedPermissionIds": [
          "authorized_commercial",
          "special_permit"
        ],
        "details": "Aeródromo registrado en MADHEL (ANAC), no controlado. Verifique NOTAMs/AIP y coordine según RAAC 100 antes de volar."
      },
      "geometry": {
        "type": "Point",
        "coordinates": [
          -67.5588888888889,
          -45.9041666666667
        ]
      }
    },
    {
      "type": "Feature",
      "properties": {
        "id": "madhel_IGU",
        "name": "CATARATAS DEL IGUAZÚ / MY. D. C. E. KRAUSE - (IGU / SARI) - DRNE - PÚBLICO CONTROLADO INTERNACIONAL",
        "categoryId": "controlled_airspace",
        "radiusMeters": 9000.0,
        "allowedPermissionIds": [
          "authorized_commercial",
          "special_permit"
        ],
        "details": "Espacio aéreo controlado de aeródromo (MADHEL/ANAC). Requiere coordinación con la torre de control (ATC)."
      },
      "geometry": {
        "type": "Point",
        "coordinates": [
          -54.47354,
          -25.73722
        ]
      }
    },
    {
      "type": "Feature",
      "properties": {
        "id": "madhel_IJC",
        "name": "INGENIERO JACOBACCI / CABO F.A.A. H. R. BORDÓN - (IJC / SAVJ) - DRSU - PÚBLICO NO CONTROLADO",
        "categoryId": "restricted",
        "radiusMeters": 2500.0,
        "allowedPermissionIds": [
          "authorized_commercial",
          "special_permit"
        ],
        "details": "Aeródromo registrado en MADHEL (ANAC), no controlado. Verifique NOTAMs/AIP y coordine según RAAC 100 antes de volar."
      },
      "geometry": {
        "type": "Point",
        "coordinates": [
          -69.5761111111111,
          -41.3211111111111
        ]
      }
    },
    {
      "type": "Feature",
      "properties": {
        "id": "madhel_ILD",
        "name": "CASILDA - (ILD) - DRCE - PÚBLICO NO CONTROLADO",
        "categoryId": "restricted",
        "radiusMeters": 2500.0,
        "allowedPermissionIds": [
          "authorized_commercial",
          "special_permit"
        ],
        "details": "Aeródromo registrado en MADHEL (ANAC), no controlado. Verifique NOTAMs/AIP y coordine según RAAC 100 antes de volar."
      },
      "geometry": {
        "type": "Point",
        "coordinates": [
          -61.20973,
          -33.06242
        ]
      }
    },
    {
      "type": "Feature",
      "properties": {
        "id": "madhel_ILM",
        "name": "ÁREA MATERIAL QUILMES - (ILM/SADQ) – FIR EZE - MILITAR CONTROLADO (FUERZA AÉREA ARGENTINA)",
        "categoryId": "controlled_airspace",
        "radiusMeters": 9000.0,
        "allowedPermissionIds": [
          "authorized_commercial",
          "special_permit"
        ],
        "details": "Espacio aéreo controlado de aeródromo (MADHEL/ANAC). Requiere coordinación con la torre de control (ATC)."
      },
      "geometry": {
        "type": "Point",
        "coordinates": [
          -58.24461,
          -34.70643
        ]
      }
    },
    {
      "type": "Feature",
      "properties": {
        "id": "madhel_IRA",
        "name": "MIRAMAR / AERÓDROMO JUAN DOMINGO PERÓN - (IRA / SAEM) - DRCE - PÚBLICO NO CONTROLADO",
        "categoryId": "restricted",
        "radiusMeters": 2500.0,
        "allowedPermissionIds": [
          "authorized_commercial",
          "special_permit"
        ],
        "details": "Aeródromo registrado en MADHEL (ANAC), no controlado. Verifique NOTAMs/AIP y coordine según RAAC 100 antes de volar."
      },
      "geometry": {
        "type": "Point",
        "coordinates": [
          -57.8708333333333,
          -38.2261111111111
        ]
      }
    },
    {
      "type": "Feature",
      "properties": {
        "id": "madhel_ITO",
        "name": "CHILECITO / BRIG. MY. JUAN FACUNDO QUIROGA - (ITO / SANO) - DRNO - PÚBLICO NO CONTROLADO",
        "categoryId": "restricted",
        "radiusMeters": 2500.0,
        "allowedPermissionIds": [
          "authorized_commercial",
          "special_permit"
        ],
        "details": "Aeródromo registrado en MADHEL (ANAC), no controlado. Verifique NOTAMs/AIP y coordine según RAAC 100 antes de volar."
      },
      "geometry": {
        "type": "Point",
        "coordinates": [
          -67.4394444444444,
          -29.2233333333333
        ]
      }
    },
    {
      "type": "Feature",
      "properties": {
        "id": "madhel_IVB",
        "name": "ISLA VERDE / D. HÉCTOR BIONDI - (IVB) - DRCE - PÚBLICO NO CONTROLADO",
        "categoryId": "restricted",
        "radiusMeters": 2500.0,
        "allowedPermissionIds": [
          "authorized_commercial",
          "special_permit"
        ],
        "details": "Aeródromo registrado en MADHEL (ANAC), no controlado. Verifique NOTAMs/AIP y coordine según RAAC 100 antes de volar."
      },
      "geometry": {
        "type": "Point",
        "coordinates": [
          -62.41538,
          -33.24674
        ]
      }
    },
    {
      "type": "Feature",
      "properties": {
        "id": "madhel_IVL",
        "name": "ISLA VERDE / BIONDI - (IVL) - DRCE - PRIVADO NO CONTROLADO [** USO AGROAÉREO **]",
        "categoryId": "restricted",
        "radiusMeters": 2500.0,
        "allowedPermissionIds": [
          "authorized_commercial",
          "special_permit"
        ],
        "details": "Aeródromo registrado en MADHEL (ANAC), no controlado. Verifique NOTAMs/AIP y coordine según RAAC 100 antes de volar."
      },
      "geometry": {
        "type": "Point",
        "coordinates": [
          -62.40464,
          -33.2232
        ]
      }
    },
    {
      "type": "Feature",
      "properties": {
        "id": "madhel_JAH",
        "name": "JUNÍN DE LOS ANDES / HOSTERÍA SAN HUBERTO - (JAH) - DRCE - PRIVADO NO CONTROLADO",
        "categoryId": "restricted",
        "radiusMeters": 2500.0,
        "allowedPermissionIds": [
          "authorized_commercial",
          "special_permit"
        ],
        "details": "Aeródromo registrado en MADHEL (ANAC), no controlado. Verifique NOTAMs/AIP y coordine según RAAC 100 antes de volar."
      },
      "geometry": {
        "type": "Point",
        "coordinates": [
          -71.17,
          -39.7038888888889
        ]
      }
    },
    {
      "type": "Feature",
      "properties": {
        "id": "madhel_JAR",
        "name": "﻿JACINTO ARÁUZ - (JAR) - DRCE - PRIVADO NO CONTROLADO",
        "categoryId": "restricted",
        "radiusMeters": 2500.0,
        "allowedPermissionIds": [
          "authorized_commercial",
          "special_permit"
        ],
        "details": "Aeródromo registrado en MADHEL (ANAC), no controlado. Verifique NOTAMs/AIP y coordine según RAAC 100 antes de volar."
      },
      "geometry": {
        "type": "Point",
        "coordinates": [
          -63.42902,
          -38.066
        ]
      }
    },
    {
      "type": "Feature",
      "properties": {
        "id": "madhel_JBA",
        "name": "JUAN BAUTISTA ALBERDI - (JBA) - DRCE - PRIVADO NO CONTROLADO [** USO AGROAÉREO **]",
        "categoryId": "restricted",
        "radiusMeters": 2500.0,
        "allowedPermissionIds": [
          "authorized_commercial",
          "special_permit"
        ],
        "details": "Aeródromo registrado en MADHEL (ANAC), no controlado. Verifique NOTAMs/AIP y coordine según RAAC 100 antes de volar."
      },
      "geometry": {
        "type": "Point",
        "coordinates": [
          -61.90455,
          -34.48351
        ]
      }
    },
    {
      "type": "Feature",
      "properties": {
        "id": "madhel_JCM",
        "name": "JUÁREZ CELMAN / BRIG. MY. JUAN IGNACIO SAN MARTÍN - (JCM) - DRNO - PÚBLICO NO CONTROLADO",
        "categoryId": "restricted",
        "radiusMeters": 2500.0,
        "allowedPermissionIds": [
          "authorized_commercial",
          "special_permit"
        ],
        "details": "Aeródromo registrado en MADHEL (ANAC), no controlado. Verifique NOTAMs/AIP y coordine según RAAC 100 antes de volar."
      },
      "geometry": {
        "type": "Point",
        "coordinates": [
          -64.16064,
          -31.21113
        ]
      }
    },
    {
      "type": "Feature",
      "properties": {
        "id": "madhel_JDA",
        "name": "JARDÍN DE AMÉRICA - (JDA) - DRNE - PRIVADO NO CONTROLADO",
        "categoryId": "restricted",
        "radiusMeters": 2500.0,
        "allowedPermissionIds": [
          "authorized_commercial",
          "special_permit"
        ],
        "details": "Aeródromo registrado en MADHEL (ANAC), no controlado. Verifique NOTAMs/AIP y coordine según RAAC 100 antes de volar."
      },
      "geometry": {
        "type": "Point",
        "coordinates": [
          -55.1980555555556,
          -27.0325
        ]
      }
    },
    {
      "type": "Feature",
      "properties": {
        "id": "madhel_JES",
        "name": "JESÚS MARÍA - (JES) - DRNO - PÚBLICO NO CONTROLADO",
        "categoryId": "restricted",
        "radiusMeters": 2500.0,
        "allowedPermissionIds": [
          "authorized_commercial",
          "special_permit"
        ],
        "details": "Aeródromo registrado en MADHEL (ANAC), no controlado. Verifique NOTAMs/AIP y coordine según RAAC 100 antes de volar."
      },
      "geometry": {
        "type": "Point",
        "coordinates": [
          -64.07797,
          -30.9883
        ]
      }
    },
    {
      "type": "Feature",
      "properties": {
        "id": "madhel_JGA",
        "name": "JOAQUÍN V. GONZÁLEZ / AGROPECUARIA RÍO JURAMENTO - (JGA) - DRNO - PRIVADO NO CONTROLADO",
        "categoryId": "restricted",
        "radiusMeters": 2500.0,
        "allowedPermissionIds": [
          "authorized_commercial",
          "special_permit"
        ],
        "details": "Aeródromo registrado en MADHEL (ANAC), no controlado. Verifique NOTAMs/AIP y coordine según RAAC 100 antes de volar."
      },
      "geometry": {
        "type": "Point",
        "coordinates": [
          -64.08135,
          -25.1866
        ]
      }
    },
    {
      "type": "Feature",
      "properties": {
        "id": "madhel_JLA",
        "name": "JUNÍN DE LOS ANDES / SAN IGNACIO - (JLA) - DRCE - PRIVADO NO CONTROLADO",
        "categoryId": "restricted",
        "radiusMeters": 2500.0,
        "allowedPermissionIds": [
          "authorized_commercial",
          "special_permit"
        ],
        "details": "Aeródromo registrado en MADHEL (ANAC), no controlado. Verifique NOTAMs/AIP y coordine según RAAC 100 antes de volar."
      },
      "geometry": {
        "type": "Point",
        "coordinates": [
          -70.86537,
          -39.84555
        ]
      }
    },
    {
      "type": "Feature",
      "properties": {
        "id": "madhel_JMB",
        "name": "TRES LOMAS - (JMB) - DRCE - PRIVADO NO CONTROLADO",
        "categoryId": "restricted",
        "radiusMeters": 2500.0,
        "allowedPermissionIds": [
          "authorized_commercial",
          "special_permit"
        ],
        "details": "Aeródromo registrado en MADHEL (ANAC), no controlado. Verifique NOTAMs/AIP y coordine según RAAC 100 antes de volar."
      },
      "geometry": {
        "type": "Point",
        "coordinates": [
          -62.87927,
          -36.44296
        ]
      }
    },
    {
      "type": "Feature",
      "properties": {
        "id": "madhel_JOC",
        "name": "JOVITA / ANTARES - (JOC) - DRCE - PRIVADO NO CONTROLADO [** USO AGROAÉREO **]",
        "categoryId": "restricted",
        "radiusMeters": 2500.0,
        "allowedPermissionIds": [
          "authorized_commercial",
          "special_permit"
        ],
        "details": "Aeródromo registrado en MADHEL (ANAC), no controlado. Verifique NOTAMs/AIP y coordine según RAAC 100 antes de volar."
      },
      "geometry": {
        "type": "Point",
        "coordinates": [
          -63.9605555555556,
          -34.5319444444444
        ]
      }
    },
    {
      "type": "Feature",
      "properties": {
        "id": "madhel_JOR",
        "name": "SAN JORGE - (JOR) - DRNO - PÚBLICO NO CONTROLADO",
        "categoryId": "restricted",
        "radiusMeters": 2500.0,
        "allowedPermissionIds": [
          "authorized_commercial",
          "special_permit"
        ],
        "details": "Aeródromo registrado en MADHEL (ANAC), no controlado. Verifique NOTAMs/AIP y coordine según RAAC 100 antes de volar."
      },
      "geometry": {
        "type": "Point",
        "coordinates": [
          -61.8433333333333,
          -31.8827777777778
        ]
      }
    },
    {
      "type": "Feature",
      "properties": {
        "id": "madhel_JRZ",
        "name": "JUÁREZ - (JRZ / SAZJ) - DRCE - PÚBLICO NO CONTROLADO",
        "categoryId": "restricted",
        "radiusMeters": 2500.0,
        "allowedPermissionIds": [
          "authorized_commercial",
          "special_permit"
        ],
        "details": "Aeródromo registrado en MADHEL (ANAC), no controlado. Verifique NOTAMs/AIP y coordine según RAAC 100 antes de volar."
      },
      "geometry": {
        "type": "Point",
        "coordinates": [
          -59.7919444444444,
          -37.7061111111111
        ]
      }
    },
    {
      "type": "Feature",
      "properties": {
        "id": "madhel_JUA",
        "name": "SAN JUAN / DOMINGO FAUSTINO SARMIENTO - (JUA / SANU) - DRNO - PÚBLICO CONTROLADO",
        "categoryId": "controlled_airspace",
        "radiusMeters": 9000.0,
        "allowedPermissionIds": [
          "authorized_commercial",
          "special_permit"
        ],
        "details": "Espacio aéreo controlado de aeródromo (MADHEL/ANAC). Requiere coordinación con la torre de control (ATC)."
      },
      "geometry": {
        "type": "Point",
        "coordinates": [
          -68.4183333333333,
          -31.5713888888889
        ]
      }
    },
    {
      "type": "Feature",
      "properties": {
        "id": "madhel_JUJ",
        "name": "JUJUY / GOBERNADOR GUZMÁN - (JUJ / SASJ) - DRNO - PÚBLICO CONTROLADO INTERNACIONAL",
        "categoryId": "controlled_airspace",
        "radiusMeters": 9000.0,
        "allowedPermissionIds": [
          "authorized_commercial",
          "special_permit"
        ],
        "details": "Espacio aéreo controlado de aeródromo (MADHEL/ANAC). Requiere coordinación con la torre de control (ATC)."
      },
      "geometry": {
        "type": "Point",
        "coordinates": [
          -65.0977777777778,
          -24.3925
        ]
      }
    },
    {
      "type": "Feature",
      "properties": {
        "id": "madhel_LAE",
        "name": "PUNTA ROJA / ESTANCIA LA ELBA - (LAE) - DRSU - PRIVADO NO CONTROLADO",
        "categoryId": "restricted",
        "radiusMeters": 2500.0,
        "allowedPermissionIds": [
          "authorized_commercial",
          "special_permit"
        ],
        "details": "Aeródromo registrado en MADHEL (ANAC), no controlado. Verifique NOTAMs/AIP y coordine según RAAC 100 antes de volar."
      },
      "geometry": {
        "type": "Point",
        "coordinates": [
          -65.3705555555556,
          -44.5727777777778
        ]
      }
    },
    {
      "type": "Feature",
      "properties": {
        "id": "madhel_LAM",
        "name": "GENERAL LA MADRID - (LAM) - DRCE - PÚBLICO NO CONTROLADO",
        "categoryId": "restricted",
        "radiusMeters": 2500.0,
        "allowedPermissionIds": [
          "authorized_commercial",
          "special_permit"
        ],
        "details": "Aeródromo registrado en MADHEL (ANAC), no controlado. Verifique NOTAMs/AIP y coordine según RAAC 100 antes de volar."
      },
      "geometry": {
        "type": "Point",
        "coordinates": [
          -61.2788888888889,
          -37.2261111111111
        ]
      }
    },
    {
      "type": "Feature",
      "properties": {
        "id": "madhel_LAN",
        "name": "LANTERI - (LAN) - DRNE - PRIVADO NO CONTROLADO [** USO AGROAÉREO **]",
        "categoryId": "restricted",
        "radiusMeters": 2500.0,
        "allowedPermissionIds": [
          "authorized_commercial",
          "special_permit"
        ],
        "details": "Aeródromo registrado en MADHEL (ANAC), no controlado. Verifique NOTAMs/AIP y coordine según RAAC 100 antes de volar."
      },
      "geometry": {
        "type": "Point",
        "coordinates": [
          -59.6727777777778,
          -28.8575
        ]
      }
    },
    {
      "type": "Feature",
      "properties": {
        "id": "madhel_LAR",
        "name": "LA RIOJA / CAPITÁN VICENTE ALMANDOS ALMONACID - (LAR / SANL) - DRNO - PÚBLICO CONTROLADO",
        "categoryId": "controlled_airspace",
        "radiusMeters": 9000.0,
        "allowedPermissionIds": [
          "authorized_commercial",
          "special_permit"
        ],
        "details": "Espacio aéreo controlado de aeródromo (MADHEL/ANAC). Requiere coordinación con la torre de control (ATC)."
      },
      "geometry": {
        "type": "Point",
        "coordinates": [
          -66.7958333333333,
          -29.3805555555556
        ]
      }
    },
    {
      "type": "Feature",
      "properties": {
        "id": "madhel_LAU",
        "name": "TRENQUE LAUQUEN - (LAU / SAET) - DRCE - PÚBLICO NO CONTROLADO",
        "categoryId": "restricted",
        "radiusMeters": 2500.0,
        "allowedPermissionIds": [
          "authorized_commercial",
          "special_permit"
        ],
        "details": "Aeródromo registrado en MADHEL (ANAC), no controlado. Verifique NOTAMs/AIP y coordine según RAAC 100 antes de volar."
      },
      "geometry": {
        "type": "Point",
        "coordinates": [
          -62.6938888888889,
          -36.0158333333333
        ]
      }
    },
    {
      "type": "Feature",
      "properties": {
        "id": "madhel_LAZ",
        "name": "LA PAZ / AEROCLUB - (LAZ) - DRCE - PRIVADO NO CONTROLADO",
        "categoryId": "restricted",
        "radiusMeters": 2500.0,
        "allowedPermissionIds": [
          "authorized_commercial",
          "special_permit"
        ],
        "details": "Aeródromo registrado en MADHEL (ANAC), no controlado. Verifique NOTAMs/AIP y coordine según RAAC 100 antes de volar."
      },
      "geometry": {
        "type": "Point",
        "coordinates": [
          -59.56887,
          -30.74368
        ]
      }
    },
    {
      "type": "Feature",
      "properties": {
        "id": "madhel_LBI",
        "name": "LOBERÍA - (LBI) - DRCE - PRIVADO NO CONTROLADO",
        "categoryId": "restricted",
        "radiusMeters": 2500.0,
        "allowedPermissionIds": [
          "authorized_commercial",
          "special_permit"
        ],
        "details": "Aeródromo registrado en MADHEL (ANAC), no controlado. Verifique NOTAMs/AIP y coordine según RAAC 100 antes de volar."
      },
      "geometry": {
        "type": "Point",
        "coordinates": [
          -58.7872,
          -38.18951
        ]
      }
    },
    {
      "type": "Feature",
      "properties": {
        "id": "madhel_LCA",
        "name": "LOS CARDOS / GRACAGRO - (LCA) - DRCE – PRIVADO NO CONTROLADO",
        "categoryId": "restricted",
        "radiusMeters": 2500.0,
        "allowedPermissionIds": [
          "authorized_commercial",
          "special_permit"
        ],
        "details": "Aeródromo registrado en MADHEL (ANAC), no controlado. Verifique NOTAMs/AIP y coordine según RAAC 100 antes de volar."
      },
      "geometry": {
        "type": "Point",
        "coordinates": [
          -61.662036,
          -32.271467
        ]
      }
    },
    {
      "type": "Feature",
      "properties": {
        "id": "madhel_LCC",
        "name": "LA CARLOTA / CASAJUS - (LCC) - DRNO - PRIVADO NO CONTROLADO [** USO AGROAÉREO **]",
        "categoryId": "restricted",
        "radiusMeters": 2500.0,
        "allowedPermissionIds": [
          "authorized_commercial",
          "special_permit"
        ],
        "details": "Aeródromo registrado en MADHEL (ANAC), no controlado. Verifique NOTAMs/AIP y coordine según RAAC 100 antes de volar."
      },
      "geometry": {
        "type": "Point",
        "coordinates": [
          -63.30551,
          -33.38823
        ]
      }
    },
    {
      "type": "Feature",
      "properties": {
        "id": "madhel_LCP",
        "name": "LONCOPUÉ - (LCP) - DRNO - PÚBLICO NO CONTROLADO",
        "categoryId": "restricted",
        "radiusMeters": 2500.0,
        "allowedPermissionIds": [
          "authorized_commercial",
          "special_permit"
        ],
        "details": "Aeródromo registrado en MADHEL (ANAC), no controlado. Verifique NOTAMs/AIP y coordine según RAAC 100 antes de volar."
      },
      "geometry": {
        "type": "Point",
        "coordinates": [
          -70.64406,
          -38.08177
        ]
      }
    },
    {
      "type": "Feature",
      "properties": {
        "id": "madhel_LCT",
        "name": "LA CARLOTA / AEROCLUB - (LCT) - DRNO - PRIVADO NO CONTROLADO",
        "categoryId": "restricted",
        "radiusMeters": 2500.0,
        "allowedPermissionIds": [
          "authorized_commercial",
          "special_permit"
        ],
        "details": "Aeródromo registrado en MADHEL (ANAC), no controlado. Verifique NOTAMs/AIP y coordine según RAAC 100 antes de volar."
      },
      "geometry": {
        "type": "Point",
        "coordinates": [
          -63.31375,
          -33.45761
        ]
      }
    },
    {
      "type": "Feature",
      "properties": {
        "id": "madhel_LDA",
        "name": "LEZAMA / DON ALBERTO - (LDA) - DRCE - PRIVADO NO CONTROLADO",
        "categoryId": "restricted",
        "radiusMeters": 2500.0,
        "allowedPermissionIds": [
          "authorized_commercial",
          "special_permit"
        ],
        "details": "Aeródromo registrado en MADHEL (ANAC), no controlado. Verifique NOTAMs/AIP y coordine según RAAC 100 antes de volar."
      },
      "geometry": {
        "type": "Point",
        "coordinates": [
          -57.87667,
          -35.86972
        ]
      }
    },
    {
      "type": "Feature",
      "properties": {
        "id": "madhel_LDG",
        "name": "LAGUNA DE GÓMEZ - (LDG) - DRCE - PÚBLICO NO CONTROLADO",
        "categoryId": "restricted",
        "radiusMeters": 2500.0,
        "allowedPermissionIds": [
          "authorized_commercial",
          "special_permit"
        ],
        "details": "Aeródromo registrado en MADHEL (ANAC), no controlado. Verifique NOTAMs/AIP y coordine según RAAC 100 antes de volar."
      },
      "geometry": {
        "type": "Point",
        "coordinates": [
          -61.0091,
          -34.65469
        ]
      }
    },
    {
      "type": "Feature",
      "properties": {
        "id": "madhel_LDR",
        "name": "VILLA DOLORES - (LDR / SAOD) - DRNO - PÚBLICO NO CONTROLADO",
        "categoryId": "restricted",
        "radiusMeters": 2500.0,
        "allowedPermissionIds": [
          "authorized_commercial",
          "special_permit"
        ],
        "details": "Aeródromo registrado en MADHEL (ANAC), no controlado. Verifique NOTAMs/AIP y coordine según RAAC 100 antes de volar."
      },
      "geometry": {
        "type": "Point",
        "coordinates": [
          -65.1475,
          -31.9475
        ]
      }
    },
    {
      "type": "Feature",
      "properties": {
        "id": "madhel_LEN",
        "name": "BELÉN DE ESCOBAR - (LEN / SRDE) - DRCE - PRIVADO NO CONTROLADO",
        "categoryId": "restricted",
        "radiusMeters": 2500.0,
        "allowedPermissionIds": [
          "authorized_commercial",
          "special_permit"
        ],
        "details": "Aeródromo registrado en MADHEL (ANAC), no controlado. Verifique NOTAMs/AIP y coordine según RAAC 100 antes de volar."
      },
      "geometry": {
        "type": "Point",
        "coordinates": [
          -58.7988888888889,
          -34.2986111111111
        ]
      }
    },
    {
      "type": "Feature",
      "properties": {
        "id": "madhel_LGM",
        "name": "SARMIENTO / LAGO MUSTERS - (LGM / SAVM) - DRSU - PRIVADO NO CONTROLADO",
        "categoryId": "restricted",
        "radiusMeters": 2500.0,
        "allowedPermissionIds": [
          "authorized_commercial",
          "special_permit"
        ],
        "details": "Aeródromo registrado en MADHEL (ANAC), no controlado. Verifique NOTAMs/AIP y coordine según RAAC 100 antes de volar."
      },
      "geometry": {
        "type": "Point",
        "coordinates": [
          -69.07713,
          -45.57506
        ]
      }
    },
    {
      "type": "Feature",
      "properties": {
        "id": "madhel_LHP",
        "name": "LAS HERAS / LOS PERALES - (LHP) - DRSU - PRIVADO NO CONTROLADO",
        "categoryId": "restricted",
        "radiusMeters": 2500.0,
        "allowedPermissionIds": [
          "authorized_commercial",
          "special_permit"
        ],
        "details": "Aeródromo registrado en MADHEL (ANAC), no controlado. Verifique NOTAMs/AIP y coordine según RAAC 100 antes de volar."
      },
      "geometry": {
        "type": "Point",
        "coordinates": [
          -69.2869444444444,
          -46.1919444444444
        ]
      }
    },
    {
      "type": "Feature",
      "properties": {
        "id": "madhel_LIB",
        "name": "PASO DE LOS LIBRES - (LIB / SARL) - DRNE - PÚBLICO CONTROLADO INTERNACIONAL",
        "categoryId": "controlled_airspace",
        "radiusMeters": 9000.0,
        "allowedPermissionIds": [
          "authorized_commercial",
          "special_permit"
        ],
        "details": "Espacio aéreo controlado de aeródromo (MADHEL/ANAC). Requiere coordinación con la torre de control (ATC)."
      },
      "geometry": {
        "type": "Point",
        "coordinates": [
          -57.1522222222222,
          -29.6880555555556
        ]
      }
    },
    {
      "type": "Feature",
      "properties": {
        "id": "madhel_LIN",
        "name": "LINCOLN - (LIN) - DRCE - PÚBLICO NO CONTROLADO",
        "categoryId": "restricted",
        "radiusMeters": 2500.0,
        "allowedPermissionIds": [
          "authorized_commercial",
          "special_permit"
        ],
        "details": "Aeródromo registrado en MADHEL (ANAC), no controlado. Verifique NOTAMs/AIP y coordine según RAAC 100 antes de volar."
      },
      "geometry": {
        "type": "Point",
        "coordinates": [
          -61.5313888888889,
          -34.8908333333333
        ]
      }
    },
    {
      "type": "Feature",
      "properties": {
        "id": "madhel_LIO",
        "name": "NUEVE DE JULIO - (LIO / SAZX) - DRCE - PÚBLICO NO CONTROLADO",
        "categoryId": "restricted",
        "radiusMeters": 2500.0,
        "allowedPermissionIds": [
          "authorized_commercial",
          "special_permit"
        ],
        "details": "Aeródromo registrado en MADHEL (ANAC), no controlado. Verifique NOTAMs/AIP y coordine según RAAC 100 antes de volar."
      },
      "geometry": {
        "type": "Point",
        "coordinates": [
          -60.9333333333333,
          -35.3994444444444
        ]
      }
    },
    {
      "type": "Feature",
      "properties": {
        "id": "madhel_LJH",
        "name": "LUJÁN / LAS HOJAS - (LJH) - DRCE – PRIVADO NO CONTROLADO",
        "categoryId": "restricted",
        "radiusMeters": 2500.0,
        "allowedPermissionIds": [
          "authorized_commercial",
          "special_permit"
        ],
        "details": "Aeródromo registrado en MADHEL (ANAC), no controlado. Verifique NOTAMs/AIP y coordine según RAAC 100 antes de volar."
      },
      "geometry": {
        "type": "Point",
        "coordinates": [
          -59.2241764742112,
          -34.7091431811419
        ]
      }
    },
    {
      "type": "Feature",
      "properties": {
        "id": "madhel_LJN",
        "name": "LUJÁN - (LJN / SRDL ) - DRCE - PÚBLICO NO CONTROLADO",
        "categoryId": "restricted",
        "radiusMeters": 2500.0,
        "allowedPermissionIds": [
          "authorized_commercial",
          "special_permit"
        ],
        "details": "Aeródromo registrado en MADHEL (ANAC), no controlado. Verifique NOTAMs/AIP y coordine según RAAC 100 antes de volar."
      },
      "geometry": {
        "type": "Point",
        "coordinates": [
          -59.0791666666667,
          -34.5505555555556
        ]
      }
    },
    {
      "type": "Feature",
      "properties": {
        "id": "madhel_LLA",
        "name": "LAS LAJITAS / AEROSOLUCIONES - (LLA) - DRNO - PRIVADO NO CONTROLADO [** USO AGROAÉREO **]",
        "categoryId": "restricted",
        "radiusMeters": 2500.0,
        "allowedPermissionIds": [
          "authorized_commercial",
          "special_permit"
        ],
        "details": "Aeródromo registrado en MADHEL (ANAC), no controlado. Verifique NOTAMs/AIP y coordine según RAAC 100 antes de volar."
      },
      "geometry": {
        "type": "Point",
        "coordinates": [
          -64.235,
          -24.7488888888889
        ]
      }
    },
    {
      "type": "Feature",
      "properties": {
        "id": "madhel_LLC",
        "name": "LONGCHAMPS / LA CAÍDA - (LLC) - DRCE - PRIVADO NO CONTROLADO",
        "categoryId": "restricted",
        "radiusMeters": 2500.0,
        "allowedPermissionIds": [
          "authorized_commercial",
          "special_permit"
        ],
        "details": "Aeródromo registrado en MADHEL (ANAC), no controlado. Verifique NOTAMs/AIP y coordine según RAAC 100 antes de volar."
      },
      "geometry": {
        "type": "Point",
        "coordinates": [
          -58.3447222222222,
          -34.8625
        ]
      }
    },
    {
      "type": "Feature",
      "properties": {
        "id": "madhel_LLE",
        "name": "LIBERTAD / LA ESMERALDA - (LLE) - DRNE - PRIVADO NO CONTROLADO",
        "categoryId": "restricted",
        "radiusMeters": 2500.0,
        "allowedPermissionIds": [
          "authorized_commercial",
          "special_permit"
        ],
        "details": "Aeródromo registrado en MADHEL (ANAC), no controlado. Verifique NOTAMs/AIP y coordine según RAAC 100 antes de volar."
      },
      "geometry": {
        "type": "Point",
        "coordinates": [
          -57.83833,
          -29.9951
        ]
      }
    },
    {
      "type": "Feature",
      "properties": {
        "id": "madhel_LMD",
        "name": "JUAN N. FERNÁNDEZ / LA MADRUGADA - (LMD) - DRCE - PRIVADO NO CONTROLADO",
        "categoryId": "restricted",
        "radiusMeters": 2500.0,
        "allowedPermissionIds": [
          "authorized_commercial",
          "special_permit"
        ],
        "details": "Aeródromo registrado en MADHEL (ANAC), no controlado. Verifique NOTAMs/AIP y coordine según RAAC 100 antes de volar."
      },
      "geometry": {
        "type": "Point",
        "coordinates": [
          -59.34998,
          -38.00845
        ]
      }
    },
    {
      "type": "Feature",
      "properties": {
        "id": "madhel_LMF",
        "name": "LOS MOLINOS / ESTABLECIMIENTO LA FLORENCIA - (LMF) - DRCE - PRIVADO NO CONTROLADO",
        "categoryId": "restricted",
        "radiusMeters": 2500.0,
        "allowedPermissionIds": [
          "authorized_commercial",
          "special_permit"
        ],
        "details": "Aeródromo registrado en MADHEL (ANAC), no controlado. Verifique NOTAMs/AIP y coordine según RAAC 100 antes de volar."
      },
      "geometry": {
        "type": "Point",
        "coordinates": [
          -61.31628,
          -33.07912
        ]
      }
    },
    {
      "type": "Feature",
      "properties": {
        "id": "madhel_LNH",
        "name": "LAGO NAHUEL HUAPI - (LNH) - DRCE - PÚBLICO NO CONTROLADO",
        "categoryId": "restricted",
        "radiusMeters": 2500.0,
        "allowedPermissionIds": [
          "authorized_commercial",
          "special_permit"
        ],
        "details": "Aeródromo registrado en MADHEL (ANAC), no controlado. Verifique NOTAMs/AIP y coordine según RAAC 100 antes de volar."
      },
      "geometry": {
        "type": "Point",
        "coordinates": [
          -71.17678,
          -41.09725
        ]
      }
    },
    {
      "type": "Feature",
      "properties": {
        "id": "madhel_LPB",
        "name": "COMANDANTE LUIS PIEDRABUENA - (LPB) - DRSU - PRIVADO NO CONTROLADO",
        "categoryId": "restricted",
        "radiusMeters": 2500.0,
        "allowedPermissionIds": [
          "authorized_commercial",
          "special_permit"
        ],
        "details": "Aeródromo registrado en MADHEL (ANAC), no controlado. Verifique NOTAMs/AIP y coordine según RAAC 100 antes de volar."
      },
      "geometry": {
        "type": "Point",
        "coordinates": [
          -68.94984,
          -49.99499
        ]
      }
    },
    {
      "type": "Feature",
      "properties": {
        "id": "madhel_LPP",
        "name": "LAS PALMAS / PETRUK - (LPP) - DRNE - PRIVADO NO CONTROLADO [** USO AGROAÉREO **]",
        "categoryId": "restricted",
        "radiusMeters": 2500.0,
        "allowedPermissionIds": [
          "authorized_commercial",
          "special_permit"
        ],
        "details": "Aeródromo registrado en MADHEL (ANAC), no controlado. Verifique NOTAMs/AIP y coordine según RAAC 100 antes de volar."
      },
      "geometry": {
        "type": "Point",
        "coordinates": [
          -58.6694444444444,
          -27.0877777777778
        ]
      }
    },
    {
      "type": "Feature",
      "properties": {
        "id": "madhel_LPR",
        "name": "LAPRIDA - (LPR / SAEK) - DRCE - PÚBLICO NO CONTROLADO",
        "categoryId": "restricted",
        "radiusMeters": 2500.0,
        "allowedPermissionIds": [
          "authorized_commercial",
          "special_permit"
        ],
        "details": "Aeródromo registrado en MADHEL (ANAC), no controlado. Verifique NOTAMs/AIP y coordine según RAAC 100 antes de volar."
      },
      "geometry": {
        "type": "Point",
        "coordinates": [
          -60.7783333333333,
          -37.5208333333333
        ]
      }
    },
    {
      "type": "Feature",
      "properties": {
        "id": "madhel_LRE",
        "name": "LA RAMADA DE ABAJO / DON EMILIO - (LRE) - DRNO - PRIVADO NO CONTROLADO [** USO AGROAÉREO **]",
        "categoryId": "restricted",
        "radiusMeters": 2500.0,
        "allowedPermissionIds": [
          "authorized_commercial",
          "special_permit"
        ],
        "details": "Aeródromo registrado en MADHEL (ANAC), no controlado. Verifique NOTAMs/AIP y coordine según RAAC 100 antes de volar."
      },
      "geometry": {
        "type": "Point",
        "coordinates": [
          -64.88463,
          -26.73288
        ]
      }
    },
    {
      "type": "Feature",
      "properties": {
        "id": "madhel_LRS",
        "name": "LAS ROSAS - (LRS) - DRCE - PÚBLICO NO CONTROLADO",
        "categoryId": "restricted",
        "radiusMeters": 2500.0,
        "allowedPermissionIds": [
          "authorized_commercial",
          "special_permit"
        ],
        "details": "Aeródromo registrado en MADHEL (ANAC), no controlado. Verifique NOTAMs/AIP y coordine según RAAC 100 antes de volar."
      },
      "geometry": {
        "type": "Point",
        "coordinates": [
          -61.5816666666667,
          -32.4930555555556
        ]
      }
    },
    {
      "type": "Feature",
      "properties": {
        "id": "madhel_LRT",
        "name": "LAS ROSAS / HORIZONTE APLICACIONES AÉREAS - (LRT) - DRCE - PRIVADO NO CONTROLADO [** USO AGROAÉREO **]",
        "categoryId": "restricted",
        "radiusMeters": 2500.0,
        "allowedPermissionIds": [
          "authorized_commercial",
          "special_permit"
        ],
        "details": "Aeródromo registrado en MADHEL (ANAC), no controlado. Verifique NOTAMs/AIP y coordine según RAAC 100 antes de volar."
      },
      "geometry": {
        "type": "Point",
        "coordinates": [
          -61.5508333333333,
          -32.5202777777778
        ]
      }
    },
    {
      "type": "Feature",
      "properties": {
        "id": "madhel_LVA",
        "name": "LAS VARAS / MACIAS - (LVA) - DRNO - PRIVADO NO CONTROLADO [** USO AGROAÉREO **]",
        "categoryId": "restricted",
        "radiusMeters": 2500.0,
        "allowedPermissionIds": [
          "authorized_commercial",
          "special_permit"
        ],
        "details": "Aeródromo registrado en MADHEL (ANAC), no controlado. Verifique NOTAMs/AIP y coordine según RAAC 100 antes de volar."
      },
      "geometry": {
        "type": "Point",
        "coordinates": [
          -62.6302777777778,
          -31.8172222222222
        ]
      }
    },
    {
      "type": "Feature",
      "properties": {
        "id": "madhel_LVL",
        "name": "LAS VARILLAS - (LVL) - DRNO - PRIVADO NO CONTROLADO",
        "categoryId": "restricted",
        "radiusMeters": 2500.0,
        "allowedPermissionIds": [
          "authorized_commercial",
          "special_permit"
        ],
        "details": "Aeródromo registrado en MADHEL (ANAC), no controlado. Verifique NOTAMs/AIP y coordine según RAAC 100 antes de volar."
      },
      "geometry": {
        "type": "Point",
        "coordinates": [
          -62.7047222222222,
          -31.8916666666667
        ]
      }
    },
    {
      "type": "Feature",
      "properties": {
        "id": "madhel_LYE",
        "name": "LABOULAYE - (LYE / SAOL) - DRCE - PÚBLICO NO CONTROLADO",
        "categoryId": "restricted",
        "radiusMeters": 2500.0,
        "allowedPermissionIds": [
          "authorized_commercial",
          "special_permit"
        ],
        "details": "Aeródromo registrado en MADHEL (ANAC), no controlado. Verifique NOTAMs/AIP y coordine según RAAC 100 antes de volar."
      },
      "geometry": {
        "type": "Point",
        "coordinates": [
          -63.36237,
          -34.13544
        ]
      }
    },
    {
      "type": "Feature",
      "properties": {
        "id": "madhel_LZA",
        "name": "LAGO LA ESPERANZA - (LZA) - DRSU - PRIVADO NO CONTROLADO",
        "categoryId": "restricted",
        "radiusMeters": 2500.0,
        "allowedPermissionIds": [
          "authorized_commercial",
          "special_permit"
        ],
        "details": "Aeródromo registrado en MADHEL (ANAC), no controlado. Verifique NOTAMs/AIP y coordine según RAAC 100 antes de volar."
      },
      "geometry": {
        "type": "Point",
        "coordinates": [
          -71.80522,
          -42.21713
        ]
      }
    },
    {
      "type": "Feature",
      "properties": {
        "id": "madhel_MAB",
        "name": "MAGGIOLO / SAMAVE - (MAB) - DRCE - PRIVADO NO CONTROLADO [** USO AGROAÉREO **]",
        "categoryId": "restricted",
        "radiusMeters": 2500.0,
        "allowedPermissionIds": [
          "authorized_commercial",
          "special_permit"
        ],
        "details": "Aeródromo registrado en MADHEL (ANAC), no controlado. Verifique NOTAMs/AIP y coordine según RAAC 100 antes de volar."
      },
      "geometry": {
        "type": "Point",
        "coordinates": [
          -62.12792,
          -33.78639
        ]
      }
    },
    {
      "type": "Feature",
      "properties": {
        "id": "madhel_MAC",
        "name": "﻿MACACHÍN - (MAC) - DRCE - PRIVADO NO CONTROLADO",
        "categoryId": "restricted",
        "radiusMeters": 2500.0,
        "allowedPermissionIds": [
          "authorized_commercial",
          "special_permit"
        ],
        "details": "Aeródromo registrado en MADHEL (ANAC), no controlado. Verifique NOTAMs/AIP y coordine según RAAC 100 antes de volar."
      },
      "geometry": {
        "type": "Point",
        "coordinates": [
          -63.67893,
          -37.14581
        ]
      }
    },
    {
      "type": "Feature",
      "properties": {
        "id": "madhel_MAD",
        "name": "GENERAL MADARIAGA - (MAD) - DRCE - PÚBLICO NO CONTROLADO",
        "categoryId": "restricted",
        "radiusMeters": 2500.0,
        "allowedPermissionIds": [
          "authorized_commercial",
          "special_permit"
        ],
        "details": "Aeródromo registrado en MADHEL (ANAC), no controlado. Verifique NOTAMs/AIP y coordine según RAAC 100 antes de volar."
      },
      "geometry": {
        "type": "Point",
        "coordinates": [
          -57.1363888888889,
          -37.0386111111111
        ]
      }
    },
    {
      "type": "Feature",
      "properties": {
        "id": "madhel_MAI",
        "name": "MONTE MAÍZ - (MAI) - DRNO - PÚBLICO NO CONTROLADO",
        "categoryId": "restricted",
        "radiusMeters": 2500.0,
        "allowedPermissionIds": [
          "authorized_commercial",
          "special_permit"
        ],
        "details": "Aeródromo registrado en MADHEL (ANAC), no controlado. Verifique NOTAMs/AIP y coordine según RAAC 100 antes de volar."
      },
      "geometry": {
        "type": "Point",
        "coordinates": [
          -62.6311111111111,
          -33.2111111111111
        ]
      }
    },
    {
      "type": "Feature",
      "properties": {
        "id": "madhel_MAO",
        "name": "VEINTICINCO DE MAYO - (MAO) - DRCE - PRIVADO NO CONTROLADO",
        "categoryId": "restricted",
        "radiusMeters": 2500.0,
        "allowedPermissionIds": [
          "authorized_commercial",
          "special_permit"
        ],
        "details": "Aeródromo registrado en MADHEL (ANAC), no controlado. Verifique NOTAMs/AIP y coordine según RAAC 100 antes de volar."
      },
      "geometry": {
        "type": "Point",
        "coordinates": [
          -67.65938,
          -37.80974
        ]
      }
    },
    {
      "type": "Feature",
      "properties": {
        "id": "madhel_MAT",
        "name": "MATANZA - (MAT / SADZ) - DRCE - PÚBLICO NO CONTROLADO",
        "categoryId": "restricted",
        "radiusMeters": 2500.0,
        "allowedPermissionIds": [
          "authorized_commercial",
          "special_permit"
        ],
        "details": "Aeródromo registrado en MADHEL (ANAC), no controlado. Verifique NOTAMs/AIP y coordine según RAAC 100 antes de volar."
      },
      "geometry": {
        "type": "Point",
        "coordinates": [
          -58.5005555555556,
          -34.7283333333333
        ]
      }
    },
    {
      "type": "Feature",
      "properties": {
        "id": "madhel_MAY",
        "name": "25 DE MAYO - (MAY) - DRCE - PÚBLICO NO CONTROLADO",
        "categoryId": "restricted",
        "radiusMeters": 2500.0,
        "allowedPermissionIds": [
          "authorized_commercial",
          "special_permit"
        ],
        "details": "Aeródromo registrado en MADHEL (ANAC), no controlado. Verifique NOTAMs/AIP y coordine según RAAC 100 antes de volar."
      },
      "geometry": {
        "type": "Point",
        "coordinates": [
          -60.0886111111111,
          -35.4463888888889
        ]
      }
    },
    {
      "type": "Feature",
      "properties": {
        "id": "madhel_MBF",
        "name": "MONTE BUEY / PEDRO FERRARI - (MBF / SROM) - DRNO - PÚBLICO NO CONTROLADO",
        "categoryId": "restricted",
        "radiusMeters": 2500.0,
        "allowedPermissionIds": [
          "authorized_commercial",
          "special_permit"
        ],
        "details": "Aeródromo registrado en MADHEL (ANAC), no controlado. Verifique NOTAMs/AIP y coordine según RAAC 100 antes de volar."
      },
      "geometry": {
        "type": "Point",
        "coordinates": [
          -62.43474,
          -32.93173
        ]
      }
    },
    {
      "type": "Feature",
      "properties": {
        "id": "madhel_MBI",
        "name": "VICECOMODORO MARAMBIO – (MBI / SAWB) - DRSU - PÚBLICO CONTROLADO",
        "categoryId": "controlled_airspace",
        "radiusMeters": 9000.0,
        "allowedPermissionIds": [
          "authorized_commercial",
          "special_permit"
        ],
        "details": "Espacio aéreo controlado de aeródromo (MADHEL/ANAC). Requiere coordinación con la torre de control (ATC)."
      },
      "geometry": {
        "type": "Point",
        "coordinates": [
          -56.63085,
          -64.23913
        ]
      }
    },
    {
      "type": "Feature",
      "properties": {
        "id": "madhel_MBL",
        "name": "MIRAMAR / BELLAMAR - (MBL) - DRCE - PRIVADO NO CONTROLADO",
        "categoryId": "restricted",
        "radiusMeters": 2500.0,
        "allowedPermissionIds": [
          "authorized_commercial",
          "special_permit"
        ],
        "details": "Aeródromo registrado en MADHEL (ANAC), no controlado. Verifique NOTAMs/AIP y coordine según RAAC 100 antes de volar."
      },
      "geometry": {
        "type": "Point",
        "coordinates": [
          -58.13353,
          -38.38559
        ]
      }
    },
    {
      "type": "Feature",
      "properties": {
        "id": "madhel_MCL",
        "name": "MINA CLAVERO - (MCL) - DRNO - PÚBLICO NO CONTROLADO",
        "categoryId": "restricted",
        "radiusMeters": 2500.0,
        "allowedPermissionIds": [
          "authorized_commercial",
          "special_permit"
        ],
        "details": "Aeródromo registrado en MADHEL (ANAC), no controlado. Verifique NOTAMs/AIP y coordine según RAAC 100 antes de volar."
      },
      "geometry": {
        "type": "Point",
        "coordinates": [
          -64.9877777777778,
          -31.7302777777778
        ]
      }
    },
    {
      "type": "Feature",
      "properties": {
        "id": "madhel_MCP",
        "name": "MONTE CASEROS / EL PILINCHO - (MCP) - DRNE - PRIVADO NO CONTROLADO",
        "categoryId": "restricted",
        "radiusMeters": 2500.0,
        "allowedPermissionIds": [
          "authorized_commercial",
          "special_permit"
        ],
        "details": "Aeródromo registrado en MADHEL (ANAC), no controlado. Verifique NOTAMs/AIP y coordine según RAAC 100 antes de volar."
      },
      "geometry": {
        "type": "Point",
        "coordinates": [
          -57.9683333333333,
          -30.3872222222222
        ]
      }
    },
    {
      "type": "Feature",
      "properties": {
        "id": "madhel_MCS",
        "name": "MONTE CASEROS - (MCS / SARM) - DRNE - PÚBLICO NO CONTROLADO",
        "categoryId": "restricted",
        "radiusMeters": 2500.0,
        "allowedPermissionIds": [
          "authorized_commercial",
          "special_permit"
        ],
        "details": "Aeródromo registrado en MADHEL (ANAC), no controlado. Verifique NOTAMs/AIP y coordine según RAAC 100 antes de volar."
      },
      "geometry": {
        "type": "Point",
        "coordinates": [
          -57.6394444444444,
          -30.2702777777778
        ]
      }
    },
    {
      "type": "Feature",
      "properties": {
        "id": "madhel_MCT",
        "name": "MONTE CASEROS / TIMBOY - (MCT) - DRNE - PRIVADO NO CONTROLADO",
        "categoryId": "restricted",
        "radiusMeters": 2500.0,
        "allowedPermissionIds": [
          "authorized_commercial",
          "special_permit"
        ],
        "details": "Aeródromo registrado en MADHEL (ANAC), no controlado. Verifique NOTAMs/AIP y coordine según RAAC 100 antes de volar."
      },
      "geometry": {
        "type": "Point",
        "coordinates": [
          -57.84572,
          -30.23519
        ]
      }
    },
    {
      "type": "Feature",
      "properties": {
        "id": "madhel_MDB",
        "name": "MAR DEL PLATA / BATÁN - (MDB) - DRCE - PÚBLICO NO CONTROLADO",
        "categoryId": "restricted",
        "radiusMeters": 2500.0,
        "allowedPermissionIds": [
          "authorized_commercial",
          "special_permit"
        ],
        "details": "Aeródromo registrado en MADHEL (ANAC), no controlado. Verifique NOTAMs/AIP y coordine según RAAC 100 antes de volar."
      },
      "geometry": {
        "type": "Point",
        "coordinates": [
          -57.6775,
          -38.0116666666667
        ]
      }
    },
    {
      "type": "Feature",
      "properties": {
        "id": "madhel_MDP",
        "name": "MAR DEL PLATA / ASTOR PIAZZOLLA - (MDP / SAZM) - DRCE  - PÚBLICO CONTROLADO INTERNACIONAL",
        "categoryId": "controlled_airspace",
        "radiusMeters": 9000.0,
        "allowedPermissionIds": [
          "authorized_commercial",
          "special_permit"
        ],
        "details": "Espacio aéreo controlado de aeródromo (MADHEL/ANAC). Requiere coordinación con la torre de control (ATC)."
      },
      "geometry": {
        "type": "Point",
        "coordinates": [
          -57.5733333333333,
          -37.9341666666667
        ]
      }
    },
    {
      "type": "Feature",
      "properties": {
        "id": "madhel_MEA",
        "name": "MAIPÚ / ESTABLECIMIENTO EL ARAZA - (MEA) - DRCE - PRIVADO NO CONTROLADO",
        "categoryId": "restricted",
        "radiusMeters": 2500.0,
        "allowedPermissionIds": [
          "authorized_commercial",
          "special_permit"
        ],
        "details": "Aeródromo registrado en MADHEL (ANAC), no controlado. Verifique NOTAMs/AIP y coordine según RAAC 100 antes de volar."
      },
      "geometry": {
        "type": "Point",
        "coordinates": [
          -57.6427777777778,
          -36.7758333333333
        ]
      }
    },
    {
      "type": "Feature",
      "properties": {
        "id": "madhel_MEZ",
        "name": "CÓRDOBA / LA MEZQUITA - (MEZ) - DRNO - PRIVADO NO CONTROLADO",
        "categoryId": "restricted",
        "radiusMeters": 2500.0,
        "allowedPermissionIds": [
          "authorized_commercial",
          "special_permit"
        ],
        "details": "Aeródromo registrado en MADHEL (ANAC), no controlado. Verifique NOTAMs/AIP y coordine según RAAC 100 antes de volar."
      },
      "geometry": {
        "type": "Point",
        "coordinates": [
          -64.3003,
          -31.40103
        ]
      }
    },
    {
      "type": "Feature",
      "properties": {
        "id": "madhel_MGI",
        "name": "ISLA MARTÍN GARCÍA - (MGI / SAAK) - DRCE - PÚBLICO NO CONTROLADO",
        "categoryId": "restricted",
        "radiusMeters": 2500.0,
        "allowedPermissionIds": [
          "authorized_commercial",
          "special_permit"
        ],
        "details": "Aeródromo registrado en MADHEL (ANAC), no controlado. Verifique NOTAMs/AIP y coordine según RAAC 100 antes de volar."
      },
      "geometry": {
        "type": "Point",
        "coordinates": [
          -58.2469444444444,
          -34.1822222222222
        ]
      }
    },
    {
      "type": "Feature",
      "properties": {
        "id": "madhel_MIN",
        "name": "VILLA MINETTI - (MIN) - DRNO - PRIVADO NO CONTROLADO",
        "categoryId": "restricted",
        "radiusMeters": 2500.0,
        "allowedPermissionIds": [
          "authorized_commercial",
          "special_permit"
        ],
        "details": "Aeródromo registrado en MADHEL (ANAC), no controlado. Verifique NOTAMs/AIP y coordine según RAAC 100 antes de volar."
      },
      "geometry": {
        "type": "Point",
        "coordinates": [
          -61.60359,
          -28.61901
        ]
      }
    },
    {
      "type": "Feature",
      "properties": {
        "id": "madhel_MJZ",
        "name": "MARCOS JUÁREZ - (MJZ / SAOM) - DRNO - PÚBLICO NO CONTROLADO",
        "categoryId": "restricted",
        "radiusMeters": 2500.0,
        "allowedPermissionIds": [
          "authorized_commercial",
          "special_permit"
        ],
        "details": "Aeródromo registrado en MADHEL (ANAC), no controlado. Verifique NOTAMs/AIP y coordine según RAAC 100 antes de volar."
      },
      "geometry": {
        "type": "Point",
        "coordinates": [
          -62.15772,
          -32.684
        ]
      }
    },
    {
      "type": "Feature",
      "properties": {
        "id": "madhel_MLA",
        "name": "MALABRIGO - (MLA) - DRNE - PRIVADO NO CONTROLADO",
        "categoryId": "restricted",
        "radiusMeters": 2500.0,
        "allowedPermissionIds": [
          "authorized_commercial",
          "special_permit"
        ],
        "details": "Aeródromo registrado en MADHEL (ANAC), no controlado. Verifique NOTAMs/AIP y coordine según RAAC 100 antes de volar."
      },
      "geometry": {
        "type": "Point",
        "coordinates": [
          -59.9780555555556,
          -29.3672222222222
        ]
      }
    },
    {
      "type": "Feature",
      "properties": {
        "id": "madhel_MLD",
        "name": "CORONEL MOLDES - (MLD) - DRNO - PÚBLICO NO CONTROLADO",
        "categoryId": "restricted",
        "radiusMeters": 2500.0,
        "allowedPermissionIds": [
          "authorized_commercial",
          "special_permit"
        ],
        "details": "Aeródromo registrado en MADHEL (ANAC), no controlado. Verifique NOTAMs/AIP y coordine según RAAC 100 antes de volar."
      },
      "geometry": {
        "type": "Point",
        "coordinates": [
          -64.61701,
          -33.61743
        ]
      }
    },
    {
      "type": "Feature",
      "properties": {
        "id": "madhel_MLE",
        "name": "MONTE LEÑA / DON ESTEBAN - (MLE / SROL) - DRNO – PRIVADO NO CONTROLADO",
        "categoryId": "restricted",
        "radiusMeters": 2500.0,
        "allowedPermissionIds": [
          "authorized_commercial",
          "special_permit"
        ],
        "details": "Aeródromo registrado en MADHEL (ANAC), no controlado. Verifique NOTAMs/AIP y coordine según RAAC 100 antes de volar."
      },
      "geometry": {
        "type": "Point",
        "coordinates": [
          -62.631909,
          -32.586214
        ]
      }
    },
    {
      "type": "Feature",
      "properties": {
        "id": "madhel_MLG",
        "name": "MALARGÜE / COMODORO D. R. SALOMÓN - (MLG / SAMM) - DRNO - PÚBLICO CONTROLADO",
        "categoryId": "controlled_airspace",
        "radiusMeters": 9000.0,
        "allowedPermissionIds": [
          "authorized_commercial",
          "special_permit"
        ],
        "details": "Espacio aéreo controlado de aeródromo (MADHEL/ANAC). Requiere coordinación con la torre de control (ATC)."
      },
      "geometry": {
        "type": "Point",
        "coordinates": [
          -69.5730555555556,
          -35.4952777777778
        ]
      }
    },
    {
      "type": "Feature",
      "properties": {
        "id": "madhel_MOI",
        "name": "CORRALITO / DON MOISÉS - (MOI) - DRNO - PRIVADO NO CONTROLADO [** USO AGROAÉREO **]",
        "categoryId": "restricted",
        "radiusMeters": 2500.0,
        "allowedPermissionIds": [
          "authorized_commercial",
          "special_permit"
        ],
        "details": "Aeródromo registrado en MADHEL (ANAC), no controlado. Verifique NOTAMs/AIP y coordine según RAAC 100 antes de volar."
      },
      "geometry": {
        "type": "Point",
        "coordinates": [
          -64.1911111111111,
          -32.0355555555556
        ]
      }
    },
    {
      "type": "Feature",
      "properties": {
        "id": "madhel_MON",
        "name": "MONJE / FUMIGACIONES GONZÁLEZ - (MON) - DRCE - PRIVADO NO CONTROLADO [** USO AGROAÉREO **]",
        "categoryId": "restricted",
        "radiusMeters": 2500.0,
        "allowedPermissionIds": [
          "authorized_commercial",
          "special_permit"
        ],
        "details": "Aeródromo registrado en MADHEL (ANAC), no controlado. Verifique NOTAMs/AIP y coordine según RAAC 100 antes de volar."
      },
      "geometry": {
        "type": "Point",
        "coordinates": [
          -60.9797222222222,
          -32.3588888888889
        ]
      }
    },
    {
      "type": "Feature",
      "properties": {
        "id": "madhel_MOR",
        "name": "MORÓN - (MOR / SADM) - DRCE - PÚBLICO CONTROLADO",
        "categoryId": "controlled_airspace",
        "radiusMeters": 9000.0,
        "allowedPermissionIds": [
          "authorized_commercial",
          "special_permit"
        ],
        "details": "Espacio aéreo controlado de aeródromo (MADHEL/ANAC). Requiere coordinación con la torre de control (ATC)."
      },
      "geometry": {
        "type": "Point",
        "coordinates": [
          -58.6436111111111,
          -34.6791666666667
        ]
      }
    },
    {
      "type": "Feature",
      "properties": {
        "id": "madhel_MPH",
        "name": "MAR DEL PLATA / PARQUE HERMOSO - (MPH) - DRCE - PRIVADO NO CONTROLADO",
        "categoryId": "restricted",
        "radiusMeters": 2500.0,
        "allowedPermissionIds": [
          "authorized_commercial",
          "special_permit"
        ],
        "details": "Aeródromo registrado en MADHEL (ANAC), no controlado. Verifique NOTAMs/AIP y coordine según RAAC 100 antes de volar."
      },
      "geometry": {
        "type": "Point",
        "coordinates": [
          -57.6397222222222,
          -38.0283333333333
        ]
      }
    },
    {
      "type": "Feature",
      "properties": {
        "id": "madhel_MPP",
        "name": "MAR DEL PLATA / CLUB DE PLANEADORES - (MPP) - DRCE - PÚBLICO NO CONTROLADO",
        "categoryId": "restricted",
        "radiusMeters": 2500.0,
        "allowedPermissionIds": [
          "authorized_commercial",
          "special_permit"
        ],
        "details": "Aeródromo registrado en MADHEL (ANAC), no controlado. Verifique NOTAMs/AIP y coordine según RAAC 100 antes de volar."
      },
      "geometry": {
        "type": "Point",
        "coordinates": [
          -57.6536111111111,
          -38.0152777777778
        ]
      }
    },
    {
      "type": "Feature",
      "properties": {
        "id": "madhel_MPU",
        "name": "MAIPÚ - (MPU) - DRCE - PÚBLICO NO CONTROLADO",
        "categoryId": "restricted",
        "radiusMeters": 2500.0,
        "allowedPermissionIds": [
          "authorized_commercial",
          "special_permit"
        ],
        "details": "Aeródromo registrado en MADHEL (ANAC), no controlado. Verifique NOTAMs/AIP y coordine según RAAC 100 antes de volar."
      },
      "geometry": {
        "type": "Point",
        "coordinates": [
          -57.8516666666667,
          -36.8888888888889
        ]
      }
    },
    {
      "type": "Feature",
      "properties": {
        "id": "madhel_MRD",
        "name": "MERCEDES - (MRD) - DRCE - PÚBLICO NO CONTROLADO",
        "categoryId": "restricted",
        "radiusMeters": 2500.0,
        "allowedPermissionIds": [
          "authorized_commercial",
          "special_permit"
        ],
        "details": "Aeródromo registrado en MADHEL (ANAC), no controlado. Verifique NOTAMs/AIP y coordine según RAAC 100 antes de volar."
      },
      "geometry": {
        "type": "Point",
        "coordinates": [
          -59.4552777777778,
          -34.6388888888889
        ]
      }
    },
    {
      "type": "Feature",
      "properties": {
        "id": "madhel_MSA",
        "name": "25 DE MAYO / SERVICIO AGROAEREOS - (MSA) - DRCE - PRIVADO NO CONTROLADO",
        "categoryId": "restricted",
        "radiusMeters": 2500.0,
        "allowedPermissionIds": [
          "authorized_commercial",
          "special_permit"
        ],
        "details": "Aeródromo registrado en MADHEL (ANAC), no controlado. Verifique NOTAMs/AIP y coordine según RAAC 100 antes de volar."
      },
      "geometry": {
        "type": "Point",
        "coordinates": [
          -60.16088,
          -35.44932
        ]
      }
    },
    {
      "type": "Feature",
      "properties": {
        "id": "madhel_MSP",
        "name": "MARCOS PAZ / DI NARDO - (MSP) - DRCE - PRIVADO NO CONTROLADO",
        "categoryId": "restricted",
        "radiusMeters": 2500.0,
        "allowedPermissionIds": [
          "authorized_commercial",
          "special_permit"
        ],
        "details": "Aeródromo registrado en MADHEL (ANAC), no controlado. Verifique NOTAMs/AIP y coordine según RAAC 100 antes de volar."
      },
      "geometry": {
        "type": "Point",
        "coordinates": [
          -58.89693,
          -34.79759
        ]
      }
    },
    {
      "type": "Feature",
      "properties": {
        "id": "madhel_MSR",
        "name": "MERCEDES / EA. SANTA ROMANA - (MSR) - DRNO - PRIVADO NO CONTROLADO",
        "categoryId": "restricted",
        "radiusMeters": 2500.0,
        "allowedPermissionIds": [
          "authorized_commercial",
          "special_permit"
        ],
        "details": "Aeródromo registrado en MADHEL (ANAC), no controlado. Verifique NOTAMs/AIP y coordine según RAAC 100 antes de volar."
      },
      "geometry": {
        "type": "Point",
        "coordinates": [
          -65.24549,
          -33.74683
        ]
      }
    },
    {
      "type": "Feature",
      "properties": {
        "id": "madhel_MTN",
        "name": "METÁN - (MTN) - DRNO - PRIVADO NO CONTROLADO",
        "categoryId": "restricted",
        "radiusMeters": 2500.0,
        "allowedPermissionIds": [
          "authorized_commercial",
          "special_permit"
        ],
        "details": "Aeródromo registrado en MADHEL (ANAC), no controlado. Verifique NOTAMs/AIP y coordine según RAAC 100 antes de volar."
      },
      "geometry": {
        "type": "Point",
        "coordinates": [
          -64.9655555555556,
          -25.5141666666667
        ]
      }
    },
    {
      "type": "Feature",
      "properties": {
        "id": "madhel_MTR",
        "name": "MORTEROS - (MTR) - DRNO - PÚBLICO NO CONTROLADO",
        "categoryId": "restricted",
        "radiusMeters": 2500.0,
        "allowedPermissionIds": [
          "authorized_commercial",
          "special_permit"
        ],
        "details": "Aeródromo registrado en MADHEL (ANAC), no controlado. Verifique NOTAMs/AIP y coordine según RAAC 100 antes de volar."
      },
      "geometry": {
        "type": "Point",
        "coordinates": [
          -62.0259,
          -30.67594
        ]
      }
    },
    {
      "type": "Feature",
      "properties": {
        "id": "madhel_MUS",
        "name": "CHASCOMÚS - (MUS) - DRCE - PÚBLICO NO CONTROLADO",
        "categoryId": "restricted",
        "radiusMeters": 2500.0,
        "allowedPermissionIds": [
          "authorized_commercial",
          "special_permit"
        ],
        "details": "Aeródromo registrado en MADHEL (ANAC), no controlado. Verifique NOTAMs/AIP y coordine según RAAC 100 antes de volar."
      },
      "geometry": {
        "type": "Point",
        "coordinates": [
          -58.0519444444444,
          -35.5422222222222
        ]
      }
    },
    {
      "type": "Feature",
      "properties": {
        "id": "madhel_NAN",
        "name": "HERNANDO / AEROCLUB - (NAN) - DRNO - PRIVADO NO CONTROLADO",
        "categoryId": "restricted",
        "radiusMeters": 2500.0,
        "allowedPermissionIds": [
          "authorized_commercial",
          "special_permit"
        ],
        "details": "Aeródromo registrado en MADHEL (ANAC), no controlado. Verifique NOTAMs/AIP y coordine según RAAC 100 antes de volar."
      },
      "geometry": {
        "type": "Point",
        "coordinates": [
          -63.6858333333333,
          -32.3402777777778
        ]
      }
    },
    {
      "type": "Feature",
      "properties": {
        "id": "madhel_NDL",
        "name": "TANDIL / AEROCLUB - (NDL) - DRCE - PÚBLICO NO CONTROLADO",
        "categoryId": "restricted",
        "radiusMeters": 2500.0,
        "allowedPermissionIds": [
          "authorized_commercial",
          "special_permit"
        ],
        "details": "Aeródromo registrado en MADHEL (ANAC), no controlado. Verifique NOTAMs/AIP y coordine según RAAC 100 antes de volar."
      },
      "geometry": {
        "type": "Point",
        "coordinates": [
          -59.0936111111111,
          -37.2630555555556
        ]
      }
    },
    {
      "type": "Feature",
      "properties": {
        "id": "madhel_NDR",
        "name": "NORBERTO DE LA RIESTRA - (NDR) - DRCE - PRIVADO NO CONTROLADO",
        "categoryId": "restricted",
        "radiusMeters": 2500.0,
        "allowedPermissionIds": [
          "authorized_commercial",
          "special_permit"
        ],
        "details": "Aeródromo registrado en MADHEL (ANAC), no controlado. Verifique NOTAMs/AIP y coordine según RAAC 100 antes de volar."
      },
      "geometry": {
        "type": "Point",
        "coordinates": [
          -59.7910805,
          -35.327583
        ]
      }
    },
    {
      "type": "Feature",
      "properties": {
        "id": "madhel_NEC",
        "name": "NECOCHEA - (NEC / SAZO) - DRCE - PÚBLICO NO CONTROLADO",
        "categoryId": "restricted",
        "radiusMeters": 2500.0,
        "allowedPermissionIds": [
          "authorized_commercial",
          "special_permit"
        ],
        "details": "Aeródromo registrado en MADHEL (ANAC), no controlado. Verifique NOTAMs/AIP y coordine según RAAC 100 antes de volar."
      },
      "geometry": {
        "type": "Point",
        "coordinates": [
          -58.81626,
          -38.48954
        ]
      }
    },
    {
      "type": "Feature",
      "properties": {
        "id": "madhel_NEI",
        "name": "NECOCHEA / IRIBERRI - (NEI) - DRCE - PRIVADO NO CONTROLADO [** USO AGROAÉREO **]",
        "categoryId": "restricted",
        "radiusMeters": 2500.0,
        "allowedPermissionIds": [
          "authorized_commercial",
          "special_permit"
        ],
        "details": "Aeródromo registrado en MADHEL (ANAC), no controlado. Verifique NOTAMs/AIP y coordine según RAAC 100 antes de volar."
      },
      "geometry": {
        "type": "Point",
        "coordinates": [
          -58.80453,
          -38.47884
        ]
      }
    },
    {
      "type": "Feature",
      "properties": {
        "id": "madhel_NEU",
        "name": "NEUQUÉN / PRESIDENTE PERÓN - (NEU / SAZN) - DRCE - PÚBLICO CONTROLADO INTERNACIONAL",
        "categoryId": "controlled_airspace",
        "radiusMeters": 9000.0,
        "allowedPermissionIds": [
          "authorized_commercial",
          "special_permit"
        ],
        "details": "Espacio aéreo controlado de aeródromo (MADHEL/ANAC). Requiere coordinación con la torre de control (ATC)."
      },
      "geometry": {
        "type": "Point",
        "coordinates": [
          -68.1558333333333,
          -38.9488888888889
        ]
      }
    },
    {
      "type": "Feature",
      "properties": {
        "id": "madhel_NIN",
        "name": "JUNÍN - (NIN / SAAJ) - DRCE - PÚBLICO NO CONTROLADO",
        "categoryId": "restricted",
        "radiusMeters": 2500.0,
        "allowedPermissionIds": [
          "authorized_commercial",
          "special_permit"
        ],
        "details": "Aeródromo registrado en MADHEL (ANAC), no controlado. Verifique NOTAMs/AIP y coordine según RAAC 100 antes de volar."
      },
      "geometry": {
        "type": "Point",
        "coordinates": [
          -60.93051,
          -34.54589
        ]
      }
    },
    {
      "type": "Feature",
      "properties": {
        "id": "madhel_NJB",
        "name": "NOGOYÁ / JUAN CARLOS BAGUR - (NJB) - DRCE - PRIVADO NO CONTROLADO",
        "categoryId": "restricted",
        "radiusMeters": 2500.0,
        "allowedPermissionIds": [
          "authorized_commercial",
          "special_permit"
        ],
        "details": "Aeródromo registrado en MADHEL (ANAC), no controlado. Verifique NOTAMs/AIP y coordine según RAAC 100 antes de volar."
      },
      "geometry": {
        "type": "Point",
        "coordinates": [
          -59.8158333333333,
          -32.4186111111111
        ]
      }
    },
    {
      "type": "Feature",
      "properties": {
        "id": "madhel_NOG",
        "name": "NOGOYÁ - (NOG) - DRCE - PRIVADO NO CONTROLADO",
        "categoryId": "restricted",
        "radiusMeters": 2500.0,
        "allowedPermissionIds": [
          "authorized_commercial",
          "special_permit"
        ],
        "details": "Aeródromo registrado en MADHEL (ANAC), no controlado. Verifique NOTAMs/AIP y coordine según RAAC 100 antes de volar."
      },
      "geometry": {
        "type": "Point",
        "coordinates": [
          -59.7505555555556,
          -32.3994444444444
        ]
      }
    },
    {
      "type": "Feature",
      "properties": {
        "id": "madhel_NOT",
        "name": "NOGOYÁ / TOGNOLI - (NOT) - DRCE - PRIVADO NO CONTROLADO",
        "categoryId": "restricted",
        "radiusMeters": 2500.0,
        "allowedPermissionIds": [
          "authorized_commercial",
          "special_permit"
        ],
        "details": "Aeródromo registrado en MADHEL (ANAC), no controlado. Verifique NOTAMs/AIP y coordine según RAAC 100 antes de volar."
      },
      "geometry": {
        "type": "Point",
        "coordinates": [
          -59.86611,
          -32.44736
        ]
      }
    },
    {
      "type": "Feature",
      "properties": {
        "id": "madhel_NPA",
        "name": "NECOCHEA / PULVERIZACIONES AEROSUR - (NPA) - DRCE - PRIVADO NO CONTROLADO [** USO AGROAÉREO **]",
        "categoryId": "restricted",
        "radiusMeters": 2500.0,
        "allowedPermissionIds": [
          "authorized_commercial",
          "special_permit"
        ],
        "details": "Aeródromo registrado en MADHEL (ANAC), no controlado. Verifique NOTAMs/AIP y coordine según RAAC 100 antes de volar."
      },
      "geometry": {
        "type": "Point",
        "coordinates": [
          -58.795,
          -38.5752777777778
        ]
      }
    },
    {
      "type": "Feature",
      "properties": {
        "id": "madhel_NVR",
        "name": "﻿NAVARRO - (NVR) - DRCE - PÚBLICO NO CONTROLADO",
        "categoryId": "restricted",
        "radiusMeters": 2500.0,
        "allowedPermissionIds": [
          "authorized_commercial",
          "special_permit"
        ],
        "details": "Aeródromo registrado en MADHEL (ANAC), no controlado. Verifique NOTAMs/AIP y coordine según RAAC 100 antes de volar."
      },
      "geometry": {
        "type": "Point",
        "coordinates": [
          -59.2858333333333,
          -35.0236111111111
        ]
      }
    },
    {
      "type": "Feature",
      "properties": {
        "id": "madhel_OBE",
        "name": "﻿OBERÁ - (OBE / SATO) - DRNE - PRIVADO NO CONTROLADO",
        "categoryId": "restricted",
        "radiusMeters": 2500.0,
        "allowedPermissionIds": [
          "authorized_commercial",
          "special_permit"
        ],
        "details": "Aeródromo registrado en MADHEL (ANAC), no controlado. Verifique NOTAMs/AIP y coordine según RAAC 100 antes de volar."
      },
      "geometry": {
        "type": "Point",
        "coordinates": [
          -55.12421,
          -27.5181
        ]
      }
    },
    {
      "type": "Feature",
      "properties": {
        "id": "madhel_OCA",
        "name": "MONTES DE OCA - (OCA) - DRCE - PRIVADO NO CONTROLADO [** USO AGROAÉREO **]",
        "categoryId": "restricted",
        "radiusMeters": 2500.0,
        "allowedPermissionIds": [
          "authorized_commercial",
          "special_permit"
        ],
        "details": "Aeródromo registrado en MADHEL (ANAC), no controlado. Verifique NOTAMs/AIP y coordine según RAAC 100 antes de volar."
      },
      "geometry": {
        "type": "Point",
        "coordinates": [
          -61.84167,
          -32.58417
        ]
      }
    },
    {
      "type": "Feature",
      "properties": {
        "id": "madhel_OEL",
        "name": "CHOELE CHOEL - (OEL) - DRCE - PÚBLICO NO CONTROLADO",
        "categoryId": "restricted",
        "radiusMeters": 2500.0,
        "allowedPermissionIds": [
          "authorized_commercial",
          "special_permit"
        ],
        "details": "Aeródromo registrado en MADHEL (ANAC), no controlado. Verifique NOTAMs/AIP y coordine según RAAC 100 antes de volar."
      },
      "geometry": {
        "type": "Point",
        "coordinates": [
          -65.61,
          -39.2863888888889
        ]
      }
    },
    {
      "type": "Feature",
      "properties": {
        "id": "madhel_OGB",
        "name": "CORONEL BOGADO / AEROFUMIGACIONES DON ALEJANDRO - (OGB) - DRCE - PRIVADO NO CONTROLADO [** USO AGROAÉREO **]",
        "categoryId": "restricted",
        "radiusMeters": 2500.0,
        "allowedPermissionIds": [
          "authorized_commercial",
          "special_permit"
        ],
        "details": "Aeródromo registrado en MADHEL (ANAC), no controlado. Verifique NOTAMs/AIP y coordine según RAAC 100 antes de volar."
      },
      "geometry": {
        "type": "Point",
        "coordinates": [
          -60.6561,
          -33.30609
        ]
      }
    },
    {
      "type": "Feature",
      "properties": {
        "id": "madhel_OLA",
        "name": "OLAVARRÍA - (OLA / SAZF) - DRCE - PÚBLICO NO CONTROLADO",
        "categoryId": "restricted",
        "radiusMeters": 2500.0,
        "allowedPermissionIds": [
          "authorized_commercial",
          "special_permit"
        ],
        "details": "Aeródromo registrado en MADHEL (ANAC), no controlado. Verifique NOTAMs/AIP y coordine según RAAC 100 antes de volar."
      },
      "geometry": {
        "type": "Point",
        "coordinates": [
          -60.2277777777778,
          -36.8888888888889
        ]
      }
    },
    {
      "type": "Feature",
      "properties": {
        "id": "madhel_OLV",
        "name": "OLIVA - (OLV) - DRNO - PÚBLICO NO CONTROLADO",
        "categoryId": "restricted",
        "radiusMeters": 2500.0,
        "allowedPermissionIds": [
          "authorized_commercial",
          "special_permit"
        ],
        "details": "Aeródromo registrado en MADHEL (ANAC), no controlado. Verifique NOTAMs/AIP y coordine según RAAC 100 antes de volar."
      },
      "geometry": {
        "type": "Point",
        "coordinates": [
          -63.54799,
          -32.06029
        ]
      }
    },
    {
      "type": "Feature",
      "properties": {
        "id": "madhel_ORA",
        "name": "ORÁN - (ORA / SASO) - DRNO - PÚBLICO NO CONTROLADO",
        "categoryId": "restricted",
        "radiusMeters": 2500.0,
        "allowedPermissionIds": [
          "authorized_commercial",
          "special_permit"
        ],
        "details": "Aeródromo registrado en MADHEL (ANAC), no controlado. Verifique NOTAMs/AIP y coordine según RAAC 100 antes de volar."
      },
      "geometry": {
        "type": "Point",
        "coordinates": [
          -64.3288,
          -23.15221
        ]
      }
    },
    {
      "type": "Feature",
      "properties": {
        "id": "madhel_OSA",
        "name": "SANTA ROSA - (OSA / SAZR) - DRCE - PÚBLICO CONTROLADO",
        "categoryId": "controlled_airspace",
        "radiusMeters": 9000.0,
        "allowedPermissionIds": [
          "authorized_commercial",
          "special_permit"
        ],
        "details": "Espacio aéreo controlado de aeródromo (MADHEL/ANAC). Requiere coordinación con la torre de control (ATC)."
      },
      "geometry": {
        "type": "Point",
        "coordinates": [
          -64.2758333333333,
          -36.5883333333333
        ]
      }
    },
    {
      "type": "Feature",
      "properties": {
        "id": "madhel_PAL",
        "name": "EL PALOMAR - (PAL / SADP) - DRCE - PÚBLICO CONTROLADO",
        "categoryId": "controlled_airspace",
        "radiusMeters": 9000.0,
        "allowedPermissionIds": [
          "authorized_commercial",
          "special_permit"
        ],
        "details": "Espacio aéreo controlado de aeródromo (MADHEL/ANAC). Requiere coordinación con la torre de control (ATC)."
      },
      "geometry": {
        "type": "Point",
        "coordinates": [
          -58.6125,
          -34.61
        ]
      }
    },
    {
      "type": "Feature",
      "properties": {
        "id": "madhel_PAR",
        "name": "PARANÁ / AEROPUERTO GENERAL JUSTO JOSÉ DE URQUIZA - (PAR / SAAP) - DRCE - PÚBLICO CONTROLADO",
        "categoryId": "controlled_airspace",
        "radiusMeters": 9000.0,
        "allowedPermissionIds": [
          "authorized_commercial",
          "special_permit"
        ],
        "details": "Espacio aéreo controlado de aeródromo (MADHEL/ANAC). Requiere coordinación con la torre de control (ATC)."
      },
      "geometry": {
        "type": "Point",
        "coordinates": [
          -60.4802777777778,
          -31.7947222222222
        ]
      }
    },
    {
      "type": "Feature",
      "properties": {
        "id": "madhel_PAS",
        "name": "PASTEUR / LAS LILAS - (PAS) - DRCE - PRIVADO NO CONTROLADO",
        "categoryId": "restricted",
        "radiusMeters": 2500.0,
        "allowedPermissionIds": [
          "authorized_commercial",
          "special_permit"
        ],
        "details": "Aeródromo registrado en MADHEL (ANAC), no controlado. Verifique NOTAMs/AIP y coordine según RAAC 100 antes de volar."
      },
      "geometry": {
        "type": "Point",
        "coordinates": [
          -62.21764,
          -35.10957
        ]
      }
    },
    {
      "type": "Feature",
      "properties": {
        "id": "madhel_PAT",
        "name": "CARMEN DE PATAGONES - (PAT) - DRSU - PÚBLICO NO CONTROLADO",
        "categoryId": "restricted",
        "radiusMeters": 2500.0,
        "allowedPermissionIds": [
          "authorized_commercial",
          "special_permit"
        ],
        "details": "Aeródromo registrado en MADHEL (ANAC), no controlado. Verifique NOTAMs/AIP y coordine según RAAC 100 antes de volar."
      },
      "geometry": {
        "type": "Point",
        "coordinates": [
          -62.9802777777778,
          -40.7780555555556
        ]
      }
    },
    {
      "type": "Feature",
      "properties": {
        "id": "madhel_PBE",
        "name": "POBLET - (PBE) - DRCE - PÚBLICO NO CONTROLADO",
        "categoryId": "restricted",
        "radiusMeters": 2500.0,
        "allowedPermissionIds": [
          "authorized_commercial",
          "special_permit"
        ],
        "details": "Aeródromo registrado en MADHEL (ANAC), no controlado. Verifique NOTAMs/AIP y coordine según RAAC 100 antes de volar."
      },
      "geometry": {
        "type": "Point",
        "coordinates": [
          -57.94917,
          -35.08795
        ]
      }
    },
    {
      "type": "Feature",
      "properties": {
        "id": "madhel_PBO",
        "name": "POSADAS / BONETTI - (PBO) - DRNE - PRIVADO NO CONTROLADO",
        "categoryId": "restricted",
        "radiusMeters": 2500.0,
        "allowedPermissionIds": [
          "authorized_commercial",
          "special_permit"
        ],
        "details": "Aeródromo registrado en MADHEL (ANAC), no controlado. Verifique NOTAMs/AIP y coordine según RAAC 100 antes de volar."
      },
      "geometry": {
        "type": "Point",
        "coordinates": [
          -55.86498,
          -27.60678
        ]
      }
    },
    {
      "type": "Feature",
      "properties": {
        "id": "madhel_PCA",
        "name": "PIQUETE CABADO / SAS AEROAPLICACIONES - (PCA) - DRNO - PRIVADO NO CONTROLADO [** USO AGROAÉREO **]",
        "categoryId": "restricted",
        "radiusMeters": 2500.0,
        "allowedPermissionIds": [
          "authorized_commercial",
          "special_permit"
        ],
        "details": "Aeródromo registrado en MADHEL (ANAC), no controlado. Verifique NOTAMs/AIP y coordine según RAAC 100 antes de volar."
      },
      "geometry": {
        "type": "Point",
        "coordinates": [
          -64.1811111111111,
          -24.8066666666667
        ]
      }
    },
    {
      "type": "Feature",
      "properties": {
        "id": "madhel_PDA",
        "name": "JUJUY / PUERTA DE AVALOS - (PDA) - DRNO - PÚBLICO NO CONTROLADO",
        "categoryId": "restricted",
        "radiusMeters": 2500.0,
        "allowedPermissionIds": [
          "authorized_commercial",
          "special_permit"
        ],
        "details": "Aeródromo registrado en MADHEL (ANAC), no controlado. Verifique NOTAMs/AIP y coordine según RAAC 100 antes de volar."
      },
      "geometry": {
        "type": "Point",
        "coordinates": [
          -65.24727,
          -24.31467
        ]
      }
    },
    {
      "type": "Feature",
      "properties": {
        "id": "madhel_PDI",
        "name": "PUNTA INDIO / BASE AERONAVAL PUNTA INDIO - (PDI/SAAI) – FIR EZE – MILITAR CONTROLADO (ARMADA ARGENTINA)",
        "categoryId": "controlled_airspace",
        "radiusMeters": 9000.0,
        "allowedPermissionIds": [
          "authorized_commercial",
          "special_permit"
        ],
        "details": "Espacio aéreo controlado de aeródromo (MADHEL/ANAC). Requiere coordinación con la torre de control (ATC)."
      },
      "geometry": {
        "type": "Point",
        "coordinates": [
          -57.275556,
          -35.345278
        ]
      }
    },
    {
      "type": "Feature",
      "properties": {
        "id": "madhel_PDP",
        "name": "PRESIDENCIA ROCA / ESTANCIA DON PANOS - (PDP) - DRNE - PRIVADO NO CONTROLADO",
        "categoryId": "restricted",
        "radiusMeters": 2500.0,
        "allowedPermissionIds": [
          "authorized_commercial",
          "special_permit"
        ],
        "details": "Aeródromo registrado en MADHEL (ANAC), no controlado. Verifique NOTAMs/AIP y coordine según RAAC 100 antes de volar."
      },
      "geometry": {
        "type": "Point",
        "coordinates": [
          -59.53539,
          -26.29586
        ]
      }
    },
    {
      "type": "Feature",
      "properties": {
        "id": "madhel_PED",
        "name": "SAN PEDRO - (PED / SRAP) - DRCE - PÚBLICO NO CONTROLADO",
        "categoryId": "restricted",
        "radiusMeters": 2500.0,
        "allowedPermissionIds": [
          "authorized_commercial",
          "special_permit"
        ],
        "details": "Aeródromo registrado en MADHEL (ANAC), no controlado. Verifique NOTAMs/AIP y coordine según RAAC 100 antes de volar."
      },
      "geometry": {
        "type": "Point",
        "coordinates": [
          -59.7252777777778,
          -33.7033333333333
        ]
      }
    },
    {
      "type": "Feature",
      "properties": {
        "id": "madhel_PEH",
        "name": "PEHUAJÓ / COM. PEDRO ZANNI - (PEH / SAZP) - DRCE - PÚBLICO NO CONTROLADO",
        "categoryId": "restricted",
        "radiusMeters": 2500.0,
        "allowedPermissionIds": [
          "authorized_commercial",
          "special_permit"
        ],
        "details": "Aeródromo registrado en MADHEL (ANAC), no controlado. Verifique NOTAMs/AIP y coordine según RAAC 100 antes de volar."
      },
      "geometry": {
        "type": "Point",
        "coordinates": [
          -61.85748,
          -35.84451
        ]
      }
    },
    {
      "type": "Feature",
      "properties": {
        "id": "madhel_PEL",
        "name": "LA PELADA - (PEL) - DRCE - PRIVADO NO CONTROLADO",
        "categoryId": "restricted",
        "radiusMeters": 2500.0,
        "allowedPermissionIds": [
          "authorized_commercial",
          "special_permit"
        ],
        "details": "Aeródromo registrado en MADHEL (ANAC), no controlado. Verifique NOTAMs/AIP y coordine según RAAC 100 antes de volar."
      },
      "geometry": {
        "type": "Point",
        "coordinates": [
          -60.88698,
          -30.96087
        ]
      }
    },
    {
      "type": "Feature",
      "properties": {
        "id": "madhel_PEN",
        "name": "PERGAMINO / LA NORIA - (PEN) - DRCE - PRIVADO NO CONTROLADO [** USO AGROAÉREO **]",
        "categoryId": "restricted",
        "radiusMeters": 2500.0,
        "allowedPermissionIds": [
          "authorized_commercial",
          "special_permit"
        ],
        "details": "Aeródromo registrado en MADHEL (ANAC), no controlado. Verifique NOTAMs/AIP y coordine según RAAC 100 antes de volar."
      },
      "geometry": {
        "type": "Point",
        "coordinates": [
          -60.70038,
          -33.85694
        ]
      }
    },
    {
      "type": "Feature",
      "properties": {
        "id": "madhel_PEP",
        "name": "RICARDONE / PETTILEP II - (PEP) - DRCE - PRIVADO NO CONTROLADO [** USO AGROAÉREO **]",
        "categoryId": "restricted",
        "radiusMeters": 2500.0,
        "allowedPermissionIds": [
          "authorized_commercial",
          "special_permit"
        ],
        "details": "Aeródromo registrado en MADHEL (ANAC), no controlado. Verifique NOTAMs/AIP y coordine según RAAC 100 antes de volar."
      },
      "geometry": {
        "type": "Point",
        "coordinates": [
          -60.7988888888889,
          -32.8038888888889
        ]
      }
    },
    {
      "type": "Feature",
      "properties": {
        "id": "madhel_PER",
        "name": "PERGAMINO - (PER / SAAN) - DRCE - PÚBLICO NO CONTROLADO",
        "categoryId": "restricted",
        "radiusMeters": 2500.0,
        "allowedPermissionIds": [
          "authorized_commercial",
          "special_permit"
        ],
        "details": "Aeródromo registrado en MADHEL (ANAC), no controlado. Verifique NOTAMs/AIP y coordine según RAAC 100 antes de volar."
      },
      "geometry": {
        "type": "Point",
        "coordinates": [
          -60.6480555555556,
          -33.9202777777778
        ]
      }
    },
    {
      "type": "Feature",
      "properties": {
        "id": "madhel_PIG",
        "name": "PIGÜÉ - (PIG / SAZE) - DRCE - PÚBLICO NO CONTROLADO",
        "categoryId": "restricted",
        "radiusMeters": 2500.0,
        "allowedPermissionIds": [
          "authorized_commercial",
          "special_permit"
        ],
        "details": "Aeródromo registrado en MADHEL (ANAC), no controlado. Verifique NOTAMs/AIP y coordine según RAAC 100 antes de volar."
      },
      "geometry": {
        "type": "Point",
        "coordinates": [
          -62.3819444444444,
          -37.6061111111111
        ]
      }
    },
    {
      "type": "Feature",
      "properties": {
        "id": "madhel_PJO",
        "name": "PEHUAJÓ / LA MARIELA - (PJO) - DRCE - PRIVADO NO CONTROLADO",
        "categoryId": "restricted",
        "radiusMeters": 2500.0,
        "allowedPermissionIds": [
          "authorized_commercial",
          "special_permit"
        ],
        "details": "Aeródromo registrado en MADHEL (ANAC), no controlado. Verifique NOTAMs/AIP y coordine según RAAC 100 antes de volar."
      },
      "geometry": {
        "type": "Point",
        "coordinates": [
          -61.9419444444444,
          -35.7905555555556
        ]
      }
    },
    {
      "type": "Feature",
      "properties": {
        "id": "madhel_PLC",
        "name": "PIÑERO / EA. LA CAROLINA - (PLC) - DRCE - PRIVADO NO CONTROLADO",
        "categoryId": "restricted",
        "radiusMeters": 2500.0,
        "allowedPermissionIds": [
          "authorized_commercial",
          "special_permit"
        ],
        "details": "Aeródromo registrado en MADHEL (ANAC), no controlado. Verifique NOTAMs/AIP y coordine según RAAC 100 antes de volar."
      },
      "geometry": {
        "type": "Point",
        "coordinates": [
          -60.715,
          -33.07559
        ]
      }
    },
    {
      "type": "Feature",
      "properties": {
        "id": "madhel_PLG",
        "name": "PELLEGRINI - (PLG) - DRCE - PÚBLICO NO CONTROLADO",
        "categoryId": "restricted",
        "radiusMeters": 2500.0,
        "allowedPermissionIds": [
          "authorized_commercial",
          "special_permit"
        ],
        "details": "Aeródromo registrado en MADHEL (ANAC), no controlado. Verifique NOTAMs/AIP y coordine según RAAC 100 antes de volar."
      },
      "geometry": {
        "type": "Point",
        "coordinates": [
          -63.14695,
          -36.27873
        ]
      }
    },
    {
      "type": "Feature",
      "properties": {
        "id": "madhel_PLL",
        "name": "PUJATO / LA LUCÍA - (PLL) - DRCE - PRIVADO NO CONTROLADO [** USO AGROAÉREO **]",
        "categoryId": "restricted",
        "radiusMeters": 2500.0,
        "allowedPermissionIds": [
          "authorized_commercial",
          "special_permit"
        ],
        "details": "Aeródromo registrado en MADHEL (ANAC), no controlado. Verifique NOTAMs/AIP y coordine según RAAC 100 antes de volar."
      },
      "geometry": {
        "type": "Point",
        "coordinates": [
          -61.06286,
          -33.00928
        ]
      }
    },
    {
      "type": "Feature",
      "properties": {
        "id": "madhel_PLS",
        "name": "PIRANÉ / ESTANCIA LA SALVACIÓN - (PLS) - DRNE - PRIVADO NO CONTROLADO",
        "categoryId": "restricted",
        "radiusMeters": 2500.0,
        "allowedPermissionIds": [
          "authorized_commercial",
          "special_permit"
        ],
        "details": "Aeródromo registrado en MADHEL (ANAC), no controlado. Verifique NOTAMs/AIP y coordine según RAAC 100 antes de volar."
      },
      "geometry": {
        "type": "Point",
        "coordinates": [
          -58.93781,
          -25.281
        ]
      }
    },
    {
      "type": "Feature",
      "properties": {
        "id": "madhel_PLT",
        "name": "PUNTA ALTA - (PLT) - DRCE - PÚBLICO NO CONTROLADO",
        "categoryId": "restricted",
        "radiusMeters": 2500.0,
        "allowedPermissionIds": [
          "authorized_commercial",
          "special_permit"
        ],
        "details": "Aeródromo registrado en MADHEL (ANAC), no controlado. Verifique NOTAMs/AIP y coordine según RAAC 100 antes de volar."
      },
      "geometry": {
        "type": "Point",
        "coordinates": [
          -62.0872222222222,
          -38.8341666666667
        ]
      }
    },
    {
      "type": "Feature",
      "properties": {
        "id": "madhel_PNA",
        "name": "PARANÁ / CLUB DE PLANEADORES - (PNA) - DRCE - PRIVADO NO CONTROLADO",
        "categoryId": "restricted",
        "radiusMeters": 2500.0,
        "allowedPermissionIds": [
          "authorized_commercial",
          "special_permit"
        ],
        "details": "Aeródromo registrado en MADHEL (ANAC), no controlado. Verifique NOTAMs/AIP y coordine según RAAC 100 antes de volar."
      },
      "geometry": {
        "type": "Point",
        "coordinates": [
          -60.22,
          -31.7308333333333
        ]
      }
    },
    {
      "type": "Feature",
      "properties": {
        "id": "madhel_PNR",
        "name": "PINAMAR - (PNR) - DRCE - PÚBLICO NO CONTROLADO",
        "categoryId": "restricted",
        "radiusMeters": 2500.0,
        "allowedPermissionIds": [
          "authorized_commercial",
          "special_permit"
        ],
        "details": "Aeródromo registrado en MADHEL (ANAC), no controlado. Verifique NOTAMs/AIP y coordine según RAAC 100 antes de volar."
      },
      "geometry": {
        "type": "Point",
        "coordinates": [
          -56.9741666666667,
          -37.0963888888889
        ]
      }
    },
    {
      "type": "Feature",
      "properties": {
        "id": "madhel_PNT",
        "name": "GENERAL PINTO - (PNT) - DRCE - PÚBLICO NO CONTROLADO",
        "categoryId": "restricted",
        "radiusMeters": 2500.0,
        "allowedPermissionIds": [
          "authorized_commercial",
          "special_permit"
        ],
        "details": "Aeródromo registrado en MADHEL (ANAC), no controlado. Verifique NOTAMs/AIP y coordine según RAAC 100 antes de volar."
      },
      "geometry": {
        "type": "Point",
        "coordinates": [
          -61.91415,
          -34.78595
        ]
      }
    },
    {
      "type": "Feature",
      "properties": {
        "id": "madhel_POS",
        "name": "POSADAS / LIBERTADOR GRAL. D. J. DE SAN MARTÍN - (POS / SARP) - DRNE - PÚBLICO CONTROLADO INTERNACIONAL",
        "categoryId": "controlled_airspace",
        "radiusMeters": 9000.0,
        "allowedPermissionIds": [
          "authorized_commercial",
          "special_permit"
        ],
        "details": "Espacio aéreo controlado de aeródromo (MADHEL/ANAC). Requiere coordinación con la torre de control (ATC)."
      },
      "geometry": {
        "type": "Point",
        "coordinates": [
          -55.97049,
          -27.38573
        ]
      }
    },
    {
      "type": "Feature",
      "properties": {
        "id": "madhel_PRA",
        "name": "PRESIDENCIA ROCA / EA. LA LEONOR - (PRA) - DRNE - PRIVADO NO CONTROLADO",
        "categoryId": "restricted",
        "radiusMeters": 2500.0,
        "allowedPermissionIds": [
          "authorized_commercial",
          "special_permit"
        ],
        "details": "Aeródromo registrado en MADHEL (ANAC), no controlado. Verifique NOTAMs/AIP y coordine según RAAC 100 antes de volar."
      },
      "geometry": {
        "type": "Point",
        "coordinates": [
          -59.66378,
          -26.13774
        ]
      }
    },
    {
      "type": "Feature",
      "properties": {
        "id": "madhel_PRC",
        "name": "HUNTER / FUMIGACIONES FREDY - (PRC) - DRCE - PRIVADO NO CONTROLADO [** USO AGROAÉREO **]",
        "categoryId": "restricted",
        "radiusMeters": 2500.0,
        "allowedPermissionIds": [
          "authorized_commercial",
          "special_permit"
        ],
        "details": "Aeródromo registrado en MADHEL (ANAC), no controlado. Verifique NOTAMs/AIP y coordine según RAAC 100 antes de volar."
      },
      "geometry": {
        "type": "Point",
        "coordinates": [
          -60.5819444444444,
          -34.2361111111111
        ]
      }
    },
    {
      "type": "Feature",
      "properties": {
        "id": "madhel_PRI",
        "name": "CORONEL PRINGLES - (PRI / SABP) - DRCE - PÚBLICO NO CONTROLADO",
        "categoryId": "restricted",
        "radiusMeters": 2500.0,
        "allowedPermissionIds": [
          "authorized_commercial",
          "special_permit"
        ],
        "details": "Aeródromo registrado en MADHEL (ANAC), no controlado. Verifique NOTAMs/AIP y coordine según RAAC 100 antes de volar."
      },
      "geometry": {
        "type": "Point",
        "coordinates": [
          -61.3319444444444,
          -38.0066666666667
        ]
      }
    },
    {
      "type": "Feature",
      "properties": {
        "id": "madhel_PSA",
        "name": "PIGÜÉ / SERVICIOS AERONÁUTICOS – (PSA) - DRCE - PÚBLICO NO CONTROLADO",
        "categoryId": "restricted",
        "radiusMeters": 2500.0,
        "allowedPermissionIds": [
          "authorized_commercial",
          "special_permit"
        ],
        "details": "Aeródromo registrado en MADHEL (ANAC), no controlado. Verifique NOTAMs/AIP y coordine según RAAC 100 antes de volar."
      },
      "geometry": {
        "type": "Point",
        "coordinates": [
          -62.4523138888889,
          -37.5230444444444
        ]
      }
    },
    {
      "type": "Feature",
      "properties": {
        "id": "madhel_PST",
        "name": "PUERTO SAN MARTÍN / TERMINAL 6 - (PST) - DRCE - PRIVADO NO CONTROLADO",
        "categoryId": "restricted",
        "radiusMeters": 2500.0,
        "allowedPermissionIds": [
          "authorized_commercial",
          "special_permit"
        ],
        "details": "Aeródromo registrado en MADHEL (ANAC), no controlado. Verifique NOTAMs/AIP y coordine según RAAC 100 antes de volar."
      },
      "geometry": {
        "type": "Point",
        "coordinates": [
          -60.7534,
          -32.64155
        ]
      }
    },
    {
      "type": "Feature",
      "properties": {
        "id": "madhel_PSV",
        "name": "PRESIDENCIA ROQUE SÁENZ PEÑA / ROVERE - (PSV) - DRNE - PRIVADO NO CONTROLADO [** USO AGROAÉREO **]",
        "categoryId": "restricted",
        "radiusMeters": 2500.0,
        "allowedPermissionIds": [
          "authorized_commercial",
          "special_permit"
        ],
        "details": "Aeródromo registrado en MADHEL (ANAC), no controlado. Verifique NOTAMs/AIP y coordine según RAAC 100 antes de volar."
      },
      "geometry": {
        "type": "Point",
        "coordinates": [
          -60.48741,
          -26.78309
        ]
      }
    },
    {
      "type": "Feature",
      "properties": {
        "id": "madhel_PTA",
        "name": "LA PLATA - (PTA / SADL) - DRCE - PÚBLICO NO CONTROLADO",
        "categoryId": "restricted",
        "radiusMeters": 2500.0,
        "allowedPermissionIds": [
          "authorized_commercial",
          "special_permit"
        ],
        "details": "Aeródromo registrado en MADHEL (ANAC), no controlado. Verifique NOTAMs/AIP y coordine según RAAC 100 antes de volar."
      },
      "geometry": {
        "type": "Point",
        "coordinates": [
          -57.8930555555556,
          -34.9691666666667
        ]
      }
    },
    {
      "type": "Feature",
      "properties": {
        "id": "madhel_PTL",
        "name": "ENSENADA - (PTL) - DRCE - PÚBLICO NO CONTROLADO",
        "categoryId": "restricted",
        "radiusMeters": 2500.0,
        "allowedPermissionIds": [
          "authorized_commercial",
          "special_permit"
        ],
        "details": "Aeródromo registrado en MADHEL (ANAC), no controlado. Verifique NOTAMs/AIP y coordine según RAAC 100 antes de volar."
      },
      "geometry": {
        "type": "Point",
        "coordinates": [
          -57.9613888888889,
          -34.8744444444444
        ]
      }
    },
    {
      "type": "Feature",
      "properties": {
        "id": "madhel_PTM",
        "name": "PERITO MORENO - JALIL HAMER (PTM / SAWP) - DRSU - PÚBLICO NO CONTROLADO",
        "categoryId": "restricted",
        "radiusMeters": 2500.0,
        "allowedPermissionIds": [
          "authorized_commercial",
          "special_permit"
        ],
        "details": "Aeródromo registrado en MADHEL (ANAC), no controlado. Verifique NOTAMs/AIP y coordine según RAAC 100 antes de volar."
      },
      "geometry": {
        "type": "Point",
        "coordinates": [
          -70.97879,
          -46.53844
        ]
      }
    },
    {
      "type": "Feature",
      "properties": {
        "id": "madhel_PUA",
        "name": "PUÁN - (PUA) - DRCE - PÚBLICO NO CONTROLADO",
        "categoryId": "restricted",
        "radiusMeters": 2500.0,
        "allowedPermissionIds": [
          "authorized_commercial",
          "special_permit"
        ],
        "details": "Aeródromo registrado en MADHEL (ANAC), no controlado. Verifique NOTAMs/AIP y coordine según RAAC 100 antes de volar."
      },
      "geometry": {
        "type": "Point",
        "coordinates": [
          -62.7344444444444,
          -37.5394444444444
        ]
      }
    },
    {
      "type": "Feature",
      "properties": {
        "id": "madhel_PUP",
        "name": "PUJATO / PETTILEP - (PUP) - DRCE - PRIVADO NO CONTROLADO [** USO AGROAÉREO **]",
        "categoryId": "restricted",
        "radiusMeters": 2500.0,
        "allowedPermissionIds": [
          "authorized_commercial",
          "special_permit"
        ],
        "details": "Aeródromo registrado en MADHEL (ANAC), no controlado. Verifique NOTAMs/AIP y coordine según RAAC 100 antes de volar."
      },
      "geometry": {
        "type": "Point",
        "coordinates": [
          -61.01765,
          -33.0077
        ]
      }
    },
    {
      "type": "Feature",
      "properties": {
        "id": "madhel_RAE",
        "name": "RIVADAVIA / AEROTEC - (RAE) - DRNO - PRIVADO NO CONTROLADO",
        "categoryId": "restricted",
        "radiusMeters": 2500.0,
        "allowedPermissionIds": [
          "authorized_commercial",
          "special_permit"
        ],
        "details": "Aeródromo registrado en MADHEL (ANAC), no controlado. Verifique NOTAMs/AIP y coordine según RAAC 100 antes de volar."
      },
      "geometry": {
        "type": "Point",
        "coordinates": [
          -68.49242,
          -33.2068
        ]
      }
    },
    {
      "type": "Feature",
      "properties": {
        "id": "madhel_RAI",
        "name": "RANCHOS / LA IGUALDAD - (RAI) - DRCE - PRIVADO NO CONTROLADO",
        "categoryId": "restricted",
        "radiusMeters": 2500.0,
        "allowedPermissionIds": [
          "authorized_commercial",
          "special_permit"
        ],
        "details": "Aeródromo registrado en MADHEL (ANAC), no controlado. Verifique NOTAMs/AIP y coordine según RAAC 100 antes de volar."
      },
      "geometry": {
        "type": "Point",
        "coordinates": [
          -58.4402777777778,
          -35.5686111111111
        ]
      }
    },
    {
      "type": "Feature",
      "properties": {
        "id": "madhel_RAT",
        "name": "SALAR RATONES - (RAT) - DRNO – PRIVADO NO CONTROLADO",
        "categoryId": "restricted",
        "radiusMeters": 2500.0,
        "allowedPermissionIds": [
          "authorized_commercial",
          "special_permit"
        ],
        "details": "Aeródromo registrado en MADHEL (ANAC), no controlado. Verifique NOTAMs/AIP y coordine según RAAC 100 antes de volar."
      },
      "geometry": {
        "type": "Point",
        "coordinates": [
          -66.7442686616635,
          -24.9952458219028
        ]
      }
    },
    {
      "type": "Feature",
      "properties": {
        "id": "madhel_RAU",
        "name": "RAUCH - (RAU) - DRCE - PÚBLICO NO CONTROLADO",
        "categoryId": "restricted",
        "radiusMeters": 2500.0,
        "allowedPermissionIds": [
          "authorized_commercial",
          "special_permit"
        ],
        "details": "Aeródromo registrado en MADHEL (ANAC), no controlado. Verifique NOTAMs/AIP y coordine según RAAC 100 antes de volar."
      },
      "geometry": {
        "type": "Point",
        "coordinates": [
          -59.05772,
          -36.7719
        ]
      }
    },
    {
      "type": "Feature",
      "properties": {
        "id": "madhel_RAW",
        "name": "RAWSON - (RAW) - DRSU - PÚBLICO NO CONTROLADO",
        "categoryId": "restricted",
        "radiusMeters": 2500.0,
        "allowedPermissionIds": [
          "authorized_commercial",
          "special_permit"
        ],
        "details": "Aeródromo registrado en MADHEL (ANAC), no controlado. Verifique NOTAMs/AIP y coordine según RAAC 100 antes de volar."
      },
      "geometry": {
        "type": "Point",
        "coordinates": [
          -65.0631902147442,
          -43.2939162716328
        ]
      }
    },
    {
      "type": "Feature",
      "properties": {
        "id": "madhel_RBS",
        "name": "RUFINO / BSG - (RBS) - DRCE - PRIVADO NO CONTROLADO [** USO AGROAÉREO **]",
        "categoryId": "restricted",
        "radiusMeters": 2500.0,
        "allowedPermissionIds": [
          "authorized_commercial",
          "special_permit"
        ],
        "details": "Aeródromo registrado en MADHEL (ANAC), no controlado. Verifique NOTAMs/AIP y coordine según RAAC 100 antes de volar."
      },
      "geometry": {
        "type": "Point",
        "coordinates": [
          -62.67405,
          -34.24928
        ]
      }
    },
    {
      "type": "Feature",
      "properties": {
        "id": "madhel_RCE",
        "name": "MERCEDES - (RCE / SATM) - DRNE - PÚBLICO NO CONTROLADO",
        "categoryId": "restricted",
        "radiusMeters": 2500.0,
        "allowedPermissionIds": [
          "authorized_commercial",
          "special_permit"
        ],
        "details": "Aeródromo registrado en MADHEL (ANAC), no controlado. Verifique NOTAMs/AIP y coordine según RAAC 100 antes de volar."
      },
      "geometry": {
        "type": "Point",
        "coordinates": [
          -58.0880555555556,
          -29.2222222222222
        ]
      }
    },
    {
      "type": "Feature",
      "properties": {
        "id": "madhel_RCR",
        "name": "RÍO TERCERO - (RCR) - DRNO - PÚBLICO NO CONTROLADO",
        "categoryId": "restricted",
        "radiusMeters": 2500.0,
        "allowedPermissionIds": [
          "authorized_commercial",
          "special_permit"
        ],
        "details": "Aeródromo registrado en MADHEL (ANAC), no controlado. Verifique NOTAMs/AIP y coordine según RAAC 100 antes de volar."
      },
      "geometry": {
        "type": "Point",
        "coordinates": [
          -64.0883333333333,
          -32.1727777777778
        ]
      }
    },
    {
      "type": "Feature",
      "properties": {
        "id": "madhel_RCV",
        "name": "RÍO COLORADO / VALE - (RCV) - DRNO - PRIVADO NO CONTROLADO",
        "categoryId": "restricted",
        "radiusMeters": 2500.0,
        "allowedPermissionIds": [
          "authorized_commercial",
          "special_permit"
        ],
        "details": "Aeródromo registrado en MADHEL (ANAC), no controlado. Verifique NOTAMs/AIP y coordine según RAAC 100 antes de volar."
      },
      "geometry": {
        "type": "Point",
        "coordinates": [
          -69.3955555555556,
          -37.0655555555556
        ]
      }
    },
    {
      "type": "Feature",
      "properties": {
        "id": "madhel_RDJ",
        "name": "RICARDONE / DON JOSÉ - (RDJ) - DRCE - PRIVADO NO CONTROLADO",
        "categoryId": "restricted",
        "radiusMeters": 2500.0,
        "allowedPermissionIds": [
          "authorized_commercial",
          "special_permit"
        ],
        "details": "Aeródromo registrado en MADHEL (ANAC), no controlado. Verifique NOTAMs/AIP y coordine según RAAC 100 antes de volar."
      },
      "geometry": {
        "type": "Point",
        "coordinates": [
          -60.78168,
          -32.82771
        ]
      }
    },
    {
      "type": "Feature",
      "properties": {
        "id": "madhel_RES",
        "name": "RESISTENCIA / AEROCLUB CHACO - (RES) - DRNE - PÚBLICO NO CONTROLADO",
        "categoryId": "restricted",
        "radiusMeters": 2500.0,
        "allowedPermissionIds": [
          "authorized_commercial",
          "special_permit"
        ],
        "details": "Aeródromo registrado en MADHEL (ANAC), no controlado. Verifique NOTAMs/AIP y coordine según RAAC 100 antes de volar."
      },
      "geometry": {
        "type": "Point",
        "coordinates": [
          -59.1797222222222,
          -27.6311111111111
        ]
      }
    },
    {
      "type": "Feature",
      "properties": {
        "id": "madhel_RGR",
        "name": "RÍO GALLEGOS / RÍO CHICO - (RGR) - DRSU - PRIVADO NO CONTROLADO",
        "categoryId": "restricted",
        "radiusMeters": 2500.0,
        "allowedPermissionIds": [
          "authorized_commercial",
          "special_permit"
        ],
        "details": "Aeródromo registrado en MADHEL (ANAC), no controlado. Verifique NOTAMs/AIP y coordine según RAAC 100 antes de volar."
      },
      "geometry": {
        "type": "Point",
        "coordinates": [
          -69.2602777777778,
          -51.6686111111111
        ]
      }
    },
    {
      "type": "Feature",
      "properties": {
        "id": "madhel_RIE",
        "name": "RÍO CUARTO / ESTINDHER - (RIE) - DRNO - PRIVADO NO CONTROLADO",
        "categoryId": "restricted",
        "radiusMeters": 2500.0,
        "allowedPermissionIds": [
          "authorized_commercial",
          "special_permit"
        ],
        "details": "Aeródromo registrado en MADHEL (ANAC), no controlado. Verifique NOTAMs/AIP y coordine según RAAC 100 antes de volar."
      },
      "geometry": {
        "type": "Point",
        "coordinates": [
          -64.42926,
          -33.09288
        ]
      }
    },
    {
      "type": "Feature",
      "properties": {
        "id": "madhel_RIN",
        "name": "RINCÓN DE LOS SAUCES - (RIN / SAHS) - DRNO - PRIVADO NO CONTROLADO",
        "categoryId": "restricted",
        "radiusMeters": 2500.0,
        "allowedPermissionIds": [
          "authorized_commercial",
          "special_permit"
        ],
        "details": "Aeródromo registrado en MADHEL (ANAC), no controlado. Verifique NOTAMs/AIP y coordine según RAAC 100 antes de volar."
      },
      "geometry": {
        "type": "Point",
        "coordinates": [
          -68.9044444444445,
          -37.3902777777778
        ]
      }
    },
    {
      "type": "Feature",
      "properties": {
        "id": "madhel_RJA",
        "name": "ROJAS - (RJA) - DRCE - PÚBLICO NO CONTROLADO",
        "categoryId": "restricted",
        "radiusMeters": 2500.0,
        "allowedPermissionIds": [
          "authorized_commercial",
          "special_permit"
        ],
        "details": "Aeródromo registrado en MADHEL (ANAC), no controlado. Verifique NOTAMs/AIP y coordine según RAAC 100 antes de volar."
      },
      "geometry": {
        "type": "Point",
        "coordinates": [
          -60.67325,
          -34.21534
        ]
      }
    },
    {
      "type": "Feature",
      "properties": {
        "id": "madhel_RLA",
        "name": "﻿RAFAELA - (RLA / SAFR) - DRNO - PÚBLICO NO CONTROLADO",
        "categoryId": "restricted",
        "radiusMeters": 2500.0,
        "allowedPermissionIds": [
          "authorized_commercial",
          "special_permit"
        ],
        "details": "Aeródromo registrado en MADHEL (ANAC), no controlado. Verifique NOTAMs/AIP y coordine según RAAC 100 antes de volar."
      },
      "geometry": {
        "type": "Point",
        "coordinates": [
          -61.5016666666667,
          -31.2825
        ]
      }
    },
    {
      "type": "Feature",
      "properties": {
        "id": "madhel_RLC",
        "name": "REALICÓ - (RLC) - DRCE - PÚBLICO NO CONTROLADO",
        "categoryId": "restricted",
        "radiusMeters": 2500.0,
        "allowedPermissionIds": [
          "authorized_commercial",
          "special_permit"
        ],
        "details": "Aeródromo registrado en MADHEL (ANAC), no controlado. Verifique NOTAMs/AIP y coordine según RAAC 100 antes de volar."
      },
      "geometry": {
        "type": "Point",
        "coordinates": [
          -64.21277,
          -35.05892
        ]
      }
    },
    {
      "type": "Feature",
      "properties": {
        "id": "madhel_RLI",
        "name": "ROLDÁN / LA ILUSIÓN (RLI) - DRCE - PRIVADO NO CONTROLADO",
        "categoryId": "restricted",
        "radiusMeters": 2500.0,
        "allowedPermissionIds": [
          "authorized_commercial",
          "special_permit"
        ],
        "details": "Aeródromo registrado en MADHEL (ANAC), no controlado. Verifique NOTAMs/AIP y coordine según RAAC 100 antes de volar."
      },
      "geometry": {
        "type": "Point",
        "coordinates": [
          -60.92944444,
          -32.93138889
        ]
      }
    },
    {
      "type": "Feature",
      "properties": {
        "id": "madhel_ROB",
        "name": "ROBERTS / AGROAEREO - (ROB) - DRCE - PRIVADO NO CONTROLADO [** USO AGROAÉREO **]",
        "categoryId": "restricted",
        "radiusMeters": 2500.0,
        "allowedPermissionIds": [
          "authorized_commercial",
          "special_permit"
        ],
        "details": "Aeródromo registrado en MADHEL (ANAC), no controlado. Verifique NOTAMs/AIP y coordine según RAAC 100 antes de volar."
      },
      "geometry": {
        "type": "Point",
        "coordinates": [
          -61.99718,
          -35.13588
        ]
      }
    },
    {
      "type": "Feature",
      "properties": {
        "id": "madhel_ROH",
        "name": "ROBERTS / FUMIGACIONES HERBINSEC - (ROH) - DRCE - PRIVADO NO CONTROLADO [** USO AGROAÉREO **]",
        "categoryId": "restricted",
        "radiusMeters": 2500.0,
        "allowedPermissionIds": [
          "authorized_commercial",
          "special_permit"
        ],
        "details": "Aeródromo registrado en MADHEL (ANAC), no controlado. Verifique NOTAMs/AIP y coordine según RAAC 100 antes de volar."
      },
      "geometry": {
        "type": "Point",
        "coordinates": [
          -61.99028,
          -35.13652
        ]
      }
    },
    {
      "type": "Feature",
      "properties": {
        "id": "madhel_ROP",
        "name": "ROSARIO / PUEBLO ESTHER - (ROP) - DRCE - PÚBLICO NO CONTROLADO",
        "categoryId": "restricted",
        "radiusMeters": 2500.0,
        "allowedPermissionIds": [
          "authorized_commercial",
          "special_permit"
        ],
        "details": "Aeródromo registrado en MADHEL (ANAC), no controlado. Verifique NOTAMs/AIP y coordine según RAAC 100 antes de volar."
      },
      "geometry": {
        "type": "Point",
        "coordinates": [
          -60.5647222222222,
          -33.0816666666667
        ]
      }
    },
    {
      "type": "Feature",
      "properties": {
        "id": "madhel_ROS",
        "name": "ROSARIO / ISLAS MALVINAS - (ROS / SAAR) - DRCE - PÚBLICO CONTROLADO INTERNACIONAL",
        "categoryId": "controlled_airspace",
        "radiusMeters": 9000.0,
        "allowedPermissionIds": [
          "authorized_commercial",
          "special_permit"
        ],
        "details": "Espacio aéreo controlado de aeródromo (MADHEL/ANAC). Requiere coordinación con la torre de control (ATC)."
      },
      "geometry": {
        "type": "Point",
        "coordinates": [
          -60.7844444444444,
          -32.9036111111111
        ]
      }
    },
    {
      "type": "Feature",
      "properties": {
        "id": "madhel_ROT",
        "name": "ROSARIO DEL TALA - (ROT) - DRCE - PRIVADO NO CONTROLADO",
        "categoryId": "restricted",
        "radiusMeters": 2500.0,
        "allowedPermissionIds": [
          "authorized_commercial",
          "special_permit"
        ],
        "details": "Aeródromo registrado en MADHEL (ANAC), no controlado. Verifique NOTAMs/AIP y coordine según RAAC 100 antes de volar."
      },
      "geometry": {
        "type": "Point",
        "coordinates": [
          -59.19146,
          -32.32954
        ]
      }
    },
    {
      "type": "Feature",
      "properties": {
        "id": "madhel_RST",
        "name": "CAÑADA ROSQUÍN / STIEFEL - (RST) - DRCE - PRIVADO NO CONTROLADO [** USO AGROAÉREO **]",
        "categoryId": "restricted",
        "radiusMeters": 2500.0,
        "allowedPermissionIds": [
          "authorized_commercial",
          "special_permit"
        ],
        "details": "Aeródromo registrado en MADHEL (ANAC), no controlado. Verifique NOTAMs/AIP y coordine según RAAC 100 antes de volar."
      },
      "geometry": {
        "type": "Point",
        "coordinates": [
          -61.6027777777778,
          -31.9947222222222
        ]
      }
    },
    {
      "type": "Feature",
      "properties": {
        "id": "madhel_RTA",
        "name": "RECONQUISTA - (RTA / SATR) - DRNE - PÚBLICO CONTROLADO",
        "categoryId": "controlled_airspace",
        "radiusMeters": 9000.0,
        "allowedPermissionIds": [
          "authorized_commercial",
          "special_permit"
        ],
        "details": "Espacio aéreo controlado de aeródromo (MADHEL/ANAC). Requiere coordinación con la torre de control (ATC)."
      },
      "geometry": {
        "type": "Point",
        "coordinates": [
          -59.68,
          -29.2102777777778
        ]
      }
    },
    {
      "type": "Feature",
      "properties": {
        "id": "madhel_RTC",
        "name": "GENERAL ACHA / ROBERTO TRAPPA - (RTC) - DRCE – PRIVADO NO CONTROLADO",
        "categoryId": "restricted",
        "radiusMeters": 2500.0,
        "allowedPermissionIds": [
          "authorized_commercial",
          "special_permit"
        ],
        "details": "Aeródromo registrado en MADHEL (ANAC), no controlado. Verifique NOTAMs/AIP y coordine según RAAC 100 antes de volar."
      },
      "geometry": {
        "type": "Point",
        "coordinates": [
          -64.7138157235335,
          -37.541612744097
        ]
      }
    },
    {
      "type": "Feature",
      "properties": {
        "id": "madhel_RUF",
        "name": "RUFINO - (RUF) - DRCE - PÚBLICO NO CONTROLADO",
        "categoryId": "restricted",
        "radiusMeters": 2500.0,
        "allowedPermissionIds": [
          "authorized_commercial",
          "special_permit"
        ],
        "details": "Aeródromo registrado en MADHEL (ANAC), no controlado. Verifique NOTAMs/AIP y coordine según RAAC 100 antes de volar."
      },
      "geometry": {
        "type": "Point",
        "coordinates": [
          -62.6675,
          -34.2827777777778
        ]
      }
    },
    {
      "type": "Feature",
      "properties": {
        "id": "madhel_RVA",
        "name": "AMÉRICA - (RVA) - DRCE - PÚBLICO NO CONTROLADO",
        "categoryId": "restricted",
        "radiusMeters": 2500.0,
        "allowedPermissionIds": [
          "authorized_commercial",
          "special_permit"
        ],
        "details": "Aeródromo registrado en MADHEL (ANAC), no controlado. Verifique NOTAMs/AIP y coordine según RAAC 100 antes de volar."
      },
      "geometry": {
        "type": "Point",
        "coordinates": [
          -62.99,
          -35.5019444444444
        ]
      }
    },
    {
      "type": "Feature",
      "properties": {
        "id": "madhel_RVD",
        "name": "RIVADAVIA - (RVD) - DRNO - PÚBLICO NO CONTROLADO",
        "categoryId": "restricted",
        "radiusMeters": 2500.0,
        "allowedPermissionIds": [
          "authorized_commercial",
          "special_permit"
        ],
        "details": "Aeródromo registrado en MADHEL (ANAC), no controlado. Verifique NOTAMs/AIP y coordine según RAAC 100 antes de volar."
      },
      "geometry": {
        "type": "Point",
        "coordinates": [
          -68.47406,
          -33.22834
        ]
      }
    },
    {
      "type": "Feature",
      "properties": {
        "id": "madhel_RYD",
        "name": "VILLA REYNOLDS - (RYD / SAOR) - DRNO - PÚBLICO CONTROLADO",
        "categoryId": "controlled_airspace",
        "radiusMeters": 9000.0,
        "allowedPermissionIds": [
          "authorized_commercial",
          "special_permit"
        ],
        "details": "Espacio aéreo controlado de aeródromo (MADHEL/ANAC). Requiere coordinación con la torre de control (ATC)."
      },
      "geometry": {
        "type": "Point",
        "coordinates": [
          -65.37579,
          -33.73178
        ]
      }
    },
    {
      "type": "Feature",
      "properties": {
        "id": "madhel_SAB",
        "name": "SALADILLO / ABELENDA - (SAB) - DRCE - PRIVADO NO CONTROLADO [** USO AGROAÉREO **]",
        "categoryId": "restricted",
        "radiusMeters": 2500.0,
        "allowedPermissionIds": [
          "authorized_commercial",
          "special_permit"
        ],
        "details": "Aeródromo registrado en MADHEL (ANAC), no controlado. Verifique NOTAMs/AIP y coordine según RAAC 100 antes de volar."
      },
      "geometry": {
        "type": "Point",
        "coordinates": [
          -59.76197,
          -35.73851
        ]
      }
    },
    {
      "type": "Feature",
      "properties": {
        "id": "madhel_SAF",
        "name": "SAFORCADA / PARAJON - (SAF) - DRCE - PRIVADO NO CONTROLADO [** USO AGROAÉREO **]",
        "categoryId": "restricted",
        "radiusMeters": 2500.0,
        "allowedPermissionIds": [
          "authorized_commercial",
          "special_permit"
        ],
        "details": "Aeródromo registrado en MADHEL (ANAC), no controlado. Verifique NOTAMs/AIP y coordine según RAAC 100 antes de volar."
      },
      "geometry": {
        "type": "Point",
        "coordinates": [
          -61.00568,
          -34.57637
        ]
      }
    },
    {
      "type": "Feature",
      "properties": {
        "id": "madhel_SAL",
        "name": "SALTA / GENERAL D. MARTÍN MIGUEL DE GÜEMES - (SAL / SASA) - DRNO - PÚBLICO CONTROLADO INTERNACIONAL",
        "categoryId": "controlled_airspace",
        "radiusMeters": 9000.0,
        "allowedPermissionIds": [
          "authorized_commercial",
          "special_permit"
        ],
        "details": "Espacio aéreo controlado de aeródromo (MADHEL/ANAC). Requiere coordinación con la torre de control (ATC)."
      },
      "geometry": {
        "type": "Point",
        "coordinates": [
          -65.4869444444444,
          -24.8597222222222
        ]
      }
    },
    {
      "type": "Feature",
      "properties": {
        "id": "madhel_SAN",
        "name": "SAN ANTONIO OESTE / ANTOINE DE SAINT EXUPERY - (SAN / SAVN) - DRSU - PÚBLICO NO CONTROLADO",
        "categoryId": "restricted",
        "radiusMeters": 2500.0,
        "allowedPermissionIds": [
          "authorized_commercial",
          "special_permit"
        ],
        "details": "Aeródromo registrado en MADHEL (ANAC), no controlado. Verifique NOTAMs/AIP y coordine según RAAC 100 antes de volar."
      },
      "geometry": {
        "type": "Point",
        "coordinates": [
          -65.0352777777778,
          -40.7505555555556
        ]
      }
    },
    {
      "type": "Feature",
      "properties": {
        "id": "madhel_SBE",
        "name": "SAN BENITO - (SBE) - DRCE - PRIVADO NO CONTROLADO [** USO AGROAÉREO **]",
        "categoryId": "restricted",
        "radiusMeters": 2500.0,
        "allowedPermissionIds": [
          "authorized_commercial",
          "special_permit"
        ],
        "details": "Aeródromo registrado en MADHEL (ANAC), no controlado. Verifique NOTAMs/AIP y coordine según RAAC 100 antes de volar."
      },
      "geometry": {
        "type": "Point",
        "coordinates": [
          -60.4516666666667,
          -31.8086111111111
        ]
      }
    },
    {
      "type": "Feature",
      "properties": {
        "id": "madhel_SCA",
        "name": "SUNCHALES / Comandante Hilario Alcides VALINOTTI - (SCA / SAFS) - DRNO - PÚBLICO NO CONTROLADO",
        "categoryId": "restricted",
        "radiusMeters": 2500.0,
        "allowedPermissionIds": [
          "authorized_commercial",
          "special_permit"
        ],
        "details": "Aeródromo registrado en MADHEL (ANAC), no controlado. Verifique NOTAMs/AIP y coordine según RAAC 100 antes de volar."
      },
      "geometry": {
        "type": "Point",
        "coordinates": [
          -61.5288888888889,
          -30.9572222222222
        ]
      }
    },
    {
      "type": "Feature",
      "properties": {
        "id": "madhel_SCF",
        "name": "SANFORD / CASILDA FUMIGACIONES - (SCF) - DRCE - PRIVADO NO CONTROLADO [** USO AGROAÉREO **]",
        "categoryId": "restricted",
        "radiusMeters": 2500.0,
        "allowedPermissionIds": [
          "authorized_commercial",
          "special_permit"
        ],
        "details": "Aeródromo registrado en MADHEL (ANAC), no controlado. Verifique NOTAMs/AIP y coordine según RAAC 100 antes de volar."
      },
      "geometry": {
        "type": "Point",
        "coordinates": [
          -61.20267,
          -33.17625
        ]
      }
    },
    {
      "type": "Feature",
      "properties": {
        "id": "madhel_SCL",
        "name": "SANTA CLARA DE SAGUIER - (SCL) - DRNO - PRIVADO NO CONTROLADO",
        "categoryId": "restricted",
        "radiusMeters": 2500.0,
        "allowedPermissionIds": [
          "authorized_commercial",
          "special_permit"
        ],
        "details": "Aeródromo registrado en MADHEL (ANAC), no controlado. Verifique NOTAMs/AIP y coordine según RAAC 100 antes de volar."
      },
      "geometry": {
        "type": "Point",
        "coordinates": [
          -61.82983,
          -31.35548
        ]
      }
    },
    {
      "type": "Feature",
      "properties": {
        "id": "madhel_SCT",
        "name": "SAN CRISTÓBAL - (SCT) - DRNO - PRIVADO NO CONTROLADO",
        "categoryId": "restricted",
        "radiusMeters": 2500.0,
        "allowedPermissionIds": [
          "authorized_commercial",
          "special_permit"
        ],
        "details": "Aeródromo registrado en MADHEL (ANAC), no controlado. Verifique NOTAMs/AIP y coordine según RAAC 100 antes de volar."
      },
      "geometry": {
        "type": "Point",
        "coordinates": [
          -61.22,
          -30.2641666666667
        ]
      }
    },
    {
      "type": "Feature",
      "properties": {
        "id": "madhel_SCZ",
        "name": "SANTA CRUZ - (SCZ / SAWU) - DRSU - PÚBLICO NO CONTROLADO",
        "categoryId": "restricted",
        "radiusMeters": 2500.0,
        "allowedPermissionIds": [
          "authorized_commercial",
          "special_permit"
        ],
        "details": "Aeródromo registrado en MADHEL (ANAC), no controlado. Verifique NOTAMs/AIP y coordine según RAAC 100 antes de volar."
      },
      "geometry": {
        "type": "Point",
        "coordinates": [
          -68.5802777777778,
          -50.0177777777778
        ]
      }
    },
    {
      "type": "Feature",
      "properties": {
        "id": "madhel_SDE",
        "name": "SANTIAGO DEL ESTERO / VCOM. ÁNGEL D. LA PAZ ARAGONÉS - (SDE / SANE) - DRNO - PÚBLICO CONTROLADO",
        "categoryId": "controlled_airspace",
        "radiusMeters": 9000.0,
        "allowedPermissionIds": [
          "authorized_commercial",
          "special_permit"
        ],
        "details": "Espacio aéreo controlado de aeródromo (MADHEL/ANAC). Requiere coordinación con la torre de control (ATC)."
      },
      "geometry": {
        "type": "Point",
        "coordinates": [
          -64.31,
          -27.7655555555556
        ]
      }
    },
    {
      "type": "Feature",
      "properties": {
        "id": "madhel_SDL",
        "name": "SALADILLO - (SDL) - DRCE - PÚBLICO NO CONTROLADO",
        "categoryId": "restricted",
        "radiusMeters": 2500.0,
        "allowedPermissionIds": [
          "authorized_commercial",
          "special_permit"
        ],
        "details": "Aeródromo registrado en MADHEL (ANAC), no controlado. Verifique NOTAMs/AIP y coordine según RAAC 100 antes de volar."
      },
      "geometry": {
        "type": "Point",
        "coordinates": [
          -59.81676,
          -35.60439
        ]
      }
    },
    {
      "type": "Feature",
      "properties": {
        "id": "madhel_SEN",
        "name": "CORONEL BRANDSEN - (SEN) - DRCE - PRIVADO NO CONTROLADO",
        "categoryId": "restricted",
        "radiusMeters": 2500.0,
        "allowedPermissionIds": [
          "authorized_commercial",
          "special_permit"
        ],
        "details": "Aeródromo registrado en MADHEL (ANAC), no controlado. Verifique NOTAMs/AIP y coordine según RAAC 100 antes de volar."
      },
      "geometry": {
        "type": "Point",
        "coordinates": [
          -58.29517,
          -35.18174
        ]
      }
    },
    {
      "type": "Feature",
      "properties": {
        "id": "madhel_SEZ",
        "name": "GENERAL PINTO / ALFREDO SÁNCHEZ - (SEZ) - DRCE - PRIVADO NO CONTROLADO [** USO AGROAÉREO **]",
        "categoryId": "restricted",
        "radiusMeters": 2500.0,
        "allowedPermissionIds": [
          "authorized_commercial",
          "special_permit"
        ],
        "details": "Aeródromo registrado en MADHEL (ANAC), no controlado. Verifique NOTAMs/AIP y coordine según RAAC 100 antes de volar."
      },
      "geometry": {
        "type": "Point",
        "coordinates": [
          -61.86958,
          -34.80139
        ]
      }
    },
    {
      "type": "Feature",
      "properties": {
        "id": "madhel_SFN",
        "name": "SELVA NUEVA / FUMIGACIONES NANDO S.H. - (SFN) - DRNO - PRIVADO NO CONTROLADO [** USO AGROAÉREO **]",
        "categoryId": "restricted",
        "radiusMeters": 2500.0,
        "allowedPermissionIds": [
          "authorized_commercial",
          "special_permit"
        ],
        "details": "Aeródromo registrado en MADHEL (ANAC), no controlado. Verifique NOTAMs/AIP y coordine según RAAC 100 antes de volar."
      },
      "geometry": {
        "type": "Point",
        "coordinates": [
          -62.03107,
          -29.77908
        ]
      }
    },
    {
      "type": "Feature",
      "properties": {
        "id": "madhel_SGE",
        "name": "SAN GREGORIO - (SGE) - DRCE - PRIVADO NO CONTROLADO",
        "categoryId": "restricted",
        "radiusMeters": 2500.0,
        "allowedPermissionIds": [
          "authorized_commercial",
          "special_permit"
        ],
        "details": "Aeródromo registrado en MADHEL (ANAC), no controlado. Verifique NOTAMs/AIP y coordine según RAAC 100 antes de volar."
      },
      "geometry": {
        "type": "Point",
        "coordinates": [
          -62.0191666666667,
          -34.3169444444444
        ]
      }
    },
    {
      "type": "Feature",
      "properties": {
        "id": "madhel_SGI",
        "name": "TRES ARROYOS / SANTAGIULIAN - (SGI) - DRCE - PRIVADO NO CONTROLADO [** USO AGROAÉREO **]",
        "categoryId": "restricted",
        "radiusMeters": 2500.0,
        "allowedPermissionIds": [
          "authorized_commercial",
          "special_permit"
        ],
        "details": "Aeródromo registrado en MADHEL (ANAC), no controlado. Verifique NOTAMs/AIP y coordine según RAAC 100 antes de volar."
      },
      "geometry": {
        "type": "Point",
        "coordinates": [
          -60.3011111111111,
          -38.4083333333333
        ]
      }
    },
    {
      "type": "Feature",
      "properties": {
        "id": "madhel_SGR",
        "name": "SIERRA GRANDE - (SGR / SAVS) - DRSU - PÚBLICO NO CONTROLADO",
        "categoryId": "restricted",
        "radiusMeters": 2500.0,
        "allowedPermissionIds": [
          "authorized_commercial",
          "special_permit"
        ],
        "details": "Aeródromo registrado en MADHEL (ANAC), no controlado. Verifique NOTAMs/AIP y coordine según RAAC 100 antes de volar."
      },
      "geometry": {
        "type": "Point",
        "coordinates": [
          -65.33991,
          -41.59138
        ]
      }
    },
    {
      "type": "Feature",
      "properties": {
        "id": "madhel_SGV",
        "name": "SAN GUILLERMO / VERGNANO - (SGV) - DRNO - PRIVADO NO CONTROLADO [** USO AGROAÉREO **]",
        "categoryId": "restricted",
        "radiusMeters": 2500.0,
        "allowedPermissionIds": [
          "authorized_commercial",
          "special_permit"
        ],
        "details": "Aeródromo registrado en MADHEL (ANAC), no controlado. Verifique NOTAMs/AIP y coordine según RAAC 100 antes de volar."
      },
      "geometry": {
        "type": "Point",
        "coordinates": [
          -61.9008333333333,
          -30.3166666666667
        ]
      }
    },
    {
      "type": "Feature",
      "properties": {
        "id": "madhel_SIS",
        "name": "RESISTENCIA - (SIS / SARE) - DRNE - PÚBLICO CONTROLADO INTERNACIONAL",
        "categoryId": "controlled_airspace",
        "radiusMeters": 9000.0,
        "allowedPermissionIds": [
          "authorized_commercial",
          "special_permit"
        ],
        "details": "Espacio aéreo controlado de aeródromo (MADHEL/ANAC). Requiere coordinación con la torre de control (ATC)."
      },
      "geometry": {
        "type": "Point",
        "coordinates": [
          -59.0561111111111,
          -27.45
        ]
      }
    },
    {
      "type": "Feature",
      "properties": {
        "id": "madhel_SJA",
        "name": "SAN JUAN / AEROCLUB - (SJA) - DRNO - PÚBLICO NO CONTROLADO",
        "categoryId": "restricted",
        "radiusMeters": 2500.0,
        "allowedPermissionIds": [
          "authorized_commercial",
          "special_permit"
        ],
        "details": "Aeródromo registrado en MADHEL (ANAC), no controlado. Verifique NOTAMs/AIP y coordine según RAAC 100 antes de volar."
      },
      "geometry": {
        "type": "Point",
        "coordinates": [
          -68.5472222222222,
          -31.6030555555556
        ]
      }
    },
    {
      "type": "Feature",
      "properties": {
        "id": "madhel_SJB",
        "name": "SAN JORGE / BOCCA - (SJB) - DRNO - PRIVADO NO CONTROLADO",
        "categoryId": "restricted",
        "radiusMeters": 2500.0,
        "allowedPermissionIds": [
          "authorized_commercial",
          "special_permit"
        ],
        "details": "Aeródromo registrado en MADHEL (ANAC), no controlado. Verifique NOTAMs/AIP y coordine según RAAC 100 antes de volar."
      },
      "geometry": {
        "type": "Point",
        "coordinates": [
          -61.9511111111111,
          -31.8711111111111
        ]
      }
    },
    {
      "type": "Feature",
      "properties": {
        "id": "madhel_SJD",
        "name": "SAN JOSÉ DE LA DORMIDA - (SJD) - DRNO - PRIVADO NO CONTROLADO [** USO AGROAÉREO **]",
        "categoryId": "restricted",
        "radiusMeters": 2500.0,
        "allowedPermissionIds": [
          "authorized_commercial",
          "special_permit"
        ],
        "details": "Aeródromo registrado en MADHEL (ANAC), no controlado. Verifique NOTAMs/AIP y coordine según RAAC 100 antes de volar."
      },
      "geometry": {
        "type": "Point",
        "coordinates": [
          -63.85751,
          -30.27423
        ]
      }
    },
    {
      "type": "Feature",
      "properties": {
        "id": "madhel_SJF",
        "name": "SAN JOSÉ DE FELICIANO / TRES VERTIENTES - (SJF) - DRNE - PRIVADO NO CONTROLADO [** USO AGROAÉREO **]",
        "categoryId": "restricted",
        "radiusMeters": 2500.0,
        "allowedPermissionIds": [
          "authorized_commercial",
          "special_permit"
        ],
        "details": "Aeródromo registrado en MADHEL (ANAC), no controlado. Verifique NOTAMs/AIP y coordine según RAAC 100 antes de volar."
      },
      "geometry": {
        "type": "Point",
        "coordinates": [
          -58.5025,
          -30.56944444
        ]
      }
    },
    {
      "type": "Feature",
      "properties": {
        "id": "madhel_SJR",
        "name": "SAN JAVIER / AEROCLUB - (SJR) - DRCE - PRIVADO NO CONTROLADO",
        "categoryId": "restricted",
        "radiusMeters": 2500.0,
        "allowedPermissionIds": [
          "authorized_commercial",
          "special_permit"
        ],
        "details": "Aeródromo registrado en MADHEL (ANAC), no controlado. Verifique NOTAMs/AIP y coordine según RAAC 100 antes de volar."
      },
      "geometry": {
        "type": "Point",
        "coordinates": [
          -59.99069,
          -30.55586
        ]
      }
    },
    {
      "type": "Feature",
      "properties": {
        "id": "madhel_SJT",
        "name": "SAN JUSTO / SANTA FE - (SJT) - DRCE - PRIVADO NO CONTROLADO",
        "categoryId": "restricted",
        "radiusMeters": 2500.0,
        "allowedPermissionIds": [
          "authorized_commercial",
          "special_permit"
        ],
        "details": "Aeródromo registrado en MADHEL (ANAC), no controlado. Verifique NOTAMs/AIP y coordine según RAAC 100 antes de volar."
      },
      "geometry": {
        "type": "Point",
        "coordinates": [
          -60.5672222222222,
          -30.7661111111111
        ]
      }
    },
    {
      "type": "Feature",
      "properties": {
        "id": "madhel_SLA",
        "name": "SAN LORENZO / AEROCLUB (SLA) - DRCE - PRIVADO NO CONTROLADO",
        "categoryId": "restricted",
        "radiusMeters": 2500.0,
        "allowedPermissionIds": [
          "authorized_commercial",
          "special_permit"
        ],
        "details": "Aeródromo registrado en MADHEL (ANAC), no controlado. Verifique NOTAMs/AIP y coordine según RAAC 100 antes de volar."
      },
      "geometry": {
        "type": "Point",
        "coordinates": [
          -60.78416667,
          -32.7175
        ]
      }
    },
    {
      "type": "Feature",
      "properties": {
        "id": "madhel_SLO",
        "name": "SALLIQUELÓ - (SLO) - DRCE - PÚBLICO NO CONTROLADO",
        "categoryId": "restricted",
        "radiusMeters": 2500.0,
        "allowedPermissionIds": [
          "authorized_commercial",
          "special_permit"
        ],
        "details": "Aeródromo registrado en MADHEL (ANAC), no controlado. Verifique NOTAMs/AIP y coordine según RAAC 100 antes de volar."
      },
      "geometry": {
        "type": "Point",
        "coordinates": [
          -62.94407,
          -36.75659
        ]
      }
    },
    {
      "type": "Feature",
      "properties": {
        "id": "madhel_SLP",
        "name": "SANTA ROSA / SAN ALBERTO - (SLP) - DRCE - PRIVADO NO CONTROLADO",
        "categoryId": "restricted",
        "radiusMeters": 2500.0,
        "allowedPermissionIds": [
          "authorized_commercial",
          "special_permit"
        ],
        "details": "Aeródromo registrado en MADHEL (ANAC), no controlado. Verifique NOTAMs/AIP y coordine según RAAC 100 antes de volar."
      },
      "geometry": {
        "type": "Point",
        "coordinates": [
          -64.22041,
          -36.59206
        ]
      }
    },
    {
      "type": "Feature",
      "properties": {
        "id": "madhel_SLT",
        "name": "SALTO - (SLT) - DRCE - PÚBLICO NO CONTROLADO",
        "categoryId": "restricted",
        "radiusMeters": 2500.0,
        "allowedPermissionIds": [
          "authorized_commercial",
          "special_permit"
        ],
        "details": "Aeródromo registrado en MADHEL (ANAC), no controlado. Verifique NOTAMs/AIP y coordine según RAAC 100 antes de volar."
      },
      "geometry": {
        "type": "Point",
        "coordinates": [
          -60.28678,
          -34.3065
        ]
      }
    },
    {
      "type": "Feature",
      "properties": {
        "id": "madhel_SLV",
        "name": "EMBARCACIÓN / SALVITA - (SLV) - DRNO - PRIVADO NO CONTROLADO",
        "categoryId": "restricted",
        "radiusMeters": 2500.0,
        "allowedPermissionIds": [
          "authorized_commercial",
          "special_permit"
        ],
        "details": "Aeródromo registrado en MADHEL (ANAC), no controlado. Verifique NOTAMs/AIP y coordine según RAAC 100 antes de volar."
      },
      "geometry": {
        "type": "Point",
        "coordinates": [
          -64.03403,
          -23.21306
        ]
      }
    },
    {
      "type": "Feature",
      "properties": {
        "id": "madhel_SLY",
        "name": "SALDUNGARAY / SANTO TOMÁS DE LA SIERRA - (SLY) - DRCE - PRIVADO NO CONTROLADO",
        "categoryId": "restricted",
        "radiusMeters": 2500.0,
        "allowedPermissionIds": [
          "authorized_commercial",
          "special_permit"
        ],
        "details": "Aeródromo registrado en MADHEL (ANAC), no controlado. Verifique NOTAMs/AIP y coordine según RAAC 100 antes de volar."
      },
      "geometry": {
        "type": "Point",
        "coordinates": [
          -61.82767,
          -38.24173
        ]
      }
    },
    {
      "type": "Feature",
      "properties": {
        "id": "madhel_SLZ",
        "name": "SALAZAR / EO. EL TRIÁNGULO - (SLZ) - DRCE - PRIVADO NO CONTROLADO [** USO AGROAÉREO **]",
        "categoryId": "restricted",
        "radiusMeters": 2500.0,
        "allowedPermissionIds": [
          "authorized_commercial",
          "special_permit"
        ],
        "details": "Aeródromo registrado en MADHEL (ANAC), no controlado. Verifique NOTAMs/AIP y coordine según RAAC 100 antes de volar."
      },
      "geometry": {
        "type": "Point",
        "coordinates": [
          -62.2269444444444,
          -36.3502777777778
        ]
      }
    },
    {
      "type": "Feature",
      "properties": {
        "id": "madhel_SMC",
        "name": "SANTA MARÍA - (SMC) - DRNO - PRIVADO NO CONTROLADO",
        "categoryId": "restricted",
        "radiusMeters": 2500.0,
        "allowedPermissionIds": [
          "authorized_commercial",
          "special_permit"
        ],
        "details": "Aeródromo registrado en MADHEL (ANAC), no controlado. Verifique NOTAMs/AIP y coordine según RAAC 100 antes de volar."
      },
      "geometry": {
        "type": "Point",
        "coordinates": [
          -66.02481,
          -26.67385
        ]
      }
    },
    {
      "type": "Feature",
      "properties": {
        "id": "madhel_SMM",
        "name": "SAN MIGUEL DEL MONTE / BAHÍA AGRADABLE - (SMM) - DRCE - PÚBLICO NO CONTROLADO",
        "categoryId": "restricted",
        "radiusMeters": 2500.0,
        "allowedPermissionIds": [
          "authorized_commercial",
          "special_permit"
        ],
        "details": "Aeródromo registrado en MADHEL (ANAC), no controlado. Verifique NOTAMs/AIP y coordine según RAAC 100 antes de volar."
      },
      "geometry": {
        "type": "Point",
        "coordinates": [
          -58.7638888888889,
          -35.4594444444444
        ]
      }
    },
    {
      "type": "Feature",
      "properties": {
        "id": "madhel_SMS",
        "name": "SAN MARCOS / CHIALVA S. H. - (SMS) - DRNO - PRIVADO NO CONTROLADO [** USO AGROAÉREO **]",
        "categoryId": "restricted",
        "radiusMeters": 2500.0,
        "allowedPermissionIds": [
          "authorized_commercial",
          "special_permit"
        ],
        "details": "Aeródromo registrado en MADHEL (ANAC), no controlado. Verifique NOTAMs/AIP y coordine según RAAC 100 antes de volar."
      },
      "geometry": {
        "type": "Point",
        "coordinates": [
          -62.5311111111111,
          -32.7366666666667
        ]
      }
    },
    {
      "type": "Feature",
      "properties": {
        "id": "madhel_SMT",
        "name": "GENERAL SAN MARTÍN - (SMT) - DRCE - PRIVADO NO CONTROLADO",
        "categoryId": "restricted",
        "radiusMeters": 2500.0,
        "allowedPermissionIds": [
          "authorized_commercial",
          "special_permit"
        ],
        "details": "Aeródromo registrado en MADHEL (ANAC), no controlado. Verifique NOTAMs/AIP y coordine según RAAC 100 antes de volar."
      },
      "geometry": {
        "type": "Point",
        "coordinates": [
          -63.59111,
          -37.95934
        ]
      }
    },
    {
      "type": "Feature",
      "properties": {
        "id": "madhel_SNT",
        "name": "SAN ANTONIO DE ARECO - (SNT / SAAA) - DRCE - PÚBLICO NO CONTROLADO",
        "categoryId": "restricted",
        "radiusMeters": 2500.0,
        "allowedPermissionIds": [
          "authorized_commercial",
          "special_permit"
        ],
        "details": "Aeródromo registrado en MADHEL (ANAC), no controlado. Verifique NOTAMs/AIP y coordine según RAAC 100 antes de volar."
      },
      "geometry": {
        "type": "Point",
        "coordinates": [
          -59.43911,
          -34.2198
        ]
      }
    },
    {
      "type": "Feature",
      "properties": {
        "id": "madhel_SNY",
        "name": "SAN NICOLÁS DE LOS ARROYOS - (SNY) - DRCE - PÚBLICO NO CONTROLADO",
        "categoryId": "restricted",
        "radiusMeters": 2500.0,
        "allowedPermissionIds": [
          "authorized_commercial",
          "special_permit"
        ],
        "details": "Aeródromo registrado en MADHEL (ANAC), no controlado. Verifique NOTAMs/AIP y coordine según RAAC 100 antes de volar."
      },
      "geometry": {
        "type": "Point",
        "coordinates": [
          -60.1955555555556,
          -33.3908333333333
        ]
      }
    },
    {
      "type": "Feature",
      "properties": {
        "id": "madhel_SQI",
        "name": "CAÑADA ROSQUÍN - (SQI) - DRCE - PRIVADO NO CONTROLADO",
        "categoryId": "restricted",
        "radiusMeters": 2500.0,
        "allowedPermissionIds": [
          "authorized_commercial",
          "special_permit"
        ],
        "details": "Aeródromo registrado en MADHEL (ANAC), no controlado. Verifique NOTAMs/AIP y coordine según RAAC 100 antes de volar."
      },
      "geometry": {
        "type": "Point",
        "coordinates": [
          -61.61348,
          -32.10557
        ]
      }
    },
    {
      "type": "Feature",
      "properties": {
        "id": "madhel_SRA",
        "name": "SAN RAFAEL / S. A. SANTIAGO GERMANO - (SRA / SAMR) - DRNO - PÚBLICO CONTROLADO",
        "categoryId": "controlled_airspace",
        "radiusMeters": 9000.0,
        "allowedPermissionIds": [
          "authorized_commercial",
          "special_permit"
        ],
        "details": "Espacio aéreo controlado de aeródromo (MADHEL/ANAC). Requiere coordinación con la torre de control (ATC)."
      },
      "geometry": {
        "type": "Point",
        "coordinates": [
          -68.4035888888889,
          -34.5878166666666
        ]
      }
    },
    {
      "type": "Feature",
      "properties": {
        "id": "madhel_SRC",
        "name": "VALLE DEL CONLARA - (SRC / SAOS) - DRNO - PÚBLICO CONTROLADO",
        "categoryId": "controlled_airspace",
        "radiusMeters": 9000.0,
        "allowedPermissionIds": [
          "authorized_commercial",
          "special_permit"
        ],
        "details": "Espacio aéreo controlado de aeródromo (MADHEL/ANAC). Requiere coordinación con la torre de control (ATC)."
      },
      "geometry": {
        "type": "Point",
        "coordinates": [
          -65.1858333333333,
          -32.3847222222222
        ]
      }
    },
    {
      "type": "Feature",
      "properties": {
        "id": "madhel_SRE",
        "name": "SANTA REGINA / FORTÍN DE GAINZA - (SRE) - DRCE - PRIVADO NO CONTROLADO",
        "categoryId": "restricted",
        "radiusMeters": 2500.0,
        "allowedPermissionIds": [
          "authorized_commercial",
          "special_permit"
        ],
        "details": "Aeródromo registrado en MADHEL (ANAC), no controlado. Verifique NOTAMs/AIP y coordine según RAAC 100 antes de volar."
      },
      "geometry": {
        "type": "Point",
        "coordinates": [
          -63.12451,
          -34.54661
        ]
      }
    },
    {
      "type": "Feature",
      "properties": {
        "id": "madhel_SRI",
        "name": "SALAR RINCÓN – (SRI) - DRNO – PRIVADO (STOL) NO CONTROLADO [### PERMISO PROVISORIO DE OPERACIÓN (PPO) ###]",
        "categoryId": "restricted",
        "radiusMeters": 2500.0,
        "allowedPermissionIds": [
          "authorized_commercial",
          "special_permit"
        ],
        "details": "Aeródromo registrado en MADHEL (ANAC), no controlado. Verifique NOTAMs/AIP y coordine según RAAC 100 antes de volar."
      },
      "geometry": {
        "type": "Point",
        "coordinates": [
          -63.12451,
          -34.54661
        ]
      }
    },
    {
      "type": "Feature",
      "properties": {
        "id": "madhel_SRM",
        "name": "SARMIENTO - (SRM) - DRSU - PRIVADO NO CONTROLADO",
        "categoryId": "restricted",
        "radiusMeters": 2500.0,
        "allowedPermissionIds": [
          "authorized_commercial",
          "special_permit"
        ],
        "details": "Aeródromo registrado en MADHEL (ANAC), no controlado. Verifique NOTAMs/AIP y coordine según RAAC 100 antes de volar."
      },
      "geometry": {
        "type": "Point",
        "coordinates": [
          -69.0011111111111,
          -45.5830555555556
        ]
      }
    },
    {
      "type": "Feature",
      "properties": {
        "id": "madhel_SSK",
        "name": "SALTO / SKARE - (SSK) - DRCE - PÚBLICO NO CONTROLADO",
        "categoryId": "restricted",
        "radiusMeters": 2500.0,
        "allowedPermissionIds": [
          "authorized_commercial",
          "special_permit"
        ],
        "details": "Aeródromo registrado en MADHEL (ANAC), no controlado. Verifique NOTAMs/AIP y coordine según RAAC 100 antes de volar."
      },
      "geometry": {
        "type": "Point",
        "coordinates": [
          -60.15597,
          -34.35684
        ]
      }
    },
    {
      "type": "Feature",
      "properties": {
        "id": "madhel_SSR",
        "name": "SALADILLO / SANTA RITA - (SSR) - DRCE - PRIVADO NO CONTROLADO",
        "categoryId": "restricted",
        "radiusMeters": 2500.0,
        "allowedPermissionIds": [
          "authorized_commercial",
          "special_permit"
        ],
        "details": "Aeródromo registrado en MADHEL (ANAC), no controlado. Verifique NOTAMs/AIP y coordine según RAAC 100 antes de volar."
      },
      "geometry": {
        "type": "Point",
        "coordinates": [
          -60.1466666666667,
          -35.8283333333333
        ]
      }
    },
    {
      "type": "Feature",
      "properties": {
        "id": "madhel_STI",
        "name": "SAN MARTÍN - (STI / SAMI) - DRNO - PÚBLICO NO CONTROLADO",
        "categoryId": "restricted",
        "radiusMeters": 2500.0,
        "allowedPermissionIds": [
          "authorized_commercial",
          "special_permit"
        ],
        "details": "Aeródromo registrado en MADHEL (ANAC), no controlado. Verifique NOTAMs/AIP y coordine según RAAC 100 antes de volar."
      },
      "geometry": {
        "type": "Point",
        "coordinates": [
          -68.5094444444444,
          -33.0622222222222
        ]
      }
    },
    {
      "type": "Feature",
      "properties": {
        "id": "madhel_STR",
        "name": "SANTA TERESITA - (STR / SAZL) - DRCE - PÚBLICO NO CONTROLADO",
        "categoryId": "restricted",
        "radiusMeters": 2500.0,
        "allowedPermissionIds": [
          "authorized_commercial",
          "special_permit"
        ],
        "details": "Aeródromo registrado en MADHEL (ANAC), no controlado. Verifique NOTAMs/AIP y coordine según RAAC 100 antes de volar."
      },
      "geometry": {
        "type": "Point",
        "coordinates": [
          -56.7213888888889,
          -36.5422222222222
        ]
      }
    },
    {
      "type": "Feature",
      "properties": {
        "id": "madhel_SUZ",
        "name": "CORONEL SUÁREZ / BRIG. D. H. E. RUIZ - (SUZ / SAZC) - DRCE - PÚBLICO NO CONTROLADO",
        "categoryId": "restricted",
        "radiusMeters": 2500.0,
        "allowedPermissionIds": [
          "authorized_commercial",
          "special_permit"
        ],
        "details": "Aeródromo registrado en MADHEL (ANAC), no controlado. Verifique NOTAMs/AIP y coordine según RAAC 100 antes de volar."
      },
      "geometry": {
        "type": "Point",
        "coordinates": [
          -61.88934,
          -37.44609
        ]
      }
    },
    {
      "type": "Feature",
      "properties": {
        "id": "madhel_SVO",
        "name": "SANTA FE / SAUCE VIEJO - (SVO / SAAV) - DRCE - PÚBLICO CONTROLADO",
        "categoryId": "controlled_airspace",
        "radiusMeters": 9000.0,
        "allowedPermissionIds": [
          "authorized_commercial",
          "special_permit"
        ],
        "details": "Espacio aéreo controlado de aeródromo (MADHEL/ANAC). Requiere coordinación con la torre de control (ATC)."
      },
      "geometry": {
        "type": "Point",
        "coordinates": [
          -60.8113888888889,
          -31.7108333333333
        ]
      }
    },
    {
      "type": "Feature",
      "properties": {
        "id": "madhel_TAR",
        "name": "TARTAGAL / GENERAL E. MOSCONI - (TAR / SAST) - DRNO - PÚBLICO NO CONTROLADO",
        "categoryId": "restricted",
        "radiusMeters": 2500.0,
        "allowedPermissionIds": [
          "authorized_commercial",
          "special_permit"
        ],
        "details": "Aeródromo registrado en MADHEL (ANAC), no controlado. Verifique NOTAMs/AIP y coordine según RAAC 100 antes de volar."
      },
      "geometry": {
        "type": "Point",
        "coordinates": [
          -63.7930555555556,
          -22.6183333333333
        ]
      }
    },
    {
      "type": "Feature",
      "properties": {
        "id": "madhel_TBL",
        "name": "EL TRÉBOL / BURDISSO - (TBL) - DRCE - PRIVADO NO CONTROLADO",
        "categoryId": "restricted",
        "radiusMeters": 2500.0,
        "allowedPermissionIds": [
          "authorized_commercial",
          "special_permit"
        ],
        "details": "Aeródromo registrado en MADHEL (ANAC), no controlado. Verifique NOTAMs/AIP y coordine según RAAC 100 antes de volar."
      },
      "geometry": {
        "type": "Point",
        "coordinates": [
          -61.75915,
          -32.24383
        ]
      }
    },
    {
      "type": "Feature",
      "properties": {
        "id": "madhel_TCM",
        "name": "TUCUMÁN / AEROCLUB HORCO MOLLE - (TCM / SRNH) - DRNO - PÚBLICO NO CONTROLADO",
        "categoryId": "restricted",
        "radiusMeters": 2500.0,
        "allowedPermissionIds": [
          "authorized_commercial",
          "special_permit"
        ],
        "details": "Aeródromo registrado en MADHEL (ANAC), no controlado. Verifique NOTAMs/AIP y coordine según RAAC 100 antes de volar."
      },
      "geometry": {
        "type": "Point",
        "coordinates": [
          -65.30937,
          -26.79606
        ]
      }
    },
    {
      "type": "Feature",
      "properties": {
        "id": "madhel_TDB",
        "name": "EL TRÉBOL / DE BERNARDO - (TDB) - DRCE - PRIVADO NO CONTROLADO [** USO AGROAÉREO **]",
        "categoryId": "restricted",
        "radiusMeters": 2500.0,
        "allowedPermissionIds": [
          "authorized_commercial",
          "special_permit"
        ],
        "details": "Aeródromo registrado en MADHEL (ANAC), no controlado. Verifique NOTAMs/AIP y coordine según RAAC 100 antes de volar."
      },
      "geometry": {
        "type": "Point",
        "coordinates": [
          -61.6516666666667,
          -32.2505555555556
        ]
      }
    },
    {
      "type": "Feature",
      "properties": {
        "id": "madhel_TEC",
        "name": "ESTANCIA TECKA - (TEC) - DRSU - PRIVADO NO CONTROLADO",
        "categoryId": "restricted",
        "radiusMeters": 2500.0,
        "allowedPermissionIds": [
          "authorized_commercial",
          "special_permit"
        ],
        "details": "Aeródromo registrado en MADHEL (ANAC), no controlado. Verifique NOTAMs/AIP y coordine según RAAC 100 antes de volar."
      },
      "geometry": {
        "type": "Point",
        "coordinates": [
          -71.0219444444444,
          -43.6122222222222
        ]
      }
    },
    {
      "type": "Feature",
      "properties": {
        "id": "madhel_TEJ",
        "name": "CARLOS TEJEDOR - (TEJ) - DRCE - PÚBLICO NO CONTROLADO",
        "categoryId": "restricted",
        "radiusMeters": 2500.0,
        "allowedPermissionIds": [
          "authorized_commercial",
          "special_permit"
        ],
        "details": "Aeródromo registrado en MADHEL (ANAC), no controlado. Verifique NOTAMs/AIP y coordine según RAAC 100 antes de volar."
      },
      "geometry": {
        "type": "Point",
        "coordinates": [
          -62.4694444444444,
          -35.4252777777778
        ]
      }
    },
    {
      "type": "Feature",
      "properties": {
        "id": "madhel_TEO",
        "name": "TEODELINA / F.A.T. - (TEO) - DRCE - PRIVADO NO CONTROLADO [** USO AGROAÉREO **]",
        "categoryId": "restricted",
        "radiusMeters": 2500.0,
        "allowedPermissionIds": [
          "authorized_commercial",
          "special_permit"
        ],
        "details": "Aeródromo registrado en MADHEL (ANAC), no controlado. Verifique NOTAMs/AIP y coordine según RAAC 100 antes de volar."
      },
      "geometry": {
        "type": "Point",
        "coordinates": [
          -61.5069444444444,
          -34.1766666666667
        ]
      }
    },
    {
      "type": "Feature",
      "properties": {
        "id": "madhel_TEV",
        "name": "TINTINA / ESTABLECIMIENTO EL 21 - (TEV) - DRNO - PRIVADO NO CONTROLADO",
        "categoryId": "restricted",
        "radiusMeters": 2500.0,
        "allowedPermissionIds": [
          "authorized_commercial",
          "special_permit"
        ],
        "details": "Aeródromo registrado en MADHEL (ANAC), no controlado. Verifique NOTAMs/AIP y coordine según RAAC 100 antes de volar."
      },
      "geometry": {
        "type": "Point",
        "coordinates": [
          -62.3097222222222,
          -26.8952777777778
        ]
      }
    },
    {
      "type": "Feature",
      "properties": {
        "id": "madhel_THN",
        "name": "TOLHUIN - (THN / SAWL) - DRSU - PRIVADO NO CONTROLADO",
        "categoryId": "restricted",
        "radiusMeters": 2500.0,
        "allowedPermissionIds": [
          "authorized_commercial",
          "special_permit"
        ],
        "details": "Aeródromo registrado en MADHEL (ANAC), no controlado. Verifique NOTAMs/AIP y coordine según RAAC 100 antes de volar."
      },
      "geometry": {
        "type": "Point",
        "coordinates": [
          -67.17226,
          -54.49961
        ]
      }
    },
    {
      "type": "Feature",
      "properties": {
        "id": "madhel_TIN",
        "name": "TINOGASTA - (TIN / SANI) - DRNO - PRIVADO NO CONTROLADO",
        "categoryId": "restricted",
        "radiusMeters": 2500.0,
        "allowedPermissionIds": [
          "authorized_commercial",
          "special_permit"
        ],
        "details": "Aeródromo registrado en MADHEL (ANAC), no controlado. Verifique NOTAMs/AIP y coordine según RAAC 100 antes de volar."
      },
      "geometry": {
        "type": "Point",
        "coordinates": [
          -67.57759,
          -28.04089
        ]
      }
    },
    {
      "type": "Feature",
      "properties": {
        "id": "madhel_TIO",
        "name": "TÍO PUJIO - (TIO) - DRNO - PRIVADO NO CONTROLADO",
        "categoryId": "restricted",
        "radiusMeters": 2500.0,
        "allowedPermissionIds": [
          "authorized_commercial",
          "special_permit"
        ],
        "details": "Aeródromo registrado en MADHEL (ANAC), no controlado. Verifique NOTAMs/AIP y coordine según RAAC 100 antes de volar."
      },
      "geometry": {
        "type": "Point",
        "coordinates": [
          -63.4019444444444,
          -32.2930555555556
        ]
      }
    },
    {
      "type": "Feature",
      "properties": {
        "id": "madhel_TLM",
        "name": "SAN LUIS / TRES LOMAS - (TLM) - DRNO – PRIVADO NO CONTROLADO",
        "categoryId": "restricted",
        "radiusMeters": 2500.0,
        "allowedPermissionIds": [
          "authorized_commercial",
          "special_permit"
        ],
        "details": "Aeródromo registrado en MADHEL (ANAC), no controlado. Verifique NOTAMs/AIP y coordine según RAAC 100 antes de volar."
      },
      "geometry": {
        "type": "Point",
        "coordinates": [
          -66.2331168693948,
          -33.3336361502432
        ]
      }
    },
    {
      "type": "Feature",
      "properties": {
        "id": "madhel_TLS",
        "name": "TILISARAO - (TLS) - DRNO - PÚBLICO NO CONTROLADO",
        "categoryId": "restricted",
        "radiusMeters": 2500.0,
        "allowedPermissionIds": [
          "authorized_commercial",
          "special_permit"
        ],
        "details": "Aeródromo registrado en MADHEL (ANAC), no controlado. Verifique NOTAMs/AIP y coordine según RAAC 100 antes de volar."
      },
      "geometry": {
        "type": "Point",
        "coordinates": [
          -65.28158,
          -32.75226
        ]
      }
    },
    {
      "type": "Feature",
      "properties": {
        "id": "madhel_TOR",
        "name": "TORNQUIST - (TOR) - DRCE - PRIVADO NO CONTROLADO",
        "categoryId": "restricted",
        "radiusMeters": 2500.0,
        "allowedPermissionIds": [
          "authorized_commercial",
          "special_permit"
        ],
        "details": "Aeródromo registrado en MADHEL (ANAC), no controlado. Verifique NOTAMs/AIP y coordine según RAAC 100 antes de volar."
      },
      "geometry": {
        "type": "Point",
        "coordinates": [
          -62.2494444444444,
          -38.095
        ]
      }
    },
    {
      "type": "Feature",
      "properties": {
        "id": "madhel_TOS",
        "name": "TOSTADO - (TOS) - DRNO - PÚBLICO NO CONTROLADO",
        "categoryId": "restricted",
        "radiusMeters": 2500.0,
        "allowedPermissionIds": [
          "authorized_commercial",
          "special_permit"
        ],
        "details": "Aeródromo registrado en MADHEL (ANAC), no controlado. Verifique NOTAMs/AIP y coordine según RAAC 100 antes de volar."
      },
      "geometry": {
        "type": "Point",
        "coordinates": [
          -61.78845,
          -29.23552
        ]
      }
    },
    {
      "type": "Feature",
      "properties": {
        "id": "madhel_TQL",
        "name": "TRENQUE LAUQUEN / ÑANCO LAUQUEN - (TQL) - DRCE - PÚBLICO NO CONTROLADO",
        "categoryId": "restricted",
        "radiusMeters": 2500.0,
        "allowedPermissionIds": [
          "authorized_commercial",
          "special_permit"
        ],
        "details": "Aeródromo registrado en MADHEL (ANAC), no controlado. Verifique NOTAMs/AIP y coordine según RAAC 100 antes de volar."
      },
      "geometry": {
        "type": "Point",
        "coordinates": [
          -62.7719444444444,
          -35.9702777777778
        ]
      }
    },
    {
      "type": "Feature",
      "properties": {
        "id": "madhel_TRC",
        "name": "RÍO CUARTO / ÁREA DE MATERIAL - (TRC / SAOC) - DRNO - PÚBLICO CONTROLADO",
        "categoryId": "controlled_airspace",
        "radiusMeters": 9000.0,
        "allowedPermissionIds": [
          "authorized_commercial",
          "special_permit"
        ],
        "details": "Espacio aéreo controlado de aeródromo (MADHEL/ANAC). Requiere coordinación con la torre de control (ATC)."
      },
      "geometry": {
        "type": "Point",
        "coordinates": [
          -64.26934,
          -33.09216
        ]
      }
    },
    {
      "type": "Feature",
      "properties": {
        "id": "madhel_TRE",
        "name": "TRELEW / ALMIRANTE ZAR - (TRE / SAVT) - DRSU - PÚBLICO CONTROLADO INTERNACIONAL",
        "categoryId": "controlled_airspace",
        "radiusMeters": 9000.0,
        "allowedPermissionIds": [
          "authorized_commercial",
          "special_permit"
        ],
        "details": "Espacio aéreo controlado de aeródromo (MADHEL/ANAC). Requiere coordinación con la torre de control (ATC)."
      },
      "geometry": {
        "type": "Point",
        "coordinates": [
          -65.2702777777778,
          -43.2105555555556
        ]
      }
    },
    {
      "type": "Feature",
      "properties": {
        "id": "madhel_TRH",
        "name": "TERMAS DE RÍO HONDO - (TRH / SANR) - DRNO - PÚBLICO CONTROLADO",
        "categoryId": "controlled_airspace",
        "radiusMeters": 9000.0,
        "allowedPermissionIds": [
          "authorized_commercial",
          "special_permit"
        ],
        "details": "Espacio aéreo controlado de aeródromo (MADHEL/ANAC). Requiere coordinación con la torre de control (ATC)."
      },
      "geometry": {
        "type": "Point",
        "coordinates": [
          -64.93596,
          -27.49662
        ]
      }
    },
    {
      "type": "Feature",
      "properties": {
        "id": "madhel_TRW",
        "name": "TRELEW / AEROCLUB - (TRW) - DRSU - PÚBLICO NO CONTROLADO",
        "categoryId": "restricted",
        "radiusMeters": 2500.0,
        "allowedPermissionIds": [
          "authorized_commercial",
          "special_permit"
        ],
        "details": "Aeródromo registrado en MADHEL (ANAC), no controlado. Verifique NOTAMs/AIP y coordine según RAAC 100 antes de volar."
      },
      "geometry": {
        "type": "Point",
        "coordinates": [
          -65.32414,
          -43.23564
        ]
      }
    },
    {
      "type": "Feature",
      "properties": {
        "id": "madhel_TSV",
        "name": "TORTUGAS / ESTANCIA SAN VICENTE - (TSV) - DRCE - PRIVADO NO CONTROLADO",
        "categoryId": "restricted",
        "radiusMeters": 2500.0,
        "allowedPermissionIds": [
          "authorized_commercial",
          "special_permit"
        ],
        "details": "Aeródromo registrado en MADHEL (ANAC), no controlado. Verifique NOTAMs/AIP y coordine según RAAC 100 antes de volar."
      },
      "geometry": {
        "type": "Point",
        "coordinates": [
          -61.7780555555556,
          -32.9988888888889
        ]
      }
    },
    {
      "type": "Feature",
      "properties": {
        "id": "madhel_TUC",
        "name": "TUCUMÁN / TENIENTE BENJAMÍN MATIENZO - (TUC / SANT) - DRNO - PÚBLICO CONTROLADO INTERNACIONAL",
        "categoryId": "controlled_airspace",
        "radiusMeters": 9000.0,
        "allowedPermissionIds": [
          "authorized_commercial",
          "special_permit"
        ],
        "details": "Espacio aéreo controlado de aeródromo (MADHEL/ANAC). Requiere coordinación con la torre de control (ATC)."
      },
      "geometry": {
        "type": "Point",
        "coordinates": [
          -65.1047222222222,
          -26.8408333333333
        ]
      }
    },
    {
      "type": "Feature",
      "properties": {
        "id": "madhel_TVN",
        "name": "TREVELÍN - (TVN) - DRSU - PRIVADO NO CONTROLADO",
        "categoryId": "restricted",
        "radiusMeters": 2500.0,
        "allowedPermissionIds": [
          "authorized_commercial",
          "special_permit"
        ],
        "details": "Aeródromo registrado en MADHEL (ANAC), no controlado. Verifique NOTAMs/AIP y coordine según RAAC 100 antes de volar."
      },
      "geometry": {
        "type": "Point",
        "coordinates": [
          -71.47808,
          -43.08742
        ]
      }
    },
    {
      "type": "Feature",
      "properties": {
        "id": "madhel_TXO",
        "name": "EL TRAPIAL / CHEVRON TEXACO - (TXO) - DRNO - PRIVADO NO CONTROLADO",
        "categoryId": "restricted",
        "radiusMeters": 2500.0,
        "allowedPermissionIds": [
          "authorized_commercial",
          "special_permit"
        ],
        "details": "Aeródromo registrado en MADHEL (ANAC), no controlado. Verifique NOTAMs/AIP y coordine según RAAC 100 antes de volar."
      },
      "geometry": {
        "type": "Point",
        "coordinates": [
          -69.3019444444444,
          -37.365
        ]
      }
    },
    {
      "type": "Feature",
      "properties": {
        "id": "madhel_UAE",
        "name": "GUALEGUAY / AEROCLUB - (UAE) - DRCE - PÚBLICO NO CONTROLADO",
        "categoryId": "restricted",
        "radiusMeters": 2500.0,
        "allowedPermissionIds": [
          "authorized_commercial",
          "special_permit"
        ],
        "details": "Aeródromo registrado en MADHEL (ANAC), no controlado. Verifique NOTAMs/AIP y coordine según RAAC 100 antes de volar."
      },
      "geometry": {
        "type": "Point",
        "coordinates": [
          -59.3738888888889,
          -33.1022222222222
        ]
      }
    },
    {
      "type": "Feature",
      "properties": {
        "id": "madhel_UCO",
        "name": "﻿CHACABUCO - (UCO) - DRCE - PÚBLICO NO CONTROLADO",
        "categoryId": "restricted",
        "radiusMeters": 2500.0,
        "allowedPermissionIds": [
          "authorized_commercial",
          "special_permit"
        ],
        "details": "Aeródromo registrado en MADHEL (ANAC), no controlado. Verifique NOTAMs/AIP y coordine según RAAC 100 antes de volar."
      },
      "geometry": {
        "type": "Point",
        "coordinates": [
          -60.4097222222222,
          -34.6072222222222
        ]
      }
    },
    {
      "type": "Feature",
      "properties": {
        "id": "madhel_UIS",
        "name": "SAN LUIS / BRIG. My D. CÉSAR R. OJEDA - (UIS / SAOU) - DRNO - PÚBLICO CONTROLADO",
        "categoryId": "controlled_airspace",
        "radiusMeters": 9000.0,
        "allowedPermissionIds": [
          "authorized_commercial",
          "special_permit"
        ],
        "details": "Espacio aéreo controlado de aeródromo (MADHEL/ANAC). Requiere coordinación con la torre de control (ATC)."
      },
      "geometry": {
        "type": "Point",
        "coordinates": [
          -66.3566666666667,
          -33.2722222222222
        ]
      }
    },
    {
      "type": "Feature",
      "properties": {
        "id": "madhel_ULL",
        "name": "RÍO CULLEN / TOTAL AUSTRAL - (ULL) - DRSU - PRIVADO NO CONTROLADO",
        "categoryId": "restricted",
        "radiusMeters": 2500.0,
        "allowedPermissionIds": [
          "authorized_commercial",
          "special_permit"
        ],
        "details": "Aeródromo registrado en MADHEL (ANAC), no controlado. Verifique NOTAMs/AIP y coordine según RAAC 100 antes de volar."
      },
      "geometry": {
        "type": "Point",
        "coordinates": [
          -68.355331,
          -52.893494
        ]
      }
    },
    {
      "type": "Feature",
      "properties": {
        "id": "madhel_UNE",
        "name": "FUNES / ALAGRO FUMIGACIONES - (UNE) - DRCE - PRIVADO NO CONTROLADO [** USO AGROAÉREO **]",
        "categoryId": "restricted",
        "radiusMeters": 2500.0,
        "allowedPermissionIds": [
          "authorized_commercial",
          "special_permit"
        ],
        "details": "Aeródromo registrado en MADHEL (ANAC), no controlado. Verifique NOTAMs/AIP y coordine según RAAC 100 antes de volar."
      },
      "geometry": {
        "type": "Point",
        "coordinates": [
          -60.8436,
          -32.88841
        ]
      }
    },
    {
      "type": "Feature",
      "properties": {
        "id": "madhel_URD",
        "name": "﻿URDINARRAIN - (URD) - DRCE - PÚBLICO NO CONTROLADO",
        "categoryId": "restricted",
        "radiusMeters": 2500.0,
        "allowedPermissionIds": [
          "authorized_commercial",
          "special_permit"
        ],
        "details": "Aeródromo registrado en MADHEL (ANAC), no controlado. Verifique NOTAMs/AIP y coordine según RAAC 100 antes de volar."
      },
      "geometry": {
        "type": "Point",
        "coordinates": [
          -58.8989,
          -32.69589
        ]
      }
    },
    {
      "type": "Feature",
      "properties": {
        "id": "madhel_URL",
        "name": "URIBURU / ESTANCIA LOS ROBLES - (URL) - DRCE - PRIVADO NO CONTROLADO",
        "categoryId": "restricted",
        "radiusMeters": 2500.0,
        "allowedPermissionIds": [
          "authorized_commercial",
          "special_permit"
        ],
        "details": "Aeródromo registrado en MADHEL (ANAC), no controlado. Verifique NOTAMs/AIP y coordine según RAAC 100 antes de volar."
      },
      "geometry": {
        "type": "Point",
        "coordinates": [
          -63.76652,
          -36.55297
        ]
      }
    },
    {
      "type": "Feature",
      "properties": {
        "id": "madhel_URO",
        "name": "PEDRO LURO - (URO) - DRCE - PÚBLICO NO CONTROLADO",
        "categoryId": "restricted",
        "radiusMeters": 2500.0,
        "allowedPermissionIds": [
          "authorized_commercial",
          "special_permit"
        ],
        "details": "Aeródromo registrado en MADHEL (ANAC), no controlado. Verifique NOTAMs/AIP y coordine según RAAC 100 antes de volar."
      },
      "geometry": {
        "type": "Point",
        "coordinates": [
          -62.675,
          -39.4558333333333
        ]
      }
    },
    {
      "type": "Feature",
      "properties": {
        "id": "madhel_USU",
        "name": "USHUAIA / MALVINAS ARGENTINAS - (USU / SAWH) - DRSU - PÚBLICO CONTROLADO INTERNACIONAL",
        "categoryId": "controlled_airspace",
        "radiusMeters": 9000.0,
        "allowedPermissionIds": [
          "authorized_commercial",
          "special_permit"
        ],
        "details": "Espacio aéreo controlado de aeródromo (MADHEL/ANAC). Requiere coordinación con la torre de control (ATC)."
      },
      "geometry": {
        "type": "Point",
        "coordinates": [
          -68.2955555555556,
          -54.8433333333333
        ]
      }
    },
    {
      "type": "Feature",
      "properties": {
        "id": "madhel_VAN",
        "name": "VILLA ÁNGELA - (VAN / SARV) - DRNE - PÚBLICO NO CONTROLADO",
        "categoryId": "restricted",
        "radiusMeters": 2500.0,
        "allowedPermissionIds": [
          "authorized_commercial",
          "special_permit"
        ],
        "details": "Aeródromo registrado en MADHEL (ANAC), no controlado. Verifique NOTAMs/AIP y coordine según RAAC 100 antes de volar."
      },
      "geometry": {
        "type": "Point",
        "coordinates": [
          -60.68196,
          -27.59505
        ]
      }
    },
    {
      "type": "Feature",
      "properties": {
        "id": "madhel_VAY",
        "name": "VILLA AMANCAY / HALLPA HUAYRA - (VAY) - DRNO - PRIVADO NO CONTROLADO",
        "categoryId": "restricted",
        "radiusMeters": 2500.0,
        "allowedPermissionIds": [
          "authorized_commercial",
          "special_permit"
        ],
        "details": "Aeródromo registrado en MADHEL (ANAC), no controlado. Verifique NOTAMs/AIP y coordine según RAAC 100 antes de volar."
      },
      "geometry": {
        "type": "Point",
        "coordinates": [
          -64.5402777777778,
          -32.2080555555556
        ]
      }
    },
    {
      "type": "Feature",
      "properties": {
        "id": "madhel_VCA",
        "name": "VICTORICA - (VCA / SAHV) - DRCE - PRIVADO NO CONTROLADO",
        "categoryId": "restricted",
        "radiusMeters": 2500.0,
        "allowedPermissionIds": [
          "authorized_commercial",
          "special_permit"
        ],
        "details": "Aeródromo registrado en MADHEL (ANAC), no controlado. Verifique NOTAMs/AIP y coordine según RAAC 100 antes de volar."
      },
      "geometry": {
        "type": "Point",
        "coordinates": [
          -65.41617,
          -36.20694
        ]
      }
    },
    {
      "type": "Feature",
      "properties": {
        "id": "madhel_VCC",
        "name": "VILLA CAÑÁS / S.A. MIGUEL A. CARDONE - (VCC / SAAS) - DRCE - PÚBLICO NO CONTROLADO",
        "categoryId": "restricted",
        "radiusMeters": 2500.0,
        "allowedPermissionIds": [
          "authorized_commercial",
          "special_permit"
        ],
        "details": "Aeródromo registrado en MADHEL (ANAC), no controlado. Verifique NOTAMs/AIP y coordine según RAAC 100 antes de volar."
      },
      "geometry": {
        "type": "Point",
        "coordinates": [
          -61.63335,
          -33.96101
        ]
      }
    },
    {
      "type": "Feature",
      "properties": {
        "id": "madhel_VDA",
        "name": "VEDIA - (VDA) - DRCE - PÚBLICO NO CONTROLADO",
        "categoryId": "restricted",
        "radiusMeters": 2500.0,
        "allowedPermissionIds": [
          "authorized_commercial",
          "special_permit"
        ],
        "details": "Aeródromo registrado en MADHEL (ANAC), no controlado. Verifique NOTAMs/AIP y coordine según RAAC 100 antes de volar."
      },
      "geometry": {
        "type": "Point",
        "coordinates": [
          -61.4897222222222,
          -34.4861111111111
        ]
      }
    },
    {
      "type": "Feature",
      "properties": {
        "id": "madhel_VDL",
        "name": "CORONEL VIDAL - (VDL) - DRCE - PÚBLICO NO CONTROLADO",
        "categoryId": "restricted",
        "radiusMeters": 2500.0,
        "allowedPermissionIds": [
          "authorized_commercial",
          "special_permit"
        ],
        "details": "Aeródromo registrado en MADHEL (ANAC), no controlado. Verifique NOTAMs/AIP y coordine según RAAC 100 antes de volar."
      },
      "geometry": {
        "type": "Point",
        "coordinates": [
          -57.7672222222222,
          -37.4677777777778
        ]
      }
    },
    {
      "type": "Feature",
      "properties": {
        "id": "madhel_VDP",
        "name": "VIRREY DEL PINO (VDP / SRDV) - DRCE - PÚBLICO NO CONTROLADO",
        "categoryId": "restricted",
        "radiusMeters": 2500.0,
        "allowedPermissionIds": [
          "authorized_commercial",
          "special_permit"
        ],
        "details": "Aeródromo registrado en MADHEL (ANAC), no controlado. Verifique NOTAMs/AIP y coordine según RAAC 100 antes de volar."
      },
      "geometry": {
        "type": "Point",
        "coordinates": [
          -58.67277778,
          -34.82
        ]
      }
    },
    {
      "type": "Feature",
      "properties": {
        "id": "madhel_VDR",
        "name": "VILLA DEL ROSARIO - (VDR) - DRNO - PÚBLICO NO CONTROLADO",
        "categoryId": "restricted",
        "radiusMeters": 2500.0,
        "allowedPermissionIds": [
          "authorized_commercial",
          "special_permit"
        ],
        "details": "Aeródromo registrado en MADHEL (ANAC), no controlado. Verifique NOTAMs/AIP y coordine según RAAC 100 antes de volar."
      },
      "geometry": {
        "type": "Point",
        "coordinates": [
          -63.5388888888889,
          -31.5805555555556
        ]
      }
    },
    {
      "type": "Feature",
      "properties": {
        "id": "madhel_VEC",
        "name": "CORCOVADO / ESTANCIA CARIDAD - (VEC) - DRSU - PRIVADO NO CONTROLADO",
        "categoryId": "restricted",
        "radiusMeters": 2500.0,
        "allowedPermissionIds": [
          "authorized_commercial",
          "special_permit"
        ],
        "details": "Aeródromo registrado en MADHEL (ANAC), no controlado. Verifique NOTAMs/AIP y coordine según RAAC 100 antes de volar."
      },
      "geometry": {
        "type": "Point",
        "coordinates": [
          -71.2455555555556,
          -43.7213888888889
        ]
      }
    },
    {
      "type": "Feature",
      "properties": {
        "id": "madhel_VEZ",
        "name": "﻿GÁLVEZ - (VEZ) - DRCE - PÚBLICO NO CONTROLADO",
        "categoryId": "restricted",
        "radiusMeters": 2500.0,
        "allowedPermissionIds": [
          "authorized_commercial",
          "special_permit"
        ],
        "details": "Aeródromo registrado en MADHEL (ANAC), no controlado. Verifique NOTAMs/AIP y coordine según RAAC 100 antes de volar."
      },
      "geometry": {
        "type": "Point",
        "coordinates": [
          -61.1777777777778,
          -32.0352777777778
        ]
      }
    },
    {
      "type": "Feature",
      "properties": {
        "id": "madhel_VGB",
        "name": "VILLA GENERAL BELGRANO - (VGB) - DRNO - PÚBLICO NO CONTROLADO",
        "categoryId": "restricted",
        "radiusMeters": 2500.0,
        "allowedPermissionIds": [
          "authorized_commercial",
          "special_permit"
        ],
        "details": "Aeródromo registrado en MADHEL (ANAC), no controlado. Verifique NOTAMs/AIP y coordine según RAAC 100 antes de volar."
      },
      "geometry": {
        "type": "Point",
        "coordinates": [
          -64.5644444444444,
          -31.9644444444444
        ]
      }
    },
    {
      "type": "Feature",
      "properties": {
        "id": "madhel_VIC",
        "name": "VICTORIA - (VIC) - DRCE - PÚBLICO NO CONTROLADO",
        "categoryId": "restricted",
        "radiusMeters": 2500.0,
        "allowedPermissionIds": [
          "authorized_commercial",
          "special_permit"
        ],
        "details": "Aeródromo registrado en MADHEL (ANAC), no controlado. Verifique NOTAMs/AIP y coordine según RAAC 100 antes de volar."
      },
      "geometry": {
        "type": "Point",
        "coordinates": [
          -60.1894,
          -32.5845
        ]
      }
    },
    {
      "type": "Feature",
      "properties": {
        "id": "madhel_VIE",
        "name": "VIEDMA / GOBERNADOR CASTELLO - (VIE / SAVV) - DRSU - PÚBLICO CONTROLADO",
        "categoryId": "controlled_airspace",
        "radiusMeters": 9000.0,
        "allowedPermissionIds": [
          "authorized_commercial",
          "special_permit"
        ],
        "details": "Espacio aéreo controlado de aeródromo (MADHEL/ANAC). Requiere coordinación con la torre de control (ATC)."
      },
      "geometry": {
        "type": "Point",
        "coordinates": [
          -62.9966666666667,
          -40.8702777777778
        ]
      }
    },
    {
      "type": "Feature",
      "properties": {
        "id": "madhel_VIG",
        "name": "VILLAGUAY - (VIG / SAAU) - DRCE - PRIVADO NO CONTROLADO",
        "categoryId": "restricted",
        "radiusMeters": 2500.0,
        "allowedPermissionIds": [
          "authorized_commercial",
          "special_permit"
        ],
        "details": "Aeródromo registrado en MADHEL (ANAC), no controlado. Verifique NOTAMs/AIP y coordine según RAAC 100 antes de volar."
      },
      "geometry": {
        "type": "Point",
        "coordinates": [
          -59.0730555555556,
          -31.8505555555556
        ]
      }
    },
    {
      "type": "Feature",
      "properties": {
        "id": "madhel_VMA",
        "name": "VICUÑA MACKENNA / DON ÁNGEL - (VMA) - DRCE - PRIVADO NO CONTROLADO [** USO AGROAÉREO **]",
        "categoryId": "restricted",
        "radiusMeters": 2500.0,
        "allowedPermissionIds": [
          "authorized_commercial",
          "special_permit"
        ],
        "details": "Aeródromo registrado en MADHEL (ANAC), no controlado. Verifique NOTAMs/AIP y coordine según RAAC 100 antes de volar."
      },
      "geometry": {
        "type": "Point",
        "coordinates": [
          -64.40775,
          -33.93823
        ]
      }
    },
    {
      "type": "Feature",
      "properties": {
        "id": "madhel_VMB",
        "name": "VICUÑA MACKENNA / BENEFICIOS S.R.L. - (VMB) - DRCE - PRIVADO NO CONTROLADO [** USO AGROAÉREO **]",
        "categoryId": "restricted",
        "radiusMeters": 2500.0,
        "allowedPermissionIds": [
          "authorized_commercial",
          "special_permit"
        ],
        "details": "Aeródromo registrado en MADHEL (ANAC), no controlado. Verifique NOTAMs/AIP y coordine según RAAC 100 antes de volar."
      },
      "geometry": {
        "type": "Point",
        "coordinates": [
          -64.41509,
          -33.93757
        ]
      }
    },
    {
      "type": "Feature",
      "properties": {
        "id": "madhel_VMC",
        "name": "VICUÑA MACKENNA / COMEQUECHEN - (VMC) - DRCE - PRIVADO NO CONTROLADO [** USO AGROAÉREO **]",
        "categoryId": "restricted",
        "radiusMeters": 2500.0,
        "allowedPermissionIds": [
          "authorized_commercial",
          "special_permit"
        ],
        "details": "Aeródromo registrado en MADHEL (ANAC), no controlado. Verifique NOTAMs/AIP y coordine según RAAC 100 antes de volar."
      },
      "geometry": {
        "type": "Point",
        "coordinates": [
          -64.41595,
          -33.934
        ]
      }
    },
    {
      "type": "Feature",
      "properties": {
        "id": "madhel_VMK",
        "name": "VICUÑA MACKENNA / MARTÍN FIERRO - (VMK) - DRCE - PRIVADO NO CONTROLADO",
        "categoryId": "restricted",
        "radiusMeters": 2500.0,
        "allowedPermissionIds": [
          "authorized_commercial",
          "special_permit"
        ],
        "details": "Aeródromo registrado en MADHEL (ANAC), no controlado. Verifique NOTAMs/AIP y coordine según RAAC 100 antes de volar."
      },
      "geometry": {
        "type": "Point",
        "coordinates": [
          -64.37117,
          -33.94302
        ]
      }
    },
    {
      "type": "Feature",
      "properties": {
        "id": "madhel_VMR",
        "name": "VILLA MARÍA / AEROPUERTO REGIONAL - (VMR / SAOV) - DRNO - PÚBLICO NO CONTROLADO",
        "categoryId": "restricted",
        "radiusMeters": 2500.0,
        "allowedPermissionIds": [
          "authorized_commercial",
          "special_permit"
        ],
        "details": "Aeródromo registrado en MADHEL (ANAC), no controlado. Verifique NOTAMs/AIP y coordine según RAAC 100 antes de volar."
      },
      "geometry": {
        "type": "Point",
        "coordinates": [
          -63.22654,
          -32.32006
        ]
      }
    },
    {
      "type": "Feature",
      "properties": {
        "id": "madhel_VNA",
        "name": "VERÓNICA - (VNA) - DRCE - PÚBLICO NO CONTROLADO",
        "categoryId": "restricted",
        "radiusMeters": 2500.0,
        "allowedPermissionIds": [
          "authorized_commercial",
          "special_permit"
        ],
        "details": "Aeródromo registrado en MADHEL (ANAC), no controlado. Verifique NOTAMs/AIP y coordine según RAAC 100 antes de volar."
      },
      "geometry": {
        "type": "Point",
        "coordinates": [
          -57.3672222222222,
          -35.3994444444444
        ]
      }
    },
    {
      "type": "Feature",
      "properties": {
        "id": "madhel_VNO",
        "name": "VENADO TUERTO - (VNO / SAFV) - DRCE - PÚBLICO NO CONTROLADO",
        "categoryId": "restricted",
        "radiusMeters": 2500.0,
        "allowedPermissionIds": [
          "authorized_commercial",
          "special_permit"
        ],
        "details": "Aeródromo registrado en MADHEL (ANAC), no controlado. Verifique NOTAMs/AIP y coordine según RAAC 100 antes de volar."
      },
      "geometry": {
        "type": "Point",
        "coordinates": [
          -61.9544206115213,
          -33.6783135156616
        ]
      }
    },
    {
      "type": "Feature",
      "properties": {
        "id": "madhel_VNR",
        "name": "VILLA NUEVA / RAIG S.A. - (VNR) - DRNO - PRIVADO NO CONTROLADO [** USO AGROAÉREO **]",
        "categoryId": "restricted",
        "radiusMeters": 2500.0,
        "allowedPermissionIds": [
          "authorized_commercial",
          "special_permit"
        ],
        "details": "Aeródromo registrado en MADHEL (ANAC), no controlado. Verifique NOTAMs/AIP y coordine según RAAC 100 antes de volar."
      },
      "geometry": {
        "type": "Point",
        "coordinates": [
          -63.2893055555556,
          -32.4381666666667
        ]
      }
    },
    {
      "type": "Feature",
      "properties": {
        "id": "madhel_VNS",
        "name": "VILLA NUEVA / SUÁREZ AVIACIÓN - (VNS) - DRNO - PRIVADO NO CONTROLADO [** USO AGROAÉREO **]",
        "categoryId": "restricted",
        "radiusMeters": 2500.0,
        "allowedPermissionIds": [
          "authorized_commercial",
          "special_permit"
        ],
        "details": "Aeródromo registrado en MADHEL (ANAC), no controlado. Verifique NOTAMs/AIP y coordine según RAAC 100 antes de volar."
      },
      "geometry": {
        "type": "Point",
        "coordinates": [
          -63.3022222222222,
          -32.4269444444444
        ]
      }
    },
    {
      "type": "Feature",
      "properties": {
        "id": "madhel_VPO",
        "name": "VILLA OCAMPO - (VPO) - DRNE - PÚBLICO NO CONTROLADO",
        "categoryId": "restricted",
        "radiusMeters": 2500.0,
        "allowedPermissionIds": [
          "authorized_commercial",
          "special_permit"
        ],
        "details": "Aeródromo registrado en MADHEL (ANAC), no controlado. Verifique NOTAMs/AIP y coordine según RAAC 100 antes de volar."
      },
      "geometry": {
        "type": "Point",
        "coordinates": [
          -59.32612,
          -28.49598
        ]
      }
    },
    {
      "type": "Feature",
      "properties": {
        "id": "madhel_VRG",
        "name": "VILLA REGINA - (VRG) - DRCE - PÚBLICO NO CONTROLADO",
        "categoryId": "restricted",
        "radiusMeters": 2500.0,
        "allowedPermissionIds": [
          "authorized_commercial",
          "special_permit"
        ],
        "details": "Aeródromo registrado en MADHEL (ANAC), no controlado. Verifique NOTAMs/AIP y coordine según RAAC 100 antes de volar."
      },
      "geometry": {
        "type": "Point",
        "coordinates": [
          -67.0780555555556,
          -39.0747222222222
        ]
      }
    },
    {
      "type": "Feature",
      "properties": {
        "id": "madhel_VRU",
        "name": "VILLA RUMIPAL / PRIMER TENIENTE MARIO NÍVOLI - (VRU) - DRNO - PÚBLICO NO CONTROLADO",
        "categoryId": "restricted",
        "radiusMeters": 2500.0,
        "allowedPermissionIds": [
          "authorized_commercial",
          "special_permit"
        ],
        "details": "Aeródromo registrado en MADHEL (ANAC), no controlado. Verifique NOTAMs/AIP y coordine según RAAC 100 antes de volar."
      },
      "geometry": {
        "type": "Point",
        "coordinates": [
          -64.4888888888889,
          -32.1841666666667
        ]
      }
    },
    {
      "type": "Feature",
      "properties": {
        "id": "madhel_VTO",
        "name": "VENADO TUERTO / LA SIESTA - (VTO) - DRCE - PRIVADO NO CONTROLADO",
        "categoryId": "restricted",
        "radiusMeters": 2500.0,
        "allowedPermissionIds": [
          "authorized_commercial",
          "special_permit"
        ],
        "details": "Aeródromo registrado en MADHEL (ANAC), no controlado. Verifique NOTAMs/AIP y coordine según RAAC 100 antes de volar."
      },
      "geometry": {
        "type": "Point",
        "coordinates": [
          -62.06369,
          -33.69132
        ]
      }
    },
    {
      "type": "Feature",
      "properties": {
        "id": "madhel_YOS",
        "name": "TRES ARROYOS - (YOS / SAZH) - DRCE - PÚBLICO NO CONTROLADO",
        "categoryId": "restricted",
        "radiusMeters": 2500.0,
        "allowedPermissionIds": [
          "authorized_commercial",
          "special_permit"
        ],
        "details": "Aeródromo registrado en MADHEL (ANAC), no controlado. Verifique NOTAMs/AIP y coordine según RAAC 100 antes de volar."
      },
      "geometry": {
        "type": "Point",
        "coordinates": [
          -60.3275,
          -38.3855555555556
        ]
      }
    },
    {
      "type": "Feature",
      "properties": {
        "id": "madhel_ZAN",
        "name": "ZANCARRÓN - (ZAN) - DRNO - PRIVADO STOL - NO CONTROLADO",
        "categoryId": "restricted",
        "radiusMeters": 2500.0,
        "allowedPermissionIds": [
          "authorized_commercial",
          "special_permit"
        ],
        "details": "Aeródromo registrado en MADHEL (ANAC), no controlado. Verifique NOTAMs/AIP y coordine según RAAC 100 antes de volar."
      },
      "geometry": {
        "type": "Point",
        "coordinates": [
          -69.72638889,
          -29.66083333
        ]
      }
    },
    {
      "type": "Feature",
      "properties": {
        "id": "madhel_ZAP",
        "name": "ZAPALA - (ZAP / SAHZ) - DRCE - PÚBLICO NO CONTROLADO",
        "categoryId": "restricted",
        "radiusMeters": 2500.0,
        "allowedPermissionIds": [
          "authorized_commercial",
          "special_permit"
        ],
        "details": "Aeródromo registrado en MADHEL (ANAC), no controlado. Verifique NOTAMs/AIP y coordine según RAAC 100 antes de volar."
      },
      "geometry": {
        "type": "Point",
        "coordinates": [
          -70.1134638888889,
          -38.9758861111111
        ]
      }
    },
    {
      "type": "Feature",
      "properties": {
        "id": "madhel_ZLM",
        "name": "BELL VILLE / LA ZULEMA - (ZLM) - DRNO - PRIVADO NO CONTROLADO",
        "categoryId": "restricted",
        "radiusMeters": 2500.0,
        "allowedPermissionIds": [
          "authorized_commercial",
          "special_permit"
        ],
        "details": "Aeródromo registrado en MADHEL (ANAC), no controlado. Verifique NOTAMs/AIP y coordine según RAAC 100 antes de volar."
      },
      "geometry": {
        "type": "Point",
        "coordinates": [
          -62.6713888888889,
          -32.4897222222222
        ]
      }
    },
    {
      "type": "Feature",
      "properties": {
        "id": "madhel_ZUL",
        "name": "AZUL - (ZUL / SAZA) - DRCE - PÚBLICO NO CONTROLADO",
        "categoryId": "restricted",
        "radiusMeters": 2500.0,
        "allowedPermissionIds": [
          "authorized_commercial",
          "special_permit"
        ],
        "details": "Aeródromo registrado en MADHEL (ANAC), no controlado. Verifique NOTAMs/AIP y coordine según RAAC 100 antes de volar."
      },
      "geometry": {
        "type": "Point",
        "coordinates": [
          -59.8808,
          -36.83675
        ]
      }
    },
    {
      "type": "Feature",
      "properties": {
        "id": "prohibited_casa_rosada",
        "name": "Casa Rosada y Plaza de Mayo",
        "categoryId": "prohibited",
        "radiusMeters": 700.0,
        "allowedPermissionIds": [],
        "details": "Sede del Poder Ejecutivo Nacional. Vuelo prohibido por seguridad."
      },
      "geometry": {
        "type": "Point",
        "coordinates": [
          -58.3702,
          -34.608
        ]
      }
    },
    {
      "type": "Feature",
      "properties": {
        "id": "prohibited_quinta_olivos",
        "name": "Quinta de Olivos",
        "categoryId": "prohibited",
        "radiusMeters": 2000.0,
        "allowedPermissionIds": [],
        "details": "Residencia presidencial. Vuelo prohibido por seguridad."
      },
      "geometry": {
        "type": "Point",
        "coordinates": [
          -58.4856,
          -34.5093
        ]
      }
    },
    {
      "type": "Feature",
      "properties": {
        "id": "prohibited_congreso",
        "name": "Congreso de la Nación",
        "categoryId": "prohibited",
        "radiusMeters": 1000.0,
        "allowedPermissionIds": [],
        "details": "Edificio del Poder Legislativo Nacional."
      },
      "geometry": {
        "type": "Point",
        "coordinates": [
          -58.3925,
          -34.6097
        ]
      }
    },
    {
      "type": "Feature",
      "properties": {
        "id": "prohibited_campo_de_mayo",
        "name": "Campo de Mayo (guarnición militar)",
        "categoryId": "prohibited",
        "radiusMeters": 6000.0,
        "allowedPermissionIds": [],
        "details": "Guarnición militar. Zona de defensa."
      },
      "geometry": {
        "type": "Point",
        "coordinates": [
          -58.67,
          -34.52
        ]
      }
    },
    {
      "type": "Feature",
      "properties": {
        "id": "military_puerto_belgrano",
        "name": "Base Naval Puerto Belgrano",
        "categoryId": "prohibited",
        "radiusMeters": 8000.0,
        "allowedPermissionIds": [],
        "details": "Principal base naval del país. Zona de defensa."
      },
      "geometry": {
        "type": "Point",
        "coordinates": [
          -62.095,
          -38.895
        ]
      }
    },
    {
      "type": "Feature",
      "properties": {
        "id": "restricted_penal_ezeiza",
        "name": "Complejo Penitenciario Federal de Ezeiza",
        "categoryId": "restricted",
        "radiusMeters": 3000.0,
        "allowedPermissionIds": [
          "special_permit"
        ],
        "details": "Establecimiento penitenciario federal. Zona restringida."
      },
      "geometry": {
        "type": "Point",
        "coordinates": [
          -58.52,
          -34.855
        ]
      }
    },
    {
      "type": "Feature",
      "properties": {
        "id": "military_moron",
        "name": "Guarnición Aérea Morón",
        "categoryId": "restricted",
        "radiusMeters": 5000.0,
        "allowedPermissionIds": [
          "special_permit"
        ],
        "details": "Instalación militar. Zona restringida."
      },
      "geometry": {
        "type": "Point",
        "coordinates": [
          -58.643,
          -34.676
        ]
      }
    },
    {
      "type": "Feature",
      "properties": {
        "id": "infra_atucha",
        "name": "Central Nuclear Atucha",
        "categoryId": "sensitive_infrastructure",
        "radiusMeters": 5000.0,
        "allowedPermissionIds": [],
        "details": "Complejo nuclear. Infraestructura crítica de seguridad."
      },
      "geometry": {
        "type": "Point",
        "coordinates": [
          -59.203,
          -33.967
        ]
      }
    },
    {
      "type": "Feature",
      "properties": {
        "id": "infra_embalse",
        "name": "Central Nuclear Embalse",
        "categoryId": "sensitive_infrastructure",
        "radiusMeters": 5000.0,
        "allowedPermissionIds": [],
        "details": "Central nuclear de Córdoba. Infraestructura crítica."
      },
      "geometry": {
        "type": "Point",
        "coordinates": [
          -64.44,
          -32.23
        ]
      }
    },
    {
      "type": "Feature",
      "properties": {
        "id": "infra_yacyreta",
        "name": "Represa de Yacyretá",
        "categoryId": "sensitive_infrastructure",
        "radiusMeters": 6000.0,
        "allowedPermissionIds": [],
        "details": "Represa hidroeléctrica binacional. Infraestructura crítica."
      },
      "geometry": {
        "type": "Point",
        "coordinates": [
          -56.717,
          -27.483
        ]
      }
    },
    {
      "type": "Feature",
      "properties": {
        "id": "infra_salto_grande",
        "name": "Represa de Salto Grande",
        "categoryId": "sensitive_infrastructure",
        "radiusMeters": 5000.0,
        "allowedPermissionIds": [],
        "details": "Represa hidroeléctrica binacional. Infraestructura crítica."
      },
      "geometry": {
        "type": "Point",
        "coordinates": [
          -57.946,
          -31.267
        ]
      }
    },
    {
      "type": "Feature",
      "properties": {
        "id": "park_aconquija",
        "name": "Parque Nacional Aconquija",
        "categoryId": "national_park",
        "radiusMeters": 15000.0,
        "allowedPermissionIds": [
          "special_permit"
        ],
        "details": "Área protegida (Administración de Parques Nacionales). Vuelo de drones prohibido salvo permiso del organismo."
      },
      "geometry": {
        "type": "Point",
        "coordinates": [
          -65.2,
          -26.48
        ]
      }
    },
    {
      "type": "Feature",
      "properties": {
        "id": "park_baritu",
        "name": "Parque Nacional Baritú",
        "categoryId": "national_park",
        "radiusMeters": 15000.0,
        "allowedPermissionIds": [
          "special_permit"
        ],
        "details": "Área protegida (Administración de Parques Nacionales). Vuelo de drones prohibido salvo permiso del organismo."
      },
      "geometry": {
        "type": "Point",
        "coordinates": [
          -64.62,
          -22.58
        ]
      }
    },
    {
      "type": "Feature",
      "properties": {
        "id": "park_bosques_jaramillo",
        "name": "Parque Nacional Bosques Petrificados de Jaramillo",
        "categoryId": "national_park",
        "radiusMeters": 12000.0,
        "allowedPermissionIds": [
          "special_permit"
        ],
        "details": "Área protegida (Administración de Parques Nacionales). Vuelo de drones prohibido salvo permiso del organismo."
      },
      "geometry": {
        "type": "Point",
        "coordinates": [
          -68.09,
          -47.67
        ]
      }
    },
    {
      "type": "Feature",
      "properties": {
        "id": "park_calilegua",
        "name": "Parque Nacional Calilegua",
        "categoryId": "national_park",
        "radiusMeters": 15000.0,
        "allowedPermissionIds": [
          "special_permit"
        ],
        "details": "Área protegida (Administración de Parques Nacionales). Vuelo de drones prohibido salvo permiso del organismo."
      },
      "geometry": {
        "type": "Point",
        "coordinates": [
          -64.79,
          -23.69
        ]
      }
    },
    {
      "type": "Feature",
      "properties": {
        "id": "park_campos_tuyu",
        "name": "Parque Nacional Campos del Tuyú",
        "categoryId": "national_park",
        "radiusMeters": 6000.0,
        "allowedPermissionIds": [
          "special_permit"
        ],
        "details": "Área protegida (Administración de Parques Nacionales). Vuelo de drones prohibido salvo permiso del organismo."
      },
      "geometry": {
        "type": "Point",
        "coordinates": [
          -56.87,
          -36.35
        ]
      }
    },
    {
      "type": "Feature",
      "properties": {
        "id": "park_chaco",
        "name": "Parque Nacional Chaco",
        "categoryId": "national_park",
        "radiusMeters": 8000.0,
        "allowedPermissionIds": [
          "special_permit"
        ],
        "details": "Área protegida (Administración de Parques Nacionales). Vuelo de drones prohibido salvo permiso del organismo."
      },
      "geometry": {
        "type": "Point",
        "coordinates": [
          -59.66,
          -26.83
        ]
      }
    },
    {
      "type": "Feature",
      "properties": {
        "id": "park_copo",
        "name": "Parque Nacional Copo",
        "categoryId": "national_park",
        "radiusMeters": 18000.0,
        "allowedPermissionIds": [
          "special_permit"
        ],
        "details": "Área protegida (Administración de Parques Nacionales). Vuelo de drones prohibido salvo permiso del organismo."
      },
      "geometry": {
        "type": "Point",
        "coordinates": [
          -61.91,
          -25.85
        ]
      }
    },
    {
      "type": "Feature",
      "properties": {
        "id": "park_el_impenetrable",
        "name": "Parque Nacional El Impenetrable",
        "categoryId": "national_park",
        "radiusMeters": 20000.0,
        "allowedPermissionIds": [
          "special_permit"
        ],
        "details": "Área protegida (Administración de Parques Nacionales). Vuelo de drones prohibido salvo permiso del organismo."
      },
      "geometry": {
        "type": "Point",
        "coordinates": [
          -61.08,
          -24.99
        ]
      }
    },
    {
      "type": "Feature",
      "properties": {
        "id": "park_el_leoncito",
        "name": "Parque Nacional El Leoncito",
        "categoryId": "national_park",
        "radiusMeters": 15000.0,
        "allowedPermissionIds": [
          "special_permit"
        ],
        "details": "Área protegida (Administración de Parques Nacionales). Vuelo de drones prohibido salvo permiso del organismo."
      },
      "geometry": {
        "type": "Point",
        "coordinates": [
          -69.24,
          -31.92
        ]
      }
    },
    {
      "type": "Feature",
      "properties": {
        "id": "park_el_palmar",
        "name": "Parque Nacional El Palmar",
        "categoryId": "national_park",
        "radiusMeters": 8000.0,
        "allowedPermissionIds": [
          "special_permit"
        ],
        "details": "Área protegida (Administración de Parques Nacionales). Vuelo de drones prohibido salvo permiso del organismo."
      },
      "geometry": {
        "type": "Point",
        "coordinates": [
          -58.25,
          -31.87
        ]
      }
    },
    {
      "type": "Feature",
      "properties": {
        "id": "park_el_rey",
        "name": "Parque Nacional El Rey",
        "categoryId": "national_park",
        "radiusMeters": 12000.0,
        "allowedPermissionIds": [
          "special_permit"
        ],
        "details": "Área protegida (Administración de Parques Nacionales). Vuelo de drones prohibido salvo permiso del organismo."
      },
      "geometry": {
        "type": "Point",
        "coordinates": [
          -64.63,
          -24.67
        ]
      }
    },
    {
      "type": "Feature",
      "properties": {
        "id": "park_ibera",
        "name": "Parque Nacional Iberá",
        "categoryId": "national_park",
        "radiusMeters": 25000.0,
        "allowedPermissionIds": [
          "special_permit"
        ],
        "details": "Área protegida (Administración de Parques Nacionales). Vuelo de drones prohibido salvo permiso del organismo."
      },
      "geometry": {
        "type": "Point",
        "coordinates": [
          -59.07,
          -27.93
        ]
      }
    },
    {
      "type": "Feature",
      "properties": {
        "id": "park_iguazu",
        "name": "Parque Nacional Iguazú",
        "categoryId": "national_park",
        "radiusMeters": 15000.0,
        "allowedPermissionIds": [
          "special_permit"
        ],
        "details": "Área protegida (Administración de Parques Nacionales). Vuelo de drones prohibido salvo permiso del organismo."
      },
      "geometry": {
        "type": "Point",
        "coordinates": [
          -54.34,
          -25.64
        ]
      }
    },
    {
      "type": "Feature",
      "properties": {
        "id": "park_islas_santa_fe",
        "name": "Parque Nacional Islas de Santa Fe",
        "categoryId": "national_park",
        "radiusMeters": 6000.0,
        "allowedPermissionIds": [
          "special_permit"
        ],
        "details": "Área protegida (Administración de Parques Nacionales). Vuelo de drones prohibido salvo permiso del organismo."
      },
      "geometry": {
        "type": "Point",
        "coordinates": [
          -60.71,
          -32.27
        ]
      }
    },
    {
      "type": "Feature",
      "properties": {
        "id": "park_islote_lobos",
        "name": "Parque Nacional Islote Lobos",
        "categoryId": "national_park",
        "radiusMeters": 8000.0,
        "allowedPermissionIds": [
          "special_permit"
        ],
        "details": "Área protegida (Administración de Parques Nacionales). Vuelo de drones prohibido salvo permiso del organismo."
      },
      "geometry": {
        "type": "Point",
        "coordinates": [
          -65.06,
          -41.44
        ]
      }
    },
    {
      "type": "Feature",
      "properties": {
        "id": "park_lago_puelo",
        "name": "Parque Nacional Lago Puelo",
        "categoryId": "national_park",
        "radiusMeters": 12000.0,
        "allowedPermissionIds": [
          "special_permit"
        ],
        "details": "Área protegida (Administración de Parques Nacionales). Vuelo de drones prohibido salvo permiso del organismo."
      },
      "geometry": {
        "type": "Point",
        "coordinates": [
          -71.69,
          -42.17
        ]
      }
    },
    {
      "type": "Feature",
      "properties": {
        "id": "park_laguna_blanca",
        "name": "Parque Nacional Laguna Blanca",
        "categoryId": "national_park",
        "radiusMeters": 8000.0,
        "allowedPermissionIds": [
          "special_permit"
        ],
        "details": "Área protegida (Administración de Parques Nacionales). Vuelo de drones prohibido salvo permiso del organismo."
      },
      "geometry": {
        "type": "Point",
        "coordinates": [
          -70.35,
          -39.03
        ]
      }
    },
    {
      "type": "Feature",
      "properties": {
        "id": "park_lanin",
        "name": "Parque Nacional Lanín",
        "categoryId": "national_park",
        "radiusMeters": 35000.0,
        "allowedPermissionIds": [
          "special_permit"
        ],
        "details": "Área protegida (Administración de Parques Nacionales). Vuelo de drones prohibido salvo permiso del organismo."
      },
      "geometry": {
        "type": "Point",
        "coordinates": [
          -71.48,
          -39.89
        ]
      }
    },
    {
      "type": "Feature",
      "properties": {
        "id": "park_lihue_calel",
        "name": "Parque Nacional Lihué Calel",
        "categoryId": "national_park",
        "radiusMeters": 12000.0,
        "allowedPermissionIds": [
          "special_permit"
        ],
        "details": "Área protegida (Administración de Parques Nacionales). Vuelo de drones prohibido salvo permiso del organismo."
      },
      "geometry": {
        "type": "Point",
        "coordinates": [
          -65.61,
          -37.95
        ]
      }
    },
    {
      "type": "Feature",
      "properties": {
        "id": "park_los_alerces",
        "name": "Parque Nacional Los Alerces",
        "categoryId": "national_park",
        "radiusMeters": 30000.0,
        "allowedPermissionIds": [
          "special_permit"
        ],
        "details": "Área protegida (Administración de Parques Nacionales). Vuelo de drones prohibido salvo permiso del organismo."
      },
      "geometry": {
        "type": "Point",
        "coordinates": [
          -71.87,
          -42.87
        ]
      }
    },
    {
      "type": "Feature",
      "properties": {
        "id": "park_los_arrayanes",
        "name": "Parque Nacional Los Arrayanes",
        "categoryId": "national_park",
        "radiusMeters": 6000.0,
        "allowedPermissionIds": [
          "special_permit"
        ],
        "details": "Área protegida (Administración de Parques Nacionales). Vuelo de drones prohibido salvo permiso del organismo."
      },
      "geometry": {
        "type": "Point",
        "coordinates": [
          -71.61,
          -40.83
        ]
      }
    },
    {
      "type": "Feature",
      "properties": {
        "id": "park_los_cardones",
        "name": "Parque Nacional Los Cardones",
        "categoryId": "national_park",
        "radiusMeters": 15000.0,
        "allowedPermissionIds": [
          "special_permit"
        ],
        "details": "Área protegida (Administración de Parques Nacionales). Vuelo de drones prohibido salvo permiso del organismo."
      },
      "geometry": {
        "type": "Point",
        "coordinates": [
          -65.92,
          -25.28
        ]
      }
    },
    {
      "type": "Feature",
      "properties": {
        "id": "park_los_glaciares",
        "name": "Parque Nacional Los Glaciares",
        "categoryId": "national_park",
        "radiusMeters": 40000.0,
        "allowedPermissionIds": [
          "special_permit"
        ],
        "details": "Área protegida (Administración de Parques Nacionales). Vuelo de drones prohibido salvo permiso del organismo."
      },
      "geometry": {
        "type": "Point",
        "coordinates": [
          -73.13,
          -50.0
        ]
      }
    },
    {
      "type": "Feature",
      "properties": {
        "id": "park_mburucuya",
        "name": "Parque Nacional Mburucuyá",
        "categoryId": "national_park",
        "radiusMeters": 8000.0,
        "allowedPermissionIds": [
          "special_permit"
        ],
        "details": "Área protegida (Administración de Parques Nacionales). Vuelo de drones prohibido salvo permiso del organismo."
      },
      "geometry": {
        "type": "Point",
        "coordinates": [
          -58.07,
          -28.02
        ]
      }
    },
    {
      "type": "Feature",
      "properties": {
        "id": "park_monte_leon",
        "name": "Parque Nacional Monte León",
        "categoryId": "national_park",
        "radiusMeters": 12000.0,
        "allowedPermissionIds": [
          "special_permit"
        ],
        "details": "Área protegida (Administración de Parques Nacionales). Vuelo de drones prohibido salvo permiso del organismo."
      },
      "geometry": {
        "type": "Point",
        "coordinates": [
          -68.9,
          -50.34
        ]
      }
    },
    {
      "type": "Feature",
      "properties": {
        "id": "park_nahuel_huapi",
        "name": "Parque Nacional Nahuel Huapi",
        "categoryId": "national_park",
        "radiusMeters": 35000.0,
        "allowedPermissionIds": [
          "special_permit"
        ],
        "details": "Área protegida (Administración de Parques Nacionales). Vuelo de drones prohibido salvo permiso del organismo."
      },
      "geometry": {
        "type": "Point",
        "coordinates": [
          -71.49,
          -40.87
        ]
      }
    },
    {
      "type": "Feature",
      "properties": {
        "id": "park_patagonia",
        "name": "Parque Nacional Patagonia",
        "categoryId": "national_park",
        "radiusMeters": 15000.0,
        "allowedPermissionIds": [
          "special_permit"
        ],
        "details": "Área protegida (Administración de Parques Nacionales). Vuelo de drones prohibido salvo permiso del organismo."
      },
      "geometry": {
        "type": "Point",
        "coordinates": [
          -71.32,
          -47.16
        ]
      }
    },
    {
      "type": "Feature",
      "properties": {
        "id": "park_perito_moreno",
        "name": "Parque Nacional Perito Moreno",
        "categoryId": "national_park",
        "radiusMeters": 20000.0,
        "allowedPermissionIds": [
          "special_permit"
        ],
        "details": "Área protegida (Administración de Parques Nacionales). Vuelo de drones prohibido salvo permiso del organismo."
      },
      "geometry": {
        "type": "Point",
        "coordinates": [
          -72.25,
          -47.92
        ]
      }
    },
    {
      "type": "Feature",
      "properties": {
        "id": "park_predelta",
        "name": "Parque Nacional Predelta",
        "categoryId": "national_park",
        "radiusMeters": 6000.0,
        "allowedPermissionIds": [
          "special_permit"
        ],
        "details": "Área protegida (Administración de Parques Nacionales). Vuelo de drones prohibido salvo permiso del organismo."
      },
      "geometry": {
        "type": "Point",
        "coordinates": [
          -60.63,
          -32.15
        ]
      }
    },
    {
      "type": "Feature",
      "properties": {
        "id": "park_quebrada_condorito",
        "name": "Parque Nacional Quebrada del Condorito",
        "categoryId": "national_park",
        "radiusMeters": 15000.0,
        "allowedPermissionIds": [
          "special_permit"
        ],
        "details": "Área protegida (Administración de Parques Nacionales). Vuelo de drones prohibido salvo permiso del organismo."
      },
      "geometry": {
        "type": "Point",
        "coordinates": [
          -64.77,
          -31.67
        ]
      }
    },
    {
      "type": "Feature",
      "properties": {
        "id": "park_rio_pilcomayo",
        "name": "Parque Nacional Río Pilcomayo",
        "categoryId": "national_park",
        "radiusMeters": 12000.0,
        "allowedPermissionIds": [
          "special_permit"
        ],
        "details": "Área protegida (Administración de Parques Nacionales). Vuelo de drones prohibido salvo permiso del organismo."
      },
      "geometry": {
        "type": "Point",
        "coordinates": [
          -58.13,
          -25.05
        ]
      }
    },
    {
      "type": "Feature",
      "properties": {
        "id": "park_san_guillermo",
        "name": "Parque Nacional San Guillermo",
        "categoryId": "national_park",
        "radiusMeters": 20000.0,
        "allowedPermissionIds": [
          "special_permit"
        ],
        "details": "Área protegida (Administración de Parques Nacionales). Vuelo de drones prohibido salvo permiso del organismo."
      },
      "geometry": {
        "type": "Point",
        "coordinates": [
          -69.29,
          -29.31
        ]
      }
    },
    {
      "type": "Feature",
      "properties": {
        "id": "park_sierra_quijadas",
        "name": "Parque Nacional Sierra de las Quijadas",
        "categoryId": "national_park",
        "radiusMeters": 15000.0,
        "allowedPermissionIds": [
          "special_permit"
        ],
        "details": "Área protegida (Administración de Parques Nacionales). Vuelo de drones prohibido salvo permiso del organismo."
      },
      "geometry": {
        "type": "Point",
        "coordinates": [
          -67.12,
          -32.55
        ]
      }
    },
    {
      "type": "Feature",
      "properties": {
        "id": "park_talampaya",
        "name": "Parque Nacional Talampaya",
        "categoryId": "national_park",
        "radiusMeters": 20000.0,
        "allowedPermissionIds": [
          "special_permit"
        ],
        "details": "Área protegida (Administración de Parques Nacionales). Vuelo de drones prohibido salvo permiso del organismo."
      },
      "geometry": {
        "type": "Point",
        "coordinates": [
          -68.01,
          -29.9
        ]
      }
    },
    {
      "type": "Feature",
      "properties": {
        "id": "park_tierra_del_fuego",
        "name": "Parque Nacional Tierra del Fuego",
        "categoryId": "national_park",
        "radiusMeters": 15000.0,
        "allowedPermissionIds": [
          "special_permit"
        ],
        "details": "Área protegida (Administración de Parques Nacionales). Vuelo de drones prohibido salvo permiso del organismo."
      },
      "geometry": {
        "type": "Point",
        "coordinates": [
          -68.47,
          -54.65
        ]
      }
    },
    {
      "type": "Feature",
      "properties": {
        "id": "park_traslasierra",
        "name": "Parque Nacional Traslasierra",
        "categoryId": "national_park",
        "radiusMeters": 15000.0,
        "allowedPermissionIds": [
          "special_permit"
        ],
        "details": "Área protegida (Administración de Parques Nacionales). Vuelo de drones prohibido salvo permiso del organismo."
      },
      "geometry": {
        "type": "Point",
        "coordinates": [
          -65.49,
          -31.15
        ]
      }
    }
  ]
}